case,replicate,required,repairers,failure_time,busy_area,capacity_time,queue_area
1,1,8,1,3363.439297220554,314.3674661733678,3363.439297220554,26.22022857293804
1,2,8,1,58077.51227024251,4602.679087381908,58077.51227024251,413.76261890447876
1,3,8,1,9228.625151081165,707.6213961044983,9228.625151081165,67.44401619229762
1,4,8,1,5674.016509309232,441.5431389641343,5674.016509309232,24.180352479160206
1,5,8,1,19681.63943298478,1618.6575518969635,19681.63943298478,118.25339992738203
1,6,8,1,3493.9493118502564,290.09740676231394,3493.9493118502564,44.17906242685013
1,7,8,1,13403.436004959085,1037.247954819175,13403.436004959085,80.84877704535137
1,8,8,1,7583.190837152942,633.0438207692519,7583.190837152942,58.94122865114571
1,9,8,1,24572.950331058728,2021.5357202015846,24572.950331058728,150.20261446304045
1,10,8,1,670.2386748156131,61.1180068611191,670.2386748156131,15.290884949462281
1,11,8,1,2331.330603791354,133.45928935238172,2331.330603791354,2.8969210560275265
1,12,8,1,22519.925992875545,1867.5171594408584,22519.925992875545,162.757388007944
1,13,8,1,35183.8121119795,2844.4604144743535,35183.8121119795,252.74491136636647
1,14,8,1,1669.7101770758961,121.66382581994391,1669.7101770758961,10.466771809270526
1,15,8,1,13921.83380289012,1113.7704043595093,13921.83380289012,119.6549861565625
1,16,8,1,13747.14337291322,1116.5306693478717,13747.14337291322,88.39301788439116
1,17,8,1,14028.170874040348,1086.692014609325,14028.170874040348,106.43795239871348
1,18,8,1,15994.899821176621,1275.220126183433,15994.899821176621,134.19057332448665
1,19,8,1,39197.79894241094,3133.7712913286487,39197.79894241094,284.29441154064943
1,20,8,1,47850.42651255342,3700.9287500960763,47850.42651255342,280.5345311571849
1,21,8,1,7472.18290020119,576.1181189033895,7472.18290020119,49.26257602327766
1,22,8,1,1941.6092199647765,134.94037831771314,1941.6092199647765,12.392636463874723
1,23,8,1,53458.48187109711,4228.383737062022,53458.48187109711,363.38712315946
1,24,8,1,2369.7263452320417,178.06552295113644,2369.7263452320417,11.378114595635978
1,25,8,1,7864.21195884101,660.4487072417487,7864.21195884101,52.30212821998672
1,26,8,1,38114.61087550516,3089.9368538450917,38114.61087550516,238.32327734004605
1,27,8,1,60294.73065035203,4679.389618964247,60294.73065035203,348.0626894300815
1,28,8,1,1991.7135350013448,194.6159330906957,1991.7135350013448,23.332476601085958
1,29,8,1,38319.63207986025,3070.599058844282,38319.63207986025,254.19667062057607
1,30,8,1,55497.81663556893,4369.686827721177,55497.81663556893,343.3819481040552
1,31,8,1,23877.063422899857,1982.1484555884417,23877.063422899857,175.67494072714538
1,32,8,1,7468.828501182587,603.4403783181262,7468.828501182587,51.12899345892326
1,33,8,1,42967.13895793081,3382.864633228773,42967.13895793081,279.92237019776394
1,34,8,1,1724.1295844273986,136.53972441270088,1724.1295844273986,18.347779126080923
1,35,8,1,16340.10154045866,1297.2613135542997,16340.10154045866,111.22404626385372
1,36,8,1,22279.768136408056,1787.974031008235,22279.768136408056,134.5372780939869
1,37,8,1,1390.0967615395812,116.1494603071543,1390.0967615395812,13.486467623329133
1,38,8,1,30498.4241893596,2478.386949833083,30498.4241893596,216.71322170632666
1,39,8,1,8630.865344996548,714.6255703759335,8630.865344996548,62.960499296752175
1,40,8,1,13851.156734535529,1136.7529579668646,13851.156734535529,91.31747169603955
2,1,12,1,405.2642537092622,53.62013107629036,405.2642537092622,8.629702797016321
2,2,12,1,646.2578848242869,95.53055347035237,646.2578848242869,20.592912374527906
2,3,12,1,5577.21124218861,683.6111930266676,5577.21124218861,84.68234273614503
2,4,12,1,9204.082910726098,1163.8617733001117,9204.082910726098,159.71807037745367
2,5,12,1,10353.896707105923,1305.2321469646479,10353.896707105923,208.7167618583681
2,6,12,1,2152.892999232919,261.4841038831799,2152.892999232919,31.137053118791002
2,7,12,1,5110.710625929422,671.5932859018367,5110.710625929422,112.88734497093355
2,8,12,1,9645.272689569087,1179.200641364429,9645.272689569087,164.35005161513902
2,9,12,1,16568.207257037164,1925.2529900838986,16568.207257037164,232.76691746448765
2,10,12,1,2161.6909743398373,298.05370842026383,2161.6909743398373,51.077346640025894
2,11,12,1,298.18565614211,41.11966200066404,298.18565614211,3.3627805494371614
2,12,12,1,781.9336016577168,112.50022456290695,781.9336016577168,24.46339062924666
2,13,12,1,8865.443815309234,1041.4084973834142,8865.443815309234,136.6653991948932
2,14,12,1,16881.918962373416,2030.5245537541196,16881.918962373416,268.5900398787717
2,15,12,1,5907.7375815700725,672.3504840581784,5907.7375815700725,77.38820414022713
2,16,12,1,7027.446248975173,792.1153454329956,7027.446248975173,95.95963207010492
2,17,12,1,10021.308379384263,1162.1923369700453,10021.308379384263,114.04765744365986
2,18,12,1,9579.226313398194,1155.4742941980412,9579.226313398194,151.76951075282315
2,19,12,1,1611.3139813438092,234.18682793920874,1611.3139813438092,26.99995309969111
2,20,12,1,7027.605341246611,854.2148209419931,7027.605341246611,121.85508181695074
2,21,12,1,5640.701138055558,680.910365194181,5640.701138055558,88.54292580943022
2,22,12,1,2344.1781282776706,293.88116114654486,2344.1781282776706,46.344945428141685
2,23,12,1,2169.2359220765698,247.62447892055576,2169.2359220765698,27.1902162792683
2,24,12,1,1940.609794966768,277.50287303394396,1940.609794966768,30.765203175905764
2,25,12,1,2943.6798509011874,356.5533857805765,2943.6798509011874,46.3128488221246
2,26,12,1,3176.298202697472,399.1435423026701,3176.298202697472,57.10685012865405
2,27,12,1,6458.883912225474,773.022456578478,6458.883912225474,94.77379129930188
2,28,12,1,32571.84376774873,3832.7341462918334,32571.84376774873,452.2561176147307
2,29,12,1,7896.116849448354,903.1156916594315,7896.116849448354,112.17903509337785
2,30,12,1,2422.7640998035063,284.07775633397625,2422.7640998035063,37.39348721624327
2,31,12,1,25401.977441692474,2978.9829423987167,25401.977441692474,307.6554969904454
2,32,12,1,6096.33272176381,673.8897332176255,6096.33272176381,57.94916237886332
2,33,12,1,580.2450467144861,62.82881858610045,580.2450467144861,15.850822281461674
2,34,12,1,765.6953796256373,69.5844371960593,765.6953796256373,7.153098883143799
2,35,12,1,4617.130895457975,503.67443404765277,4617.130895457975,74.60918139849746
2,36,12,1,1059.0050355314954,130.41911901746033,1059.0050355314954,23.96464626022869
2,37,12,1,8110.205361826557,917.2532861684558,8110.205361826557,106.64859481967969
2,38,12,1,23089.32741810596,2751.5763229880304,23089.32741810596,339.1947201611414
2,39,12,1,5381.107455223392,631.7297625639903,5381.107455223392,86.14376113642561
2,40,12,1,10713.875123175336,1205.2265223574689,10713.875123175336,114.70077837084868
3,1,20,1,545.9062621560722,86.6818653393612,545.9062621560722,12.738406302752729
3,2,20,1,178.62362798873266,43.29761201863155,178.62362798873266,11.319552978130387
3,3,20,1,1097.1530451179833,243.536818568834,1097.1530451179833,49.64623514032621
3,4,20,1,436.98691169387274,89.31343933203564,436.98691169387274,29.921926562883264
3,5,20,1,890.786211104055,159.13390282227653,890.786211104055,33.42470020970574
3,6,20,1,1234.8548710848922,232.53801388877167,1234.8548710848922,53.05769718511449
3,7,20,1,176.43296085532862,36.95251186674963,176.43296085532862,4.322282125007824
3,8,20,1,324.2402532783553,67.42483175092889,324.2402532783553,21.501145018306325
3,9,20,1,1088.2501773855945,223.52006521909152,1088.2501773855945,57.78437264749314
3,10,20,1,150.69406634520917,30.362294729474684,150.69406634520917,3.0974675868212533
3,11,20,1,167.12768450436963,31.378061657736204,167.12768450436963,3.330497663801473
3,12,20,1,153.4931629740574,40.742759531235706,153.4931629740574,19.47372156354659
3,13,20,1,1233.7422393846946,235.66152583549143,1233.7422393846946,33.49321229812725
3,14,20,1,537.6233714161584,105.00463417816262,537.6233714161584,29.53967547872802
3,15,20,1,197.02700367258092,46.471199923240704,197.02700367258092,10.078611388829389
3,16,20,1,85.44339582606555,28.090083490351432,85.44339582606555,19.755434135812838
3,17,20,1,179.00596561235287,47.59705768408683,179.00596561235287,12.818678773104756
3,18,20,1,7557.953597607267,1493.234077164219,7557.953597607267,312.74740668192504
3,19,20,1,642.4006642379287,118.24104631872491,642.4006642379287,16.197144907307973
3,20,20,1,474.2215059525942,82.02628615006758,474.2215059525942,31.77923820159071
3,21,20,1,58.97397665271739,12.93368392863408,58.97397665271739,3.9751432280172274
3,22,20,1,403.42543568481267,102.41187067086103,403.42543568481267,15.46214498437195
3,23,20,1,741.2328237185562,137.75303520858216,741.2328237185562,26.37115659253861
3,24,20,1,241.0725325076856,42.15127555839337,241.0725325076856,7.9532946160015925
3,25,20,1,3798.377083004581,799.6735217464833,3798.377083004581,183.42405841483824
3,26,20,1,1475.585106993314,293.4502156121023,1475.585106993314,51.49489028544493
3,27,20,1,87.39075707738414,15.206420012854721,87.39075707738414,10.115975614928502
3,28,20,1,3039.7650832815084,631.4961612011507,3039.7650832815084,119.83047343653554
3,29,20,1,80.81756532501979,11.64940436672481,80.81756532501979,2.252185178962142
3,30,20,1,1028.8128258406605,173.99982872516694,1028.8128258406605,25.89463873435198
3,31,20,1,4360.808476388348,881.2540206033087,4360.808476388348,154.95960650490377
3,32,20,1,191.965211553059,32.54605742509242,191.965211553059,6.885637275912334
3,33,20,1,906.7539238219686,203.9499273135167,906.7539238219686,31.915088912595017
3,34,20,1,661.9424831489476,108.24816819417808,661.9424831489476,21.59510225673411
3,35,20,1,217.1048434251187,21.282029887643084,217.1048434251187,2.3925444884671236
3,36,20,1,517.5940369190683,108.60720358436907,517.5940369190683,27.175525378303288
3,37,20,1,2943.0905619956516,580.8920141373264,2943.0905619956516,108.72028079842474
3,38,20,1,140.9161030821284,30.780706717663367,140.9161030821284,15.369065845952985
3,39,20,1,992.7278721993747,188.88715853100211,992.7278721993747,25.196775346159544
3,40,20,1,1234.202033246824,250.28505223825923,1234.202033246824,34.74388092760439
4,1,8,2,10420.30786702296,804.8128860141012,20840.61573404592,1.490522439851702
4,2,8,2,123675.87565508962,10181.358995101014,247351.75131017924,16.524923835337404
4,3,8,2,3492.333093202906,247.39073569713315,6984.666186405812,0.5942883588736549
4,4,8,2,89356.52200811065,7278.5363323591155,178713.0440162213,10.24117377056291
4,5,8,2,107672.80051359383,8635.513897162044,215345.60102718766,12.652372526759791
4,6,8,2,123981.33220703588,9902.769869121506,247962.66441407177,15.55614908291682
4,7,8,2,299673.01162414864,23484.271663758544,599346.0232482973,29.102821275497746
4,8,8,2,114068.3169866656,9066.402623984603,228136.6339733312,13.621280426983503
4,9,8,2,65289.82958417245,5274.915794036906,130579.6591683449,12.649611629887659
4,10,8,2,324268.26736845967,25760.49111547214,648536.5347369193,43.21056884581776
4,11,8,2,134170.70430990573,10700.343778668015,268341.40861981147,17.312441861094612
4,12,8,2,391927.87077081855,31474.33965933095,783855.7415416371,31.37074173855103
4,13,8,2,151629.8005797096,11883.173467638444,303259.6011594192,16.78852630548363
4,14,8,2,18510.852574150333,1513.9340827871297,37021.705148300665,2.2060553759511095
4,15,8,2,617825.0325659903,49187.52874183341,1.2356500651319807e6,71.92639448219373
4,16,8,2,59248.60091168703,4662.349792657598,118497.20182337405,5.990183001162222
4,17,8,2,2889.3118046527325,255.32731275043005,5778.623609305465,1.5186215028784817
4,18,8,2,399332.48630695377,32054.792723517632,798664.9726139075,46.79241454728208
4,19,8,2,37577.19712779789,2857.2233944104146,75154.39425559578,1.4616630785367306
4,20,8,2,154798.39967951522,12263.214422421428,309596.79935903044,17.308865670524483
4,21,8,2,138673.84516586066,10933.914480333277,277347.69033172133,10.759037180282121
4,22,8,2,64102.957915139246,5207.803998609845,128205.91583027849,12.797482558518823
4,23,8,2,185143.9689183988,14652.919947664235,370287.9378367976,19.929475031347465
4,24,8,2,325461.05657930794,26277.916672926334,650922.1131586159,37.588094550762435
4,25,8,2,2874.536734717528,251.2170315079241,5749.073469435056,0.7501447694253329
4,26,8,2,240748.39380233354,18976.41312292113,481496.7876046671,27.35247808280019
4,27,8,2,104371.30173806041,8510.954470167368,208742.60347612083,8.389921615836101
4,28,8,2,22356.39983400805,1797.171035309602,44712.7996680161,2.8851038299608263
4,29,8,2,60687.88071877543,4750.569646248694,121375.76143755086,7.739158757655601
4,30,8,2,56994.50151442225,4443.831601071188,113989.0030288445,5.983075536233457
4,31,8,2,393615.4630234601,31095.64813971782,787230.9260469202,33.41642968826636
4,32,8,2,85472.95620268791,6958.814168868167,170945.91240537583,9.45561964201977
4,33,8,2,38849.27612953396,3169.4077601817426,77698.55225906792,6.527022103421473
4,34,8,2,5413.315707868176,434.9689993963953,10826.631415736352,0.7100821868771163
4,35,8,2,105162.4537890837,8156.134487870906,210324.9075781674,15.80042686039269
4,36,8,2,11790.225312768507,970.3328121355823,23580.450625537014,0.818206175525745
4,37,8,2,26572.63111199941,2067.2140723827074,53145.26222399882,2.145771216438334
4,38,8,2,5879.055873386365,452.61555995079806,11758.11174677273,3.045953797295397
4,39,8,2,26075.083636603344,2161.7051399626744,52150.16727320669,2.232998232861064
4,40,8,2,12948.641227096346,1036.1191718932178,25897.282454192693,0.23171935006030253
5,1,12,2,77731.22134972957,9292.044296939292,155462.44269945915,24.61266399191709
5,2,12,2,8231.879721739511,1010.9890521841946,16463.759443479023,2.0174933591133595
5,3,12,2,58254.91825851863,7055.698627283653,116509.83651703726,18.808993381821438
5,4,12,2,17176.600672018645,1980.8485383352468,34353.20134403729,5.735052257462485
5,5,12,2,1077.7772518784611,142.6718127677027,2155.5545037569223,1.18097186875616
5,6,12,2,3256.0582332299996,350.0213013357911,6512.116466459999,0.9935370031400907
5,7,12,2,80255.43818100762,9797.841757298504,160510.87636201523,26.443780888493393
5,8,12,2,1122.1276435067393,142.55899227929243,2244.2552870134787,1.184397448519917
5,9,12,2,1487.278154421826,183.93437314826056,2974.556308843652,0.005781608751476597
5,10,12,2,17519.18378169292,2080.880825517017,35038.36756338584,5.562077558833039
5,11,12,2,12557.000097832684,1518.4167803550113,25114.00019566537,6.354489199434284
5,12,12,2,11062.090443531133,1387.2352477197628,22124.180887062266,5.236843678747846
5,13,12,2,39803.84198653747,4742.629781598271,79607.68397307493,9.380142436616438
5,14,12,2,1062.266000916889,102.51863598428245,2124.532001833778,0.3850355706224491
5,15,12,2,4589.321285528879,543.913692268861,9178.642571057759,0.2155533734157871
5,16,12,2,6522.853365671384,849.0956554841949,13045.706731342769,2.0821229563316592
5,17,12,2,49495.85213430189,5777.56287849788,98991.70426860377,12.364611454966052
5,18,12,2,15366.650566528186,1893.82286663311,30733.30113305637,7.141472204024012
5,19,12,2,14711.880371655989,1710.5264067549388,29423.760743311977,8.876894751962165
5,20,12,2,8273.18963550508,959.7780538171769,16546.37927101016,2.6291653064509717
5,21,12,2,16930.47036627787,2067.2671964877372,33860.94073255574,7.012083002392046
5,22,12,2,6649.484119227494,828.8312078293228,13298.968238454989,3.64863905548043
5,23,12,2,413.62951328131584,54.28349361917502,827.2590265626317,2.4523111526514754
5,24,12,2,4420.582859386388,590.7437721504533,8841.165718772776,2.118726183841545
5,25,12,2,256.68412803282797,31.88735995916278,513.3682560656559,0.6247356393801056
5,26,12,2,3128.033349496301,444.8677347107944,6256.066698992602,3.1111376213627433
5,27,12,2,10499.54892642515,1286.8340983276287,20999.0978528503,3.609957490484817
5,28,12,2,19915.867068837983,2338.2075944297208,39831.734137675965,4.436092855227798
5,29,12,2,24668.695273489237,2941.9635372471444,49337.39054697847,8.162717308563288
5,30,12,2,23632.550853352703,2817.7228611610544,47265.101706705405,11.152106887307582
5,31,12,2,50794.42621685404,6276.486264638399,101588.85243370807,15.891924293497368
5,32,12,2,13869.974746878086,1764.2830802346307,27739.949493756172,3.915937454556684
5,33,12,2,28603.080922824305,3534.618263757897,57206.16184564861,8.971936170345543
5,34,12,2,80606.1073022303,9340.843150058194,161212.2146044606,22.14494336136704
5,35,12,2,6883.718995452478,808.0433056498335,13767.437990904957,3.6832486325202893
5,36,12,2,27921.4662056244,3265.075241720313,55842.9324112488,4.034351334640405
5,37,12,2,13040.210167654819,1510.506651903905,26080.420335309638,5.908206662292741
5,38,12,2,17844.063147477325,2243.135835876477,35688.12629495465,9.371735633285653
5,39,12,2,61806.930981555524,7459.204030847227,123613.86196311105,20.688773711155704
5,40,12,2,25075.600252071694,2966.2156027672836,50151.20050414339,7.40099096526194
6,1,20,2,186.56753941406828,39.41583098011267,373.13507882813656,0.11373173912514112
6,2,20,2,14225.301169321006,2857.5802507675085,28450.602338642013,28.645356807476503
6,3,20,2,109.19556332322341,14.034835979299594,218.39112664644682,0.05150640509853588
6,4,20,2,7365.780744753393,1448.5108066694384,14731.561489506787,8.01762932449256
6,5,20,2,1190.0227988950335,251.10012903101534,2380.045597790067,1.9494882549853685
6,6,20,2,1329.1021939896386,282.5210706814407,2658.2043879792773,2.8141647671976386
6,7,20,2,4917.4902122880985,1029.9942667345554,9834.980424576197,6.397699013557258
6,8,20,2,8707.732869223146,1738.6387705437714,17415.46573844629,14.156406714477612
6,9,20,2,1746.3797460546523,328.86666085330944,3492.7594921093046,1.0568568755325316
6,10,20,2,5027.423163221221,990.6161556806944,10054.846326442443,4.323564733557532
6,11,20,2,28.045140749778994,11.198812224541872,56.09028149955799,0.26132103409296903
6,12,20,2,4050.4138671836304,788.4809896698109,8100.827734367261,5.345549078223939
6,13,20,2,9364.889396218554,1888.2774396394457,18729.778792437108,10.767298671492455
6,14,20,2,4371.833927078633,872.9976661256825,8743.667854157266,6.5704560212263345
6,15,20,2,1504.5776963603514,293.93925664209394,3009.155392720703,1.4951080334081441
6,16,20,2,1648.3462292122686,365.66417810664115,3296.692458424537,2.8481214124301175
6,17,20,2,2909.554248808241,574.825622511175,5819.108497616482,2.570076013668995
6,18,20,2,1987.1579404064883,380.03731173896983,3974.3158808129765,3.096054465060436
6,19,20,2,13696.048973542811,2706.01208243061,27392.097947085622,21.39006464577409
6,20,20,2,9472.508616638825,1860.256900460034,18945.01723327765,15.274447525075631
6,21,20,2,8266.912251978385,1729.8394094362234,16533.82450395677,10.597846387003074
6,22,20,2,212.14830174644558,59.09929972953267,424.29660349289117,1.981474540177345
6,23,20,2,1326.612452690592,283.28176973167706,2653.224905381184,0.7936545989404493
6,24,20,2,719.3893251573016,89.84933186748638,1438.7786503146033,0.9650830211442099
6,25,20,2,10247.73943181968,1986.8225361102473,20495.47886363936,22.48165664156103
6,26,20,2,1826.1925117652047,328.0502157382459,3652.3850235304094,2.0081112042941527
6,27,20,2,1914.8097695737629,408.82682483907945,3829.6195391475258,1.6379586946940634
6,28,20,2,2124.4766631498383,434.93327166181876,4248.9533262996765,3.8477471296157546
6,29,20,2,6635.216359821754,1339.2520292844133,13270.432719643508,6.144718103906143
6,30,20,2,3464.4151229999247,730.9011299978392,6928.8302459998495,7.18001412599466
6,31,20,2,9908.541337242033,1966.7874823975371,19817.082674484067,15.136961827275911
6,32,20,2,2732.998329264452,492.08396784633686,5465.996658528904,2.5971062851455713
6,33,20,2,6929.043794287389,1411.0845306915835,13858.087588574777,9.043691719748992
6,34,20,2,1721.5468399943973,300.78642034433125,3443.0936799887945,0.8575962144497139
6,35,20,2,921.8480436085634,193.26023523049275,1843.696087217127,1.3324509498122055
6,36,20,2,3621.624907598852,682.1089818664299,7243.249815197704,4.323609638068547
6,37,20,2,4709.45877024214,914.5197281008395,9418.91754048428,7.40070125904127
6,38,20,2,1034.2003792250464,243.09185721489766,2068.400758450093,0.5302138424317206
6,39,20,2,1193.6127139566195,227.99026693942193,2387.225427913239,2.3061384938320657
6,40,20,2,892.0678069841682,177.32389070466985,1784.1356139683364,1.6032711233194163
7,1,8,3,8214.132002920382,687.5789287788789,24642.396008761145,0.0
7,2,8,3,8218.342186608128,703.1560716359377,24655.026559824386,0.0
7,3,8,3,236754.06826735343,19197.159117302082,710262.2048020603,0.0
7,4,8,3,85411.81322325899,6738.386774856112,256235.43966977694,0.0
7,5,8,3,219761.00729389067,17479.61472717042,659283.021881672,0.0
7,6,8,3,17621.1731105616,1424.3402554379666,52863.5193316848,0.0
7,7,8,3,48711.39767462889,3970.323513606785,146134.19302388668,0.0
7,8,8,3,45484.09763900923,3760.582708289986,136452.2929170277,0.0
7,9,8,3,22602.91978783355,1845.1425452384617,67808.75936350065,0.0
7,10,8,3,979.7822077446378,88.2062850426256,2939.3466232339133,0.0
7,11,8,3,33542.989874571926,2649.8030413224046,100628.96962371578,0.0
7,12,8,3,140224.75972795434,11434.441219335831,420674.279183863,0.0
7,13,8,3,12454.000979259083,1093.731078223802,37362.002937777244,0.0
7,14,8,3,2256.296327661638,161.73801535891573,6768.888982984914,0.0
7,15,8,3,68427.71608301265,5367.542390363792,205283.14824903797,0.0
7,16,8,3,46104.03281166249,3723.3034140145182,138312.09843498748,0.0
7,17,8,3,71984.03634690911,5913.357573940676,215952.10904072732,0.0
7,18,8,3,111387.05705924997,8891.105830400003,334161.17117774993,0.0
7,19,8,3,202725.711623551,15941.4764363374,608177.134870653,0.0
7,20,8,3,13384.154782018955,985.0271845075606,40152.46434605686,0.0
7,21,8,3,100259.1296108718,8155.328395373503,300777.3888326154,0.0
7,22,8,3,60288.74870488546,4819.333139861531,180866.2461146564,0.0
7,23,8,3,21898.20223855138,1717.5672503792507,65694.60671565414,0.0
7,24,8,3,47500.323514098636,3799.161104469047,142500.9705422959,0.0
7,25,8,3,17997.957664877464,1448.1182187296938,53993.87299463239,0.0
7,26,8,3,32376.86659059702,2680.7589285379304,97130.59977179105,0.0
7,27,8,3,186396.45481948348,14853.960704549068,559189.3644584505,0.0
7,28,8,3,112731.14233561444,8982.879016335783,338193.4270068433,0.0
7,29,8,3,345803.5276749684,27779.243163943982,1.0374105830249053e6,0.0
7,30,8,3,6791.537730330828,523.0739534103141,20374.613190992484,0.0
7,31,8,3,459014.7454136672,36901.6386616243,1.3770442362410016e6,0.0
7,32,8,3,42980.79608659045,3427.172322727164,128942.38825977137,0.0
7,33,8,3,78553.9464487239,6425.816241032319,235661.8393461717,0.0
7,34,8,3,306998.25232647214,24419.89485502219,920994.7569794164,0.0
7,35,8,3,49933.05974087705,4201.755869152602,149799.17922263115,0.0
7,36,8,3,264687.0201944207,21423.297015310072,794061.0605832621,0.0
7,37,8,3,67966.86745987779,5237.392455581376,203900.60237963335,0.0
7,38,8,3,67553.88298333206,5228.531480886667,202661.6489499962,0.0
7,39,8,3,255069.1689958938,20406.20692065173,765207.5069876814,0.0
7,40,8,3,41467.87727247714,3180.137629853045,124403.63181743142,0.0
8,1,12,3,14440.83475088521,1754.4920534186724,43322.50425265563,0.0
8,2,12,3,17201.620287026904,2126.34895073362,51604.86086108071,0.0
8,3,12,3,113519.20034660005,13281.251699131763,340557.60103980015,0.0
8,4,12,3,6898.563650100583,779.9799341276248,20695.69095030175,0.0
8,5,12,3,2698.216337687238,281.22197857955945,8094.649013061715,0.0
8,6,12,3,38928.11498985752,4470.000967918268,116784.34496957256,0.0
8,7,12,3,18181.458230669123,2179.3172679204854,54544.37469200737,0.0
8,8,12,3,16689.09385158582,1976.9357947641051,50067.281554757465,0.0
8,9,12,3,8176.181995350893,977.4398161508524,24528.54598605268,0.0
8,10,12,3,448.5163207334234,60.331719844738274,1345.5489622002701,0.0
8,11,12,3,14014.287221314873,1759.4398023179758,42042.86166394462,0.0
8,12,12,3,24806.42663136625,3157.2903491118277,74419.27989409874,0.0
8,13,12,3,72484.98997579484,8613.944926057457,217454.96992738452,0.0
8,14,12,3,10434.115832987318,1257.9304885649592,31302.347498961954,0.0
8,15,12,3,12957.728605847657,1585.9147387172618,38873.185817542966,0.0
8,16,12,3,5917.418175041856,682.9702366480935,17752.254525125565,0.0
8,17,12,3,34486.99149091031,4158.418096218881,103460.97447273093,0.0
8,18,12,3,2046.8181018438452,237.02337147221712,6140.454305531535,0.0
8,19,12,3,53468.488624975005,6154.5519397140915,160405.46587492502,0.0
8,20,12,3,62818.50721230686,7633.355698397298,188455.52163692057,0.0
8,21,12,3,16912.064101483917,2054.9274624293444,50736.192304451746,0.0
8,22,12,3,35636.42150509749,4256.223510537014,106909.26451529247,0.0
8,23,12,3,80744.31035904962,9872.331296973702,242232.93107714885,0.0
8,24,12,3,17583.27951069188,2074.8963435291107,52749.838532075635,0.0
8,25,12,3,31977.75952359292,3840.2622485682873,95933.27857077876,0.0
8,26,12,3,2538.7627897462685,290.11766459484676,7616.288369238806,0.0
8,27,12,3,91519.90311345313,10702.821721237498,274559.7093403594,0.0
8,28,12,3,6624.599865965807,778.310259149924,19873.79959789742,0.0
8,29,12,3,13444.39855940103,1604.5541281274968,40333.19567820309,0.0
8,30,12,3,4031.469017633613,445.65325007616514,12094.407052900839,0.0
8,31,12,3,33611.239237642316,3930.990111353692,100833.71771292694,0.0
8,32,12,3,935.6359349939285,106.78688442780553,2806.9078049817854,0.0
8,33,12,3,16519.664466864644,1955.4241052678303,49558.99340059393,0.0
8,34,12,3,353.27927975956885,54.25857565663669,1059.8378392787065,0.0
8,35,12,3,975.8481431066352,93.85771158713804,2927.5444293199057,0.0
8,36,12,3,57095.94425397537,6912.060542497265,171287.8327619261,0.0
8,37,12,3,64534.658516576776,7839.430829137281,193603.97554973033,0.0
8,38,12,3,36562.02739872854,4548.340475525507,109686.08219618563,0.0
8,39,12,3,3166.092332457438,393.252260255569,9498.276997372313,0.0
8,40,12,3,64846.06987703319,8066.191414808954,194538.20963109957,0.0
9,1,20,3,123.80730251358983,24.84291602286241,371.4219075407695,0.0
9,2,20,3,455.30110040524534,108.66756849790218,1365.903301215736,0.0
9,3,20,3,17.338278600891318,2.5108713333426045,52.01483580267396,0.0
9,4,20,3,13592.4117779034,2758.2141046626066,40777.2353337102,0.0
9,5,20,3,1868.6429986976873,365.1162370531175,5605.928996093062,0.0
9,6,20,3,17040.799588791,3408.6788853775556,51122.398766373,0.0
9,7,20,3,13792.898696009077,2918.01592866003,41378.69608802723,0.0
9,8,20,3,1353.2622327019212,233.37024238911283,4059.7866981057637,0.0
9,9,20,3,1774.1428735023171,349.6449723719574,5322.428620506951,0.0
9,10,20,3,1132.7120378978605,229.2219598279852,3398.136113693581,0.0
9,11,20,3,9882.113845990649,2128.657913120888,29646.341537971944,0.0
9,12,20,3,587.2106739924126,121.01102368285417,1761.6320219772379,0.0
9,13,20,3,301.26914065887485,56.99248403308296,903.8074219766245,0.0
9,14,20,3,4480.389307641233,842.2884517463558,13441.1679229237,0.0
9,15,20,3,10414.527978697646,2084.626327702157,31243.58393609294,0.0
9,16,20,3,718.2340943071763,168.53713041464601,2154.702282921529,0.0
9,17,20,3,584.5406902059066,128.65717582007719,1753.6220706177196,0.0
9,18,20,3,2424.938407505697,460.9489003586776,7274.815222517091,0.0
9,19,20,3,4962.818504774872,1022.315925120602,14888.455514324616,0.0
9,20,20,3,5435.767105671917,1092.881721390213,16307.301317015752,0.0
9,21,20,3,15212.909517552787,3051.8938925387756,45638.72855265836,0.0
9,22,20,3,1021.5362023622728,211.67487730817072,3064.608607086818,0.0
9,23,20,3,18209.735446008195,3539.59393439417,54629.20633802458,0.0
9,24,20,3,1266.3802761325032,207.9594104662365,3799.1408283975097,0.0
9,25,20,3,5459.07176218138,1089.243416657087,16377.21528654414,0.0
9,26,20,3,955.6452922594935,183.3611257979434,2866.9358767784806,0.0
9,27,20,3,6583.291104920556,1313.4796869976708,19749.873314761666,0.0
9,28,20,3,7587.763185973468,1515.5648107311538,22763.289557920405,0.0
9,29,20,3,1823.9855676147604,346.48241802477185,5471.956702844282,0.0
9,30,20,3,15995.959617020339,3194.010657779294,47987.87885106102,0.0
9,31,20,3,9910.951303353853,1803.7969747242942,29732.85391006156,0.0
9,32,20,3,209.16628427129444,52.02598660083612,627.4988528138833,0.0
9,33,20,3,4295.741596957439,882.2804585144123,12887.224790872315,0.0
9,34,20,3,8097.843808062807,1594.8144612369592,24293.53142418842,0.0
9,35,20,3,401.64853158384443,93.03220546405684,1204.9455947515332,0.0
9,36,20,3,7259.208446439476,1517.2555949357793,21777.625339318427,0.0
9,37,20,3,989.9090519549744,178.53592407340304,2969.727155864923,0.0
9,38,20,3,256.0526155114346,57.490065073312486,768.1578465343039,0.0
9,39,20,3,2322.047800029536,442.20634474108317,6966.143400088608,0.0
9,40,20,3,3116.2077204583743,675.5731311719901,9348.623161375122,0.0
