time,S,I,R
0.0,990,10,0
0.0003305495122014264,989,11,0
0.000709575426511075,988,12,0
0.000825393558540722,987,13,0
0.0010036408997665077,986,14,0
0.0010263174953972474,985,15,0
0.0011083650092037144,984,16,0
0.001312261195286612,983,17,0
0.0013321657892486937,982,18,0
0.001426534352866172,981,19,0
0.00186159332848316,980,20,0
0.0019492466890400854,979,21,0
0.0019678440861951034,978,22,0
0.002377711313056239,977,23,0
0.002441048364355524,976,24,0
0.0025946694363443664,975,25,0
0.002669074073691541,974,26,0
0.0028323524361341876,973,27,0
0.0029264112874985114,972,28,0
0.0029411445930416992,971,29,0
0.0030223926314929452,970,30,0
0.003108758450063188,969,31,0
0.0032136717443717517,968,32,0
0.0032220208421865886,967,33,0
0.003298910979327483,966,34,0
0.003474880426828791,965,35,0
0.0034941019207765287,964,36,0
0.003523527976409865,963,37,0
0.00362866074858633,962,38,0
0.0036648238856373788,961,39,0
0.0036814454106674447,960,40,0
0.0037193494918228453,959,41,0
0.0038009171666639955,958,42,0
0.0038182118402595743,957,43,0
0.003844783973199142,956,44,0
0.003859910688439143,955,45,0
0.0040114861897690155,954,46,0
0.004033335284777604,953,47,0
0.0041233734664311746,952,48,0
0.0041555107427703325,951,49,0
0.004357940276914158,950,50,0
0.004384641687442397,949,51,0
0.00447346449489575,948,52,0
0.00460847606962073,947,53,0
0.004618907616472206,946,54,0
0.0046272644075953644,945,55,0
0.004718126505439892,944,56,0
0.00477911832987779,943,57,0
0.0048592014756069744,942,58,0
0.004884278381057936,941,59,0
0.004889736601216083,940,60,0
0.0049784874377663485,939,61,0
0.005044407095057639,938,62,0
0.005066490987118562,937,63,0
0.0050978186760721285,936,64,0
0.005185339247026188,935,65,0
0.005250971925697612,934,66,0
0.0052917747187098555,933,67,0
0.00531269228992957,932,68,0
0.0053258356932652925,931,69,0
0.005334707132290156,930,70,0
0.00535424989918875,929,71,0
0.005388989607708126,928,72,0
0.0054296174566379266,927,73,0
0.005541268345992818,926,74,0
0.005572348796317393,925,75,0
0.005674315638053194,924,76,0
0.005675233748816335,923,77,0
0.0057461758336724055,922,78,0
0.005753771309949652,921,79,0
0.0058291188469707265,920,80,0
0.005836853025612306,919,81,0
0.005837063233264757,918,82,0
0.005842037448992353,917,83,0
0.005856749729550837,916,84,0
0.005866290282130807,915,85,0
0.005887696044102617,914,86,0
0.005926936868848408,913,87,0
0.005974482346160401,912,88,0
0.005981857292667064,911,89,0
0.006020680940515842,910,90,0
0.0060588383217710096,909,91,0
0.006209209265773837,908,92,0
0.0062238288608347575,907,93,0
0.006287512704439875,906,94,0
0.00630386477315218,905,95,0
0.006338808389898452,904,96,0
0.006356192355889282,903,97,0
0.006399262966536085,902,98,0
0.0064624789558215615,901,99,0
0.006489504413388952,900,100,0
0.006508959388216631,899,101,0
0.006565836024957611,898,102,0
0.006591915789671519,897,103,0
0.006602793205507882,896,104,0
0.00661467010133766,895,105,0
0.006633618075285385,894,106,0
0.006669208528455473,893,107,0
0.0066870321387770245,892,108,0
0.00669232399258993,891,109,0
0.006703512347222581,890,110,0
0.006729457428082106,889,111,0
0.006760443533678968,888,112,0
0.0067630040082683794,887,113,0
0.0068102465168739055,886,114,0
0.006837231274119319,885,115,0
0.006840465618943057,884,116,0
0.0068600646664155815,883,117,0
0.006890854969294893,882,118,0
0.006911019484688364,881,119,0
0.006976116520012452,880,120,0
0.007035951699692543,879,121,0
0.007055580368056562,878,122,0
0.0070697615326592205,877,123,0
0.007134787978173173,876,124,0
0.007170834256480269,875,125,0
0.0071927541772643325,874,126,0
0.007195871505348807,873,127,0
0.007250939922203126,872,128,0
0.0073423139126956504,871,129,0
0.007355480004098911,870,130,0
0.007361288663801786,869,131,0
0.00736316775896555,868,132,0
0.00736560174410645,867,133,0
0.007386344262083833,866,134,0
0.007414822370891382,865,135,0
0.007435355014130942,864,136,0
0.007451897943368481,863,137,0
0.007453739576528359,862,138,0
0.007483951240731384,861,139,0
0.007551552792314155,860,140,0
0.007604219821913884,859,141,0
0.00765636456957653,858,142,0
0.00769105800973066,857,143,0
0.007703532799664669,856,144,0
0.0077332719667337945,855,145,0
0.007744045318888632,854,146,0
0.007747188227254954,853,147,0
0.007768207105004248,852,148,0
0.0077697076783418174,851,149,0
0.007789830431941791,850,150,0
0.00786581317496846,849,151,0
0.007892968111731352,848,152,0
0.00789320797903906,847,153,0
0.007900274754041826,846,154,0
0.00793081189327471,845,155,0
0.007931748307649507,844,156,0
0.007954497670461563,843,157,0
0.00795815292506701,842,158,0
0.007994759953177048,841,159,0
0.008010726943284424,840,160,0
0.008030878621144833,839,161,0
0.008043965159922261,838,162,0
0.008062877945371735,837,163,0
0.008072026624868785,836,164,0
0.008075625985753317,835,165,0
0.008154746221671961,834,166,0
0.008209623683588319,833,167,0
0.008211626400800929,832,168,0
0.008225876182755996,831,169,0
0.008238551046058197,830,170,0
0.008250855674082538,829,171,0
0.00827014230420914,828,172,0
0.008270226142385756,827,173,0
0.008331518786955509,826,174,0
0.008336956075699191,825,175,0
0.008347581670060613,824,176,0
0.008348972247946465,823,177,0
0.008358954692538605,822,178,0
0.008387724507459522,821,179,0
0.008400363817009695,820,180,0
0.0084610292496713,819,181,0
0.00852927053410016,818,182,0
0.008553577195615447,817,183,0
0.008587037360604382,816,184,0
0.008607192921670028,815,185,0
0.008610145394094226,814,186,0
0.00870467092157596,813,187,0
0.008731627311679094,812,188,0
0.008760936092622101,811,189,0
0.008772201978423756,810,190,0
0.008789576364513895,809,191,0
0.00879017993221576,808,192,0
0.00882244279462328,807,193,0
0.008822728110716032,806,194,0
0.00883958073795692,805,195,0
0.008843645150429269,804,196,0
0.00884615230904064,803,197,0
0.00886097720303039,802,198,0
0.008865412286805189,801,199,0
0.008877508430144667,800,200,0
0.008908379212222926,799,201,0
0.008914419780533095,798,202,0
0.008918959722808437,797,203,0
0.008923931673518954,796,204,0
0.008935982060104713,795,205,0
0.00894330715898139,794,206,0
0.00894851636545356,793,207,0
0.008958688877615261,792,208,0
0.008986328651184773,791,209,0
0.009002373969915246,790,210,0
0.009002380065510246,789,211,0
0.0090276333566195,788,212,0
0.009039844844118941,787,213,0
0.009049063986488378,786,214,0
0.009080574614210827,785,215,0
0.009100891990798873,784,216,0
0.00910220182493458,783,217,0
0.009107592676483789,782,218,0
0.009139760457157095,781,219,0
0.009183297287335829,780,220,0
0.009197415836124458,779,221,0
0.009201659181443701,778,222,0
0.009261511668451806,777,223,0
0.009281110098338624,776,224,0
0.009290014932005035,775,225,0
0.009326082860686221,774,226,0
0.009331369280593667,773,227,0
0.0093681538274072,772,228,0
0.009369167242709687,771,229,0
0.009371660758644932,770,230,0
0.00940338416595624,769,231,0
0.009415117504100921,768,232,0
0.009438556097511059,767,233,0
0.00944983195571337,766,234,0
0.009471121500827715,765,235,0
0.009510035284828895,764,236,0
0.00953312612210127,763,237,0
0.009543830012932042,762,238,0
0.009561276910593757,761,239,0
0.00956218904811354,760,240,0
0.009570907062917171,759,241,0
0.009601234802242878,758,242,0
0.00962353445884432,757,243,0
0.009635084734935804,756,244,0
0.009678851767196989,755,245,0
0.009708396308330425,754,246,0
0.009725046614436557,753,247,0
0.009728432407252434,752,248,0
0.009740499837252486,751,249,0
0.009743148918129878,750,250,0
0.00974791860483379,749,251,0
0.009759899416875295,748,252,0
0.009760482050868742,747,253,0
0.009760687723885518,746,254,0
0.009785509373993492,745,255,0
0.009788780901674005,744,256,0
0.009790254005530508,743,257,0
0.009798619307448063,742,258,0
0.009799709003889904,741,259,0
0.009815648977148862,740,260,0
0.00986582321314306,739,261,0
0.00987579908156052,738,262,0
0.009883785625626581,737,263,0
0.00988471359063964,736,264,0
0.009890113765048553,735,265,0
0.009897914293377013,734,266,0
0.009912727166160564,733,267,0
0.009919397478739041,732,268,0
0.009933678644978896,731,269,0
0.009942051069798036,730,270,0
0.009957582882490441,729,271,0
0.009971715508709752,728,272,0
0.009975207670970371,727,273,0
0.009976805538541297,726,274,0
0.009980146722066617,725,275,0
0.010014672577280878,724,276,0
0.010034610706243657,723,277,0
0.010056581654440871,722,278,0
0.010057500961440272,721,279,0
0.010149070133816704,720,280,0
0.010172073330532777,719,281,0
0.01019352993959677,718,282,0
0.010196274132208655,717,283,0
0.010197905566351802,716,284,0
0.010211896232521337,715,285,0
0.0102153893946849,714,286,0
0.010216981102030223,713,287,0
0.010217587911963734,712,288,0
0.01024984866085498,711,289,0
0.01028496944675512,710,290,0
0.010285571128533193,709,291,0
0.010301298476018033,708,292,0
0.010301808236501021,707,293,0
0.010309181675814658,706,294,0
0.010313688863882018,705,295,0
0.010327651096796639,704,296,0
0.010331825899982341,703,297,0
0.010333130497600953,702,298,0
0.010362092709480339,701,299,0
0.010368782936179155,700,300,0
0.010401509720702255,699,301,0
0.010413989389895852,698,302,0
0.010425570551118523,697,303,0
0.01044449012363793,696,304,0
0.010446643642573604,695,305,0
0.01045024094853639,694,306,0
0.010458372723645575,693,307,0
0.010498991673670868,692,308,0
0.010542586827372968,691,309,0
0.010543639196040918,690,310,0
0.01056495493137039,689,311,0
0.010569922389822649,688,312,0
0.01057673577830813,687,313,0
0.01057859296320855,686,314,0
0.010588224787001943,685,315,0
0.010605709161930316,684,316,0
0.010651578878771861,683,317,0
0.010667431595995576,682,318,0
0.010682512030988618,681,319,0
0.010695748021356694,680,320,0
0.010704855228083975,679,321,0
0.010710896411296876,678,322,0
0.010721723370959639,677,323,0
0.010792414701349696,676,324,0
0.010801305669825803,675,325,0
0.010813827624231156,674,326,0
0.010815072988603949,673,327,0
0.01081850663806626,672,328,0
0.010863131745080272,671,329,0
0.010883404616522565,670,330,0
0.010889932949484333,669,331,0
0.010939616078837694,668,332,0
0.010948531864115298,667,333,0
0.010960607563716257,666,334,0
0.01099884081735826,665,335,0
0.011001389198519031,664,336,0
0.011003078002938519,663,337,0
0.01100747499973353,662,338,0
0.01103172020899053,661,339,0
0.011063660171751779,660,340,0
0.011083573813051306,659,341,0
0.011165761731314575,658,342,0
0.0111676251662212,657,343,0
0.011189463143983388,656,344,0
0.01120443386422189,655,345,0
0.011208542936163706,654,346,0
0.011217713165991959,653,347,0
0.01124403763275712,652,348,0
0.011253005693428157,651,349,0
0.011255011162978825,650,350,0
0.01126973888970863,649,351,0
0.011326515869260603,648,352,0
0.01132958161600791,647,353,0
0.011340597349331141,646,354,0
0.011350789551590482,645,355,0
0.01135594612251039,644,356,0
0.01136851879580687,643,357,0
0.011381480122516602,642,358,0
0.011411686828737127,641,359,0
0.011443587013884676,640,360,0
0.011451874986218878,639,361,0
0.01145745010650614,638,362,0
0.011463014650318735,637,363,0
0.011464931691370382,636,364,0
0.011469729510560774,635,365,0
0.011474575802167495,634,366,0
0.011475506909672547,633,367,0
0.011500510801710882,632,368,0
0.011520640254914023,631,369,0
0.01159526497961859,630,370,0
0.011599018715318538,629,371,0
0.011600436854014202,628,372,0
0.011653932858852755,627,373,0
0.01165666929622118,626,374,0
0.011701700500390889,625,375,0
0.011704773344997426,624,376,0
0.011716235544428704,623,377,0
0.011749720863195508,622,378,0
0.011764804678453712,621,379,0
0.011777501022745553,620,380,0
0.011807095413257493,619,381,0
0.011815109102679739,618,382,0
0.011846826372712827,617,383,0
0.011854513786122128,616,384,0
0.011872834542667151,615,385,0
0.01188994505312435,614,386,0
0.011903124464892794,613,387,0
0.01191065101535468,612,388,0
0.011919817799715484,611,389,0
0.01192327555833764,610,390,0
0.011932515113233951,609,391,0
0.011952134791947996,608,392,0
0.01199499521325649,607,393,0
0.012035889322946462,606,394,0
0.01204463058091887,605,395,0
0.012057743954741339,604,396,0
0.012063312307463098,603,397,0
0.012100685382923094,602,398,0
0.012116285248076125,601,399,0
0.012128158721912006,600,400,0
0.012128784024149034,599,401,0
0.012160993117629743,598,402,0
0.01216149812559321,597,403,0
0.012170358033542638,596,404,0
0.012171802068515161,595,405,0
0.012197599265351796,594,406,0
0.012203716983753875,593,407,0
0.01220540289344985,592,408,0
0.012221722729176578,591,409,0
0.012236518306873972,590,410,0
0.012237945302144981,589,411,0
0.012252827646289982,588,412,0
0.012254177186903092,587,413,0
0.012279319569187324,586,414,0
0.012282331118667927,585,415,0
0.012308890509607281,584,416,0
0.012342293206418924,583,417,0
0.01235452585945904,582,418,0
0.01235872244347645,581,419,0
0.012367605119507992,580,420,0
0.012373283311309779,579,421,0
0.012377746573716894,578,422,0
0.012436066315206383,577,423,0
0.01244402140682896,576,424,0
0.01244486799372617,575,425,0
0.012446741748723263,574,426,0
0.012454057360642565,573,427,0
0.012462153000829345,572,428,0
0.01246703278625462,571,429,0
0.012467749084087223,570,430,0
0.01246831463241072,569,431,0
0.012476619154284309,568,432,0
0.012485104536998326,567,433,0
0.012491264197566396,566,434,0
0.012507898615686193,565,435,0
0.01251507689795895,564,436,0
0.01251521633666595,563,437,0
0.012520344752063834,562,438,0
0.012541107164221816,561,439,0
0.012574403888784717,560,440,0
0.012583997168480757,559,441,0
0.012591295098725589,558,442,0
0.012609861262071304,557,443,0
0.01261292266035195,556,444,0
0.012635786498600421,555,445,0
0.012636415100558133,554,446,0
0.012643508759419653,553,447,0
0.012667890398851984,552,448,0
0.012677239517915889,551,449,0
0.012681040259800743,550,450,0
0.01268603922059693,549,451,0
0.012704664754505454,548,452,0
0.012713435445872005,547,453,0
0.012720625199998307,546,454,0
0.012723941375012928,545,455,0
0.012739541297359165,544,456,0
0.012761908443825945,543,457,0
0.012771612083651258,542,458,0
0.01278336057997617,541,459,0
0.012789803868628397,540,460,0
0.012791335019348081,539,461,0
0.012795211118973956,538,462,0
0.012803301333615095,537,463,0
0.01280878242112355,536,464,0
0.012812532564326134,535,465,0
0.01283520051007397,534,466,0
0.012839730771325811,533,467,0
0.012854741514423004,532,468,0
0.012855077177794924,531,469,0
0.012868059455183174,530,470,0
0.012873111138924316,529,471,0
0.012902701054446446,528,472,0
0.012908236566977045,527,473,0
0.012927263057777177,526,474,0
0.012933780404829663,525,475,0
0.012936741683274458,524,476,0
0.012942136023109974,523,477,0
0.012952335834183754,522,478,0
0.012994691429211627,521,479,0
0.013000408650622575,520,480,0
0.01303203970268891,519,481,0
0.013067904180424339,518,482,0
0.013069336762765251,517,483,0
0.0130915687947575,516,484,0
0.013093470189833003,515,485,0
0.013100381278819889,514,486,0
0.013111346996814544,513,487,0
0.01313857031639436,512,488,0
0.013148895691191627,511,489,0
0.013162038797247222,510,490,0
0.013193557304395162,509,491,0
0.013198239346117344,508,492,0
0.013209423422540709,507,493,0
0.013218334106534205,506,494,0
0.013219747219434955,505,495,0
0.013247753685916333,504,496,0
0.013265548999229436,503,497,0
0.0132664487753453,502,498,0
0.013277359433903286,501,499,0
0.013282020498930172,500,500,0
0.013284983507640909,499,501,0
0.013288357024549533,498,502,0
0.013288768337849166,497,503,0
0.013293893459380037,496,504,0
0.013315774261930908,495,505,0
0.013326399864320885,494,506,0
0.013341203238637203,493,507,0
0.01336386749508165,492,508,0
0.013375008986106413,491,509,0
0.013376291278416679,490,510,0
0.013396231789431973,489,511,0
0.013396592736691842,488,512,0
0.013399328030330261,487,513,0
0.013413090438934426,486,514,0
0.013414627363534555,485,515,0
0.013427982264333194,484,516,0
0.013439041894549664,483,517,0
0.013442003362189628,482,518,0
0.013467563236455454,481,519,0
0.013475773763225818,480,520,0
0.01350789581698165,479,521,0
0.013508485256554334,478,522,0
0.013531715901666,477,523,0
0.013540634696601127,476,524,0
0.013541755942124171,475,525,0
0.013552931224997346,474,526,0
0.013573483539459967,473,527,0
0.013580996141508433,472,528,0
0.013591647224677008,471,529,0
0.01359444563893628,470,530,0
0.013599088748514038,469,531,0
0.013616822912401266,468,532,0
0.013650400200532996,467,533,0
0.013661873986979212,466,534,0
0.013677146671905928,465,535,0
0.0137096002098604,464,536,0
0.013710138155324772,463,537,0
0.013716916892871456,462,538,0
0.013718447285996478,461,539,0
0.013748032283685308,460,540,0
0.013750699191967582,459,541,0
0.013757259245810782,458,542,0
0.013784665133365454,457,543,0
0.013793737310013448,456,544,0
0.013812008526305727,455,545,0
0.013814410180647746,454,546,0
0.013823302160010424,453,547,0
0.013876265988566923,452,548,0
0.013882272902134103,451,549,0
0.013885329453498919,450,550,0
0.013889483271197121,449,551,0
0.013903987048973306,448,552,0
0.013927034587384776,447,553,0
0.013944579087379401,446,554,0
0.013949395475345763,445,555,0
0.013981814314198036,444,556,0
0.01398963780960431,443,557,0
0.013997582145510754,442,558,0
0.014009561655897326,441,559,0
0.014030267906936508,440,560,0
0.014063416626420662,439,561,0
0.014066722228174774,438,562,0
0.014092148046164536,437,563,0
0.014096636499879859,436,564,0
0.014114929489061743,435,565,0
0.014140861769531854,434,566,0
0.014145492686933894,433,567,0
0.014157180524021786,432,568,0
0.014184350572608008,431,569,0
0.01418549584871348,430,570,0
0.014190056965271305,429,571,0
0.014196775105774339,428,572,0
0.014264071536978956,427,573,0
0.014266444800117838,426,574,0
0.014267921366649448,425,575,0
0.014268537542871043,424,576,0
0.014275935077396633,423,577,0
0.014287423762138336,422,578,0
0.014295454264173526,421,579,0
0.014303027127677075,420,580,0
0.014308259601463402,419,581,0
0.014314849712135334,418,582,0
0.014322970532920311,417,583,0
0.01433547327357147,416,584,0
0.014346649864227803,415,585,0
0.014366832287968184,414,586,0
0.014370033239116283,413,587,0
0.014384269063479645,412,588,0
0.014387880782382904,411,589,0
0.014390143800545551,410,590,0
0.014407825774819787,409,591,0
0.014419270410624033,408,592,0
0.014420310847032984,407,593,0
0.014430365457307248,406,594,0
0.014435862222866936,405,595,0
0.014454993531134209,404,596,0
0.014462408355957005,403,597,0
0.014465512347418285,402,598,0
0.01446672200641582,401,599,0
0.014488225823421018,400,600,0
0.01448975127041084,399,601,0
0.014495764345826025,398,602,0
0.014507150078294277,397,603,0
0.014523260924739882,396,604,0
0.014523273832582279,395,605,0
0.014533231019943086,394,606,0
0.014538444681608713,393,607,0
0.014541026212647011,392,608,0
0.014541235857329854,391,609,0
0.014551118892584735,390,610,0
0.014564533697435869,389,611,0
0.014598047574913987,388,612,0
0.014604915574875702,387,613,0
0.014613242298893077,386,614,0
0.014632582566914683,385,615,0
0.014711441062489743,384,616,0
0.014732975532461667,383,617,0
0.014733917748046322,382,618,0
0.014734913626073317,381,619,0
0.014753477359142108,380,620,0
0.014754745513750198,379,621,0
0.014757722558272979,378,622,0
0.014760532367871637,377,623,0
0.014768172721647722,376,624,0
0.01477694246419895,375,625,0
0.014801421398433958,374,626,0
0.014826979928717076,373,627,0
0.014830669981027035,372,628,0
0.014843989341068177,371,629,0
0.014844807067177038,370,630,0
0.01484756538807267,369,631,0
0.014884561914753765,368,632,0
0.014890021587916516,367,633,0
0.014899341260652042,366,634,0
0.014902086288652885,365,635,0
0.014915863118999511,364,636,0
0.014918444929988879,363,637,0
0.014937301442163554,362,638,0
0.014944095266546857,361,639,0
0.01503378509487955,360,640,0
0.015048311524117891,359,641,0
0.015049975427734003,358,642,0
0.015061836397760316,357,643,0
0.015065477633341392,356,644,0
0.015068087272006415,355,645,0
0.015075514542704298,354,646,0
0.015100787222864995,353,647,0
0.015133060202700367,352,648,0
0.015150553980906005,351,649,0
0.015164924817174599,350,650,0
0.015167482694467214,349,651,0
0.015196029805718221,348,652,0
0.015197949282532245,347,653,0
0.015203431876059253,346,654,0
0.015215839833680425,345,655,0
0.015228055868857759,344,656,0
0.015232574891333296,343,657,0
0.015236684555595006,342,658,0
0.015248844388351997,341,659,0
0.015253009310637566,340,660,0
0.015278233789939637,339,661,0
0.015282769998498336,338,662,0
0.015308269587831349,337,663,0
0.015361672173369294,336,664,0
0.015376831496338965,335,665,0
0.015395026727102638,334,666,0
0.015395168656343227,333,667,0
0.0153983487879154,332,668,0
0.015400812067056034,331,669,0
0.015432191496582459,330,670,0
0.015439263876399205,329,671,0
0.015447818465546936,328,672,0
0.015453369962932449,327,673,0
0.015474954201316365,326,674,0
0.015494209166736416,325,675,0
0.015519758033364727,324,676,0
0.015533599720962729,323,677,0
0.015539086380104334,322,678,0
0.01555230582867966,321,679,0
0.015584725904290622,320,680,0
0.015597037459256398,319,681,0
0.015613609189005395,318,682,0
0.01561743271213061,317,683,0
0.01563213935833785,316,684,0
0.0156401819352434,315,685,0
0.015644574001429958,314,686,0
0.015672782420674124,313,687,0
0.015680978511642487,312,688,0
0.01571563181123736,311,689,0
0.01571808724616202,310,690,0
0.01574248770484199,309,691,0
0.015757763426337557,308,692,0
0.01576926205872402,307,693,0
0.015773705974976383,306,694,0
0.01581043935500628,305,695,0
0.015814724301295296,304,696,0
0.01582869524888934,303,697,0
0.01582916186969213,302,698,0
0.01583163947938429,301,699,0
0.015833406097757855,300,700,0
0.015877718643019838,299,701,0
0.015902367067649997,298,702,0
0.015924219641722002,297,703,0
0.015924777940924905,296,704,0
0.015931753528866107,295,705,0
0.015950083876676017,294,706,0
0.01596638499289698,293,707,0
0.015970115981046515,292,708,0
0.015972075640504246,291,709,0
0.01599848294931765,290,710,0
0.016009028370584964,289,711,0
0.016056695900710082,288,712,0
0.016086297412087343,287,713,0
0.01610394885037554,286,714,0
0.016106594099094474,285,715,0
0.016114665515136545,284,716,0
0.016123552167344183,283,717,0
0.016136283143105345,282,718,0
0.016161635762129267,281,719,0
0.01616652469720897,280,720,0
0.016177254820391725,279,721,0
0.016187537131346134,278,722,0
0.016195304707211162,277,723,0
0.01622141005048947,276,724,0
0.016232212775787923,275,725,0
0.016245326291091218,274,726,0
0.01624973380601269,273,727,0
0.016265598796966405,272,728,0
0.016272562332650675,271,729,0
0.01628379232724132,270,730,0
0.016286964329431036,269,731,0
0.016289198689897345,268,732,0
0.016301496940058693,267,733,0
0.016317442939941355,266,734,0
0.01633607377535682,265,735,0
0.016346827127652414,264,736,0
0.01637233359071725,263,737,0
0.0164133159137758,262,738,0
0.01642882952595683,261,739,0
0.016430841456475852,260,740,0
0.016468268247088805,259,741,0
0.016558061995343994,258,742,0
0.016562805026769538,257,743,0
0.01657666137378491,256,744,0
0.016616951975368804,255,745,0
0.016627995122637025,254,746,0
0.016632494512724347,253,747,0
0.01665037869435284,252,748,0
0.01665205381148751,251,749,0
0.016675249474346374,250,750,0
0.01667980656862325,249,751,0
0.0167931712356756,248,752,0
0.016799834020792354,247,753,0
0.016816715450146263,246,754,0
0.016840478336001097,245,755,0
0.01684817788862213,244,756,0
0.0168557553419969,243,757,0
0.01687209932995185,242,758,0
0.01688381943966149,241,759,0
0.016896824637305737,240,760,0
0.01695111762925562,239,761,0
0.016956069584886612,238,762,0
0.01697618723837378,237,763,0
0.01697826837277659,236,764,0
0.016984569973555994,235,765,0
0.01701021050853736,234,766,0
0.01701530646568618,233,767,0
0.01703735587555639,232,768,0
0.01708998390190325,231,769,0
0.017113332614780326,230,770,0
0.017122460568001572,229,771,0
0.017141929556596856,228,772,0
0.017158349930865024,227,773,0
0.01722312941702083,226,774,0
0.017283431915038394,225,775,0
0.01729575171726801,224,776,0
0.017298654299419344,223,777,0
0.01731008598550078,222,778,0
0.017361238222492935,221,779,0
0.017381242371839616,220,780,0
0.01739735642580184,219,781,0
0.017418669380931052,218,782,0
0.0174198704038454,217,783,0
0.017421035785260646,216,784,0
0.01744863395118046,215,785,0
0.017468526108021878,214,786,0
0.01748518091938611,213,787,0
0.01750247170010832,212,788,0
0.017531842787994523,211,789,0
0.017532843460252124,210,790,0
0.017536188759777957,209,791,0
0.01758784137029745,208,792,0
0.017614515325128203,207,793,0
0.017720602588777473,206,794,0
0.017741267550929172,205,795,0
0.017745916575184987,204,796,0
0.017748879615063298,203,797,0
0.017759395003485168,202,798,0
0.01778947580077552,201,799,0
0.01784204751005903,200,800,0
0.017843548031883438,199,801,0
0.017860107880229768,198,802,0
0.01789038566574236,197,803,0
0.01791090899140987,196,804,0
0.017970700896403433,195,805,0
0.017971581690155235,194,806,0
0.017974659946348462,193,807,0
0.017998266280587163,192,808,0
0.01800579586241377,191,809,0
0.01804471839413182,190,810,0
0.018048918173622218,189,811,0
0.01806306443566987,188,812,0
0.018160858461975064,187,813,0
0.01816570063983191,186,814,0
0.018185479327400975,185,815,0
0.018186331563391365,184,816,0
0.018212519713116514,183,817,0
0.018227190325556843,182,818,0
0.018243321792836192,181,819,0
0.01824995361548552,180,820,0
0.01830847721908412,179,821,0
0.0183142561365865,178,822,0
0.018349181632461593,177,823,0
0.018413970884063432,176,824,0
0.018451734376896664,175,825,0
0.01848120535310451,174,826,0
0.01855588671250536,173,827,0
0.01855709591473185,172,828,0
0.018594736330822252,171,829,0
0.018598520955189695,170,830,0
0.018619856897172743,169,831,0
0.018655257168296715,168,832,0
0.018655799034239792,167,833,0
0.01870033729321972,166,834,0
0.018748116959704013,165,835,0
0.018774086177228075,164,836,0
0.018778281338905866,163,837,0
0.0187901958687712,162,838,0
0.018808659980405366,161,839,0
0.018822059261157546,160,840,0
0.018867335035967856,159,841,0
0.01889268021205539,158,842,0
0.01889350897680724,157,843,0
0.01889637396085863,156,844,0
0.018940162014253276,155,845,0
0.018999189561266994,154,846,0
0.019003540830151617,153,847,0
0.01900996380999732,152,848,0
0.019065292335727645,151,849,0
0.019081032324802488,150,850,0
0.019101480869886386,149,851,0
0.019102575926752952,148,852,0
0.019117527669513537,147,853,0
0.019126719404159612,146,854,0
0.019171839466168728,145,855,0
0.019249244358245973,144,856,0
0.019261267505843494,143,857,0
0.019292128807547503,142,858,0
0.01939601369284163,141,859,0
0.019398038414589633,140,860,0
0.01951559589447572,139,861,0
0.019533840647739355,138,862,0
0.019553957206674535,137,863,0
0.019602265213424352,136,864,0
0.01966929849329504,135,865,0
0.01968347606850841,134,866,0
0.01968837255316732,133,867,0
0.019691085131754663,132,868,0
0.019700769285489503,131,869,0
0.019746824611250966,130,870,0
0.01976437694343198,129,871,0
0.01979382799618227,128,872,0
0.019807822690186615,127,873,0
0.019864314980547748,126,874,0
0.019886763700996225,125,875,0
0.019940306524869965,124,876,0
0.01994764238965479,123,877,0
0.01996917359640756,122,878,0
0.020015178769580654,121,879,0
0.020019488494096196,120,880,0
0.02003379783031023,119,881,0
0.020081844915142,118,882,0
0.020098138777396884,117,883,0
0.020103395500949025,116,884,0
0.02015218758226764,115,885,0
0.020162433370208826,114,886,0
0.020215304625347066,113,887,0
0.020226640490674228,112,888,0
0.02025379258302996,111,889,0
0.020268204331084918,110,890,0
0.02029909807176528,109,891,0
0.020300842871014493,108,892,0
0.020306924181432966,107,893,0
0.02032749045835668,106,894,0
0.02036309344185773,105,895,0
0.020425426902780142,104,896,0
0.020472769446169353,103,897,0
0.02050535200414472,102,898,0
0.020528416184003088,101,899,0
0.02053786777866077,100,900,0
0.020604144841416417,99,901,0
0.020617546339149504,98,902,0
0.020619673018485864,97,903,0
0.020647090307182977,96,904,0
0.020714991138828263,95,905,0
0.0207256293726797,94,906,0
0.02077961230619581,93,907,0
0.020789431262446666,92,908,0
0.020983157192800493,91,909,0
0.02107095291417339,90,910,0
0.021085749223418916,89,911,0
0.021095701837282172,88,912,0
0.02120735904770814,87,913,0
0.02123151017884878,86,914,0
0.02128854392435282,85,915,0
0.02129323741767038,84,916,0
0.02129709036861408,83,917,0
0.021320943725934925,82,918,0
0.021337635477743942,81,919,0
0.02150489240534104,80,920,0
0.021522269433511605,79,921,0
0.021541564216918573,78,922,0
0.021558008036208068,77,923,0
0.021572520578411844,76,924,0
0.021643332569179257,75,925,0
0.021648969121182027,74,926,0
0.02165478044885242,73,927,0
0.021687142589942414,72,928,0
0.021698429251869836,71,929,0
0.02171266111359454,70,930,0
0.021782418119884545,69,931,0
0.0218037994358494,68,932,0
0.021957875564707068,67,933,0
0.022066824665784936,66,934,0
0.02207913387632947,65,935,0
0.022090738955601187,64,936,0
0.022116068854374192,63,937,0
0.02223291358210814,62,938,0
0.022251682328936137,61,939,0
0.022276883789176433,60,940,0
0.02233244359859076,59,941,0
0.02235352558028217,58,942,0
0.022375013992907523,57,943,0
0.022571112937814122,56,944,0
0.022644375364769494,55,945,0
0.022849355239951526,54,946,0
0.02285654189290592,53,947,0
0.02286171972118584,52,948,0
0.022971574932902188,51,949,0
0.022992776147899515,50,950,0
0.023012019815576528,49,951,0
0.02307445201296939,48,952,0
0.023112319811581555,47,953,0
0.023159325813570983,46,954,0
0.023205420876662643,45,955,0
0.023239695479460934,44,956,0
0.023348192710965904,43,957,0
0.02335258055007756,42,958,0
0.023422439665397816,41,959,0
0.023493660545011084,40,960,0
0.023551096125390112,39,961,0
0.023845330796627467,39,960,1
0.023987535225203492,38,961,1
0.024011509278303703,37,962,1
0.02406902724244955,36,963,1
0.024106342219962648,35,964,1
0.024177928387610185,34,965,1
0.024419873425199298,33,966,1
0.02442232085046039,32,967,1
0.024635545788338927,31,968,1
0.024725890044922868,30,969,1
0.024756003522155835,29,970,1
0.02490893120465637,28,971,1
0.025151515559191547,27,972,1
0.025305335917660366,26,973,1
0.025391963636576007,25,974,1
0.025412132290765985,24,975,1
0.0255034954110897,23,976,1
0.02566020626520917,22,977,1
0.025661577707029308,21,978,1
0.026035753160498824,20,979,1
0.026382951107281852,19,980,1
0.026828242541931273,18,981,1
0.02694265339090823,17,982,1
0.027225445465566548,16,983,1
0.02735829504117996,15,984,1
0.02743471918332386,14,985,1
0.027496440963919924,13,986,1
0.027547925465666954,12,987,1
0.027601707681165075,11,988,1
0.027669744960702982,10,989,1
0.02796703764937075,9,990,1
0.02802984388958662,8,991,1
0.028257131242339584,7,992,1
0.02831870842099351,6,993,1
0.029592915019973264,5,994,1
0.029694946553548745,4,995,1
0.02980697904058416,3,996,1
0.030030427564465403,2,997,1
0.03041975976998523,1,998,1
0.03470879783318412,0,999,1
0.04307281012349833,0,998,2
0.07344882333732788,0,997,3
0.08506317612921704,0,996,4
0.09814357850697784,0,995,5
0.10360830779116578,0,994,6
0.1051000216065811,0,993,7
0.10727210717645036,0,992,8
0.10909520259910188,0,991,9
0.1213775558825575,0,990,10
0.12351986888385313,0,989,11
0.12439264962241953,0,988,12
0.12828015660430334,0,987,13
0.13774282766194026,0,986,14
0.13908605628304782,0,985,15
0.158003084392817,0,984,16
0.15847135945432272,0,983,17
0.17095033826320785,0,982,18
0.18892487806002434,0,981,19
0.19543149162244114,0,980,20
0.20214026473178398,0,979,21
0.23344355482826515,0,978,22
0.24839684080917396,0,977,23
0.2539454058297946,0,976,24
0.2603841583424327,0,975,25
0.2685732280802957,0,974,26
0.309650142922969,0,973,27
0.3123178024365474,0,972,28
0.3127186365649261,0,971,29
0.31480944419965207,0,970,30
0.32319005718509164,0,969,31
0.3304467317922147,0,968,32
0.3451097306757702,0,967,33
0.34861534017282425,0,966,34
0.3590012346160191,0,965,35
0.37024495930746965,0,964,36
0.37840404132262745,0,963,37
0.391544384138054,0,962,38
0.40069272974293535,0,961,39
0.4074389174597559,0,960,40
0.423061177549833,0,959,41
0.4278239112212982,0,958,42
0.44139085642910336,0,957,43
0.45916525269905084,0,956,44
0.46200371716145544,0,955,45
0.4724080048321176,0,954,46
0.4798531706318792,0,953,47
0.4807898761663555,0,952,48
0.48339138957706806,0,951,49
0.4897510126034311,0,950,50
0.49523310148571154,0,949,51
0.502708102514231,0,948,52
0.507742106148522,0,947,53
0.5089812578925067,0,946,54
0.5222456046527644,0,945,55
0.530467296229954,0,944,56
0.546737914786055,0,943,57
0.5684456591051897,0,942,58
0.5742980836703598,0,941,59
0.5755007658192055,0,940,60
0.5765028728779352,0,939,61
0.5987769116071419,0,938,62
0.6445807559267093,0,937,63
0.6583551551496367,0,936,64
0.6631909208618593,0,935,65
0.6716804201776133,0,934,66
0.6740320047865057,0,933,67
0.6796497285050187,0,932,68
0.710313796706028,0,931,69
0.7191172987748627,0,930,70
0.7293592507009804,0,929,71
0.7563468476711156,0,928,72
0.7774802763903824,0,927,73
0.7848084111341507,0,926,74
0.7922211614665385,0,925,75
0.7967194905042746,0,924,76
0.810490849216789,0,923,77
0.8105235311747211,0,922,78
0.850571745484156,0,921,79
0.8813439879261271,0,920,80
0.8818571898883564,0,919,81
0.8863388281595416,0,918,82
0.8977947684922177,0,917,83
0.9087232945540666,0,916,84
0.9330724637432605,0,915,85
0.9357666831021045,0,914,86
0.9494703152076173,0,913,87
0.9615715044289191,0,912,88
0.9809811456799181,0,911,89
0.9841495725359574,0,910,90
0.9894228510806342,0,909,91
0.9894269474029186,0,908,92
0.9999909365114034,0,907,93
1.0099095901599406,0,906,94
1.0181646503259254,0,905,95
1.0370897221733892,0,904,96
1.039219740540116,0,903,97
1.0469285293314095,0,902,98
1.0645973376788163,0,901,99
1.0745702393663652,0,900,100
1.0748175568097538,0,899,101
1.0768507838281831,0,898,102
1.0830842098425644,0,897,103
1.0885883098626634,0,896,104
1.1027674354758348,0,895,105
1.1075774324043133,0,894,106
1.1119767271138097,0,893,107
1.121176163045571,0,892,108
1.1230133677606233,0,891,109
1.1298236151081806,0,890,110
1.1425794198938528,0,889,111
1.1428284915164404,0,888,112
1.1450347807629182,0,887,113
1.169666950834804,0,886,114
1.1699945951561932,0,885,115
1.1748670038059086,0,884,116
1.1928494875180682,0,883,117
1.209427149326632,0,882,118
1.2184199112658831,0,881,119
1.2207672122798976,0,880,120
1.2237115274292845,0,879,121
1.2298984456061572,0,878,122
1.252351981953977,0,877,123
1.2637640404484884,0,876,124
1.274184940551188,0,875,125
1.285883721231287,0,874,126
1.2859028137664188,0,873,127
1.2871895631753834,0,872,128
1.3040495373247836,0,871,129
1.3138580697242865,0,870,130
1.3341283607265082,0,869,131
1.3354546444151916,0,868,132
1.358783428320188,0,867,133
1.3746930751671704,0,866,134
1.4087243268855676,0,865,135
1.4092762057205983,0,864,136
1.420932583869433,0,863,137
1.42880086748325,0,862,138
1.433604779436017,0,861,139
1.4361617815769803,0,860,140
1.4588728609699726,0,859,141
1.4613064347239206,0,858,142
1.4662564745184803,0,857,143
1.4685804017967847,0,856,144
1.4743325838229726,0,855,145
1.484351988145608,0,854,146
1.4922533707514234,0,853,147
1.5105470800716205,0,852,148
1.5388679359550856,0,851,149
1.5428453589332418,0,850,150
1.5769664174354472,0,849,151
1.5842413422198034,0,848,152
1.5879697278190152,0,847,153
1.5922431271597122,0,846,154
1.6057864400992454,0,845,155
1.6099651789445955,0,844,156
1.6236479193922633,0,843,157
1.62676384325737,0,842,158
1.6596918794017297,0,841,159
1.671091768777091,0,840,160
1.6811839430484006,0,839,161
1.7028977322960046,0,838,162
1.7040737500685488,0,837,163
1.717345462109194,0,836,164
1.7210641879449522,0,835,165
1.757467536307939,0,834,166
1.7714242113625795,0,833,167
1.7945269094653644,0,832,168
1.7985012788110306,0,831,169
1.799387632543398,0,830,170
1.7997773088772897,0,829,171
1.8046194560516997,0,828,172
1.837994795587551,0,827,173
1.8503573734487968,0,826,174
1.8599484646800988,0,825,175
1.8764376296806151,0,824,176
1.8779143755474788,0,823,177
1.898770975513646,0,822,178
1.9213765445396065,0,821,179
1.9478140816366147,0,820,180
1.9675367446145693,0,819,181
1.9769527156527191,0,818,182
1.9993467514821857,0,817,183
2.0113205150112576,0,816,184
2.0136462291617496,0,815,185
2.0188167662985097,0,814,186
2.0279435300744764,0,813,187
2.0386616265095263,0,812,188
2.0426701752981535,0,811,189
2.0443328011949347,0,810,190
2.0468109658058786,0,809,191
2.048985096374384,0,808,192
2.0863639213844345,0,807,193
2.126427289258582,0,806,194
2.1877356325290744,0,805,195
2.197266695959607,0,804,196
2.204112166691467,0,803,197
2.205431096593871,0,802,198
2.211408154490336,0,801,199
2.217262456534229,0,800,200
2.2247722952099522,0,799,201
2.247981761661318,0,798,202
2.248206082078913,0,797,203
2.277401229504789,0,796,204
2.281383030631465,0,795,205
2.287920231309339,0,794,206
2.291694753318172,0,793,207
2.3299162319884172,0,792,208
2.3335840566201287,0,791,209
2.350582744846443,0,790,210
2.3522740304308876,0,789,211
2.3593400879378126,0,788,212
2.3682909704200688,0,787,213
2.384833361202851,0,786,214
2.4134009462737116,0,785,215
2.4154699072823393,0,784,216
2.429547588050169,0,783,217
2.4349378486509723,0,782,218
2.4430320150670624,0,781,219
2.4721809385126634,0,780,220
2.474792909522304,0,779,221
2.5078933228521927,0,778,222
2.5098064324233325,0,777,223
2.5161258306186833,0,776,224
2.554291952900515,0,775,225
2.55679616683921,0,774,226
2.562801426633989,0,773,227
2.566881091906173,0,772,228
2.5912631831250006,0,771,229
2.6032707547425193,0,770,230
2.6202988707482806,0,769,231
2.6335442701307095,0,768,232
2.6549606735315785,0,767,233
2.6632131891977124,0,766,234
2.6853006459383226,0,765,235
2.698976985858307,0,764,236
2.711052616810663,0,763,237
2.7179371371943426,0,762,238
2.727335425015373,0,761,239
2.7468516755334287,0,760,240
2.7780927198268492,0,759,241
2.799553549781177,0,758,242
2.80365668786127,0,757,243
2.809641987932438,0,756,244
2.811931817911593,0,755,245
2.81837895696748,0,754,246
2.8420769233830283,0,753,247
2.847708212353527,0,752,248
2.878065746763692,0,751,249
2.8785015249271333,0,750,250
2.8978443675887244,0,749,251
2.9109644791124905,0,748,252
2.921866890180168,0,747,253
2.9492384860956724,0,746,254
2.961725503672645,0,745,255
2.9643302052089404,0,744,256
2.980647723351135,0,743,257
2.9823208066555504,0,742,258
2.990175191451989,0,741,259
3.024006230529108,0,740,260
3.028707827944402,0,739,261
3.0366156444855688,0,738,262
3.0486224588507613,0,737,263
3.0576811965644377,0,736,264
3.063696674873731,0,735,265
3.109771366887813,0,734,266
3.1293087660537204,0,733,267
3.1297133364026037,0,732,268
3.136634046339279,0,731,269
3.1428977469374106,0,730,270
3.1476777810242904,0,729,271
3.1481143825337945,0,728,272
3.1497486005743305,0,727,273
3.1682380623933084,0,726,274
3.1693991102936194,0,725,275
3.1764506518478157,0,724,276
3.186310890408039,0,723,277
3.2111472133504364,0,722,278
3.22212247641787,0,721,279
3.233870417638208,0,720,280
3.243923369916111,0,719,281
3.249699569469094,0,718,282
3.253057685830049,0,717,283
3.274505671552702,0,716,284
3.3051708052661137,0,715,285
3.3135098421304336,0,714,286
3.3437935725707937,0,713,287
3.343937242129563,0,712,288
3.351834248910484,0,711,289
3.367897602435268,0,710,290
3.371481835236201,0,709,291
3.395587063591425,0,708,292
3.3960195516673246,0,707,293
3.397653401510692,0,706,294
3.4254383631479954,0,705,295
3.433431702931173,0,704,296
3.4604358989906965,0,703,297
3.4766915607283018,0,702,298
3.5061794045751697,0,701,299
3.5204926213698022,0,700,300
3.5317840381458736,0,699,301
3.5481634200876018,0,698,302
3.553430459079739,0,697,303
3.5589012252628174,0,696,304
3.56001976542522,0,695,305
3.5812227779293244,0,694,306
3.5995406628884252,0,693,307
3.623195736659231,0,692,308
3.631373730514456,0,691,309
3.641451324389795,0,690,310
3.644017680307979,0,689,311
3.6579425756374904,0,688,312
3.6613259121016033,0,687,313
3.662472303102211,0,686,314
3.6730285507238896,0,685,315
3.688091823932938,0,684,316
3.6889435713388434,0,683,317
3.744041491508088,0,682,318
3.7591701070397754,0,681,319
3.761331408022198,0,680,320
3.8029690991976346,0,679,321
3.8190341033170583,0,678,322
3.85620814173373,0,677,323
3.8577617329210483,0,676,324
3.8626606970956288,0,675,325
3.8628983680429347,0,674,326
3.8808185923145744,0,673,327
3.883136812342231,0,672,328
3.8917994497959656,0,671,329
3.8986850862012976,0,670,330
3.9062091669475585,0,669,331
3.9093481570421127,0,668,332
3.9345503562395487,0,667,333
3.9355054391191957,0,666,334
3.938570031726425,0,665,335
3.947138883314028,0,664,336
3.9691191984032836,0,663,337
3.9825931659681,0,662,338
3.986855967031383,0,661,339
3.988508697433444,0,660,340
4.05991959919401,0,659,341
4.084387361850083,0,658,342
4.089392688178687,0,657,343
4.109929399300054,0,656,344
4.116231681250316,0,655,345
4.119960536567964,0,654,346
4.121008924679528,0,653,347
4.124345366642227,0,652,348
4.168795602583903,0,651,349
4.1975492614617,0,650,350
4.210588286597985,0,649,351
4.251031664515469,0,648,352
4.260049104809337,0,647,353
4.265759358349567,0,646,354
4.26792731821553,0,645,355
4.301744329100554,0,644,356
4.351313072648247,0,643,357
4.364243116235992,0,642,358
4.371661106952065,0,641,359
4.384506830054426,0,640,360
4.384866847212701,0,639,361
4.392006968019259,0,638,362
4.402231800111504,0,637,363
4.407291830334262,0,636,364
4.4275245309244875,0,635,365
4.431651868013215,0,634,366
4.446875184121744,0,633,367
4.447071997254885,0,632,368
4.47661987785177,0,631,369
4.482938698538857,0,630,370
4.505572064379514,0,629,371
4.5287408936699025,0,628,372
4.567684396880785,0,627,373
4.585090737917298,0,626,374
4.608667614728466,0,625,375
4.612295966793145,0,624,376
4.625143122404624,0,623,377
4.684915555740906,0,622,378
4.690587924685185,0,621,379
4.705636487032632,0,620,380
4.707755633527689,0,619,381
4.711028454725034,0,618,382
4.715277194116311,0,617,383
4.720847675662435,0,616,384
4.722612293940777,0,615,385
4.768975804897188,0,614,386
4.77857180027092,0,613,387
4.780845220014446,0,612,388
4.797060949112737,0,611,389
4.803061683013698,0,610,390
4.809868141922673,0,609,391
4.903709788582614,0,608,392
4.922162390423977,0,607,393
4.940891655619726,0,606,394
4.962102679607137,0,605,395
4.963830631784181,0,604,396
5.0340559393843245,0,603,397
5.035029071775382,0,602,398
5.03789523642348,0,601,399
5.049416022525101,0,600,400
5.064329730002575,0,599,401
5.072298943899304,0,598,402
5.07538457639671,0,597,403
5.095827379520361,0,596,404
5.104837092010158,0,595,405
5.111238600043681,0,594,406
5.117307263313243,0,593,407
5.139039744675845,0,592,408
5.17652627968765,0,591,409
5.194480756021961,0,590,410
5.221424737958714,0,589,411
5.24332998103541,0,588,412
5.268152749107194,0,587,413
5.275673110758597,0,586,414
5.282176518134761,0,585,415
5.294948856545678,0,584,416
5.299737017096558,0,583,417
5.301354339670569,0,582,418
5.308151390332935,0,581,419
5.32288060410684,0,580,420
5.345562770799426,0,579,421
5.34978802246491,0,578,422
5.3580286433387325,0,577,423
5.367977868406448,0,576,424
5.39272850010684,0,575,425
5.394375936080302,0,574,426
5.417344685270154,0,573,427
5.422772049969008,0,572,428
5.5015233057623165,0,571,429
5.509907467051739,0,570,430
5.5143470125618625,0,569,431
5.5269421989059255,0,568,432
5.537637191860709,0,567,433
5.548108268750781,0,566,434
5.555558318757002,0,565,435
5.556735456386199,0,564,436
5.59432315063799,0,563,437
5.602102980014326,0,562,438
5.603915454991288,0,561,439
5.618069853478504,0,560,440
5.619672547079551,0,559,441
5.6378147265409435,0,558,442
5.652358338828562,0,557,443
5.661474243877478,0,556,444
5.666403542261646,0,555,445
5.670279264755514,0,554,446
5.693753186524377,0,553,447
5.709057618910479,0,552,448
5.718306420420952,0,551,449
5.727086330372604,0,550,450
5.737612103516374,0,549,451
5.767247279157395,0,548,452
5.776866212327318,0,547,453
5.7802943230710415,0,546,454
5.780475757066511,0,545,455
5.781124142726279,0,544,456
5.810294811245131,0,543,457
5.847416783526449,0,542,458
5.849650156134724,0,541,459
5.904536543003443,0,540,460
6.000291703939469,0,539,461
6.044225434909157,0,538,462
6.053412461734125,0,537,463
6.053763858677993,0,536,464
6.069343646068518,0,535,465
6.083160421141385,0,534,466
6.096330045461008,0,533,467
6.117582668060792,0,532,468
6.140357584003692,0,531,469
6.187160600471383,0,530,470
6.197799987844846,0,529,471
6.215043873457171,0,528,472
6.2155625672094414,0,527,473
6.227900079528472,0,526,474
6.281305646683893,0,525,475
6.302348659713676,0,524,476
6.30549431444037,0,523,477
6.308851939118352,0,522,478
6.321110070224142,0,521,479
6.341841304513179,0,520,480
6.357246241463543,0,519,481
6.362731906238224,0,518,482
6.376967299513825,0,517,483
6.428019108217971,0,516,484
6.450507427747401,0,515,485
6.460577841995205,0,514,486
6.474006406200854,0,513,487
6.514147934702954,0,512,488
6.598939039043782,0,511,489
6.625573820345201,0,510,490
6.62593402273307,0,509,491
6.657777890673371,0,508,492
6.6703166540703736,0,507,493
6.671087529866307,0,506,494
6.680232561463714,0,505,495
6.735949143237544,0,504,496
6.751326242622407,0,503,497
6.756124042110913,0,502,498
6.759945389548932,0,501,499
6.76209904408567,0,500,500
6.804926773046226,0,499,501
6.812745863505704,0,498,502
6.81899515904035,0,497,503
6.8795628694213065,0,496,504
6.879768654967344,0,495,505
6.894767956228878,0,494,506
6.912346946759129,0,493,507
6.9393045201032635,0,492,508
6.965489396921594,0,491,509
6.966092291227799,0,490,510
6.988531302674069,0,489,511
7.043208896426414,0,488,512
7.06026523521304,0,487,513
7.092371634433769,0,486,514
7.136010131271946,0,485,515
7.150029932750751,0,484,516
7.191440063973788,0,483,517
7.212878505104942,0,482,518
7.25881038905609,0,481,519
7.265346810192616,0,480,520
7.296470148322202,0,479,521
7.320963184661009,0,478,522
7.330317271332295,0,477,523
7.353078821273545,0,476,524
7.356330344745132,0,475,525
7.400277127137615,0,474,526
7.411278569886502,0,473,527
7.433034829825585,0,472,528
7.44511310381604,0,471,529
7.447234048810795,0,470,530
7.461054672131753,0,469,531
7.468653506395605,0,468,532
7.4847781132769216,0,467,533
7.520306287936318,0,466,534
7.598631334660994,0,465,535
7.600011347421656,0,464,536
7.665972371922687,0,463,537
7.672611611503125,0,462,538
7.70399458363772,0,461,539
7.705788285968238,0,460,540
7.707893411610203,0,459,541
7.719313448127234,0,458,542
7.7288621878777235,0,457,543
7.732989745431594,0,456,544
7.775814924511364,0,455,545
7.865719261006926,0,454,546
7.877004333547471,0,453,547
7.890300342580109,0,452,548
7.900858490235259,0,451,549
7.927026822017914,0,450,550
7.965905996352806,0,449,551
7.983308200057875,0,448,552
7.998345891835862,0,447,553
8.018657000064172,0,446,554
8.029278687516099,0,445,555
8.034389926356248,0,444,556
8.048169454761377,0,443,557
8.063250975897335,0,442,558
8.063422411187753,0,441,559
8.067519490515863,0,440,560
8.076560314748502,0,439,561
8.12842401512634,0,438,562
8.135203717403002,0,437,563
8.215584149926531,0,436,564
8.223684489297558,0,435,565
8.281638020570401,0,434,566
8.301576794017459,0,433,567
8.310601415647978,0,432,568
8.324675306031201,0,431,569
8.357475805011926,0,430,570
8.3979466705844,0,429,571
8.438184996865138,0,428,572
8.440987897999102,0,427,573
8.443463686253079,0,426,574
8.455707477033604,0,425,575
8.466893856583978,0,424,576
8.473550384735416,0,423,577
8.491124806223732,0,422,578
8.493463291318916,0,421,579
8.519986401480203,0,420,580
8.538935933899234,0,419,581
8.57027283185598,0,418,582
8.58864695543569,0,417,583
8.60548916382175,0,416,584
8.661371005257577,0,415,585
8.679050521069613,0,414,586
8.69657710209548,0,413,587
8.72778680909203,0,412,588
8.75578992117023,0,411,589
8.767276312239291,0,410,590
8.79104376042114,0,409,591
8.795446599258295,0,408,592
8.81062420441488,0,407,593
8.814840709851186,0,406,594
8.835520475550263,0,405,595
8.856917944265986,0,404,596
8.883321372421987,0,403,597
8.893380296557204,0,402,598
8.930450767496437,0,401,599
8.938172571209437,0,400,600
8.946595387544333,0,399,601
8.951717007692311,0,398,602
8.957061745275825,0,397,603
8.966620520194573,0,396,604
8.97896434605655,0,395,605
8.979656725448146,0,394,606
8.990374210162633,0,393,607
9.042487830771734,0,392,608
9.049905697411353,0,391,609
9.060955887358448,0,390,610
9.07821558769127,0,389,611
9.088195657663604,0,388,612
9.09812281950796,0,387,613
9.119611095485265,0,386,614
9.12990843278565,0,385,615
9.157621565212855,0,384,616
9.186398666912657,0,383,617
9.190965633019653,0,382,618
9.194868536822044,0,381,619
9.199431138749278,0,380,620
9.216698816277022,0,379,621
9.263315367884333,0,378,622
9.27249181709652,0,377,623
9.281977871365907,0,376,624
9.299024472347925,0,375,625
9.31477016685228,0,374,626
9.357863660836019,0,373,627
9.361079690424654,0,372,628
9.385641678719763,0,371,629
9.41258117776868,0,370,630
9.462738838280991,0,369,631
9.465359654311493,0,368,632
9.490148457362313,0,367,633
9.539618261345007,0,366,634
9.59028525883666,0,365,635
9.601736112359754,0,364,636
9.636988332268107,0,363,637
9.695104036370237,0,362,638
9.726183399255836,0,361,639
9.776436856671365,0,360,640
9.826902821381646,0,359,641
9.83727863108016,0,358,642
9.865593410706749,0,357,643
9.885630583334517,0,356,644
9.931134791610464,0,355,645
9.942100300684158,0,354,646
9.948388267320599,0,353,647
9.971544900049894,0,352,648
10.003112610810293,0,351,649
10.020890557203925,0,350,650
10.02996716214863,0,349,651
10.031490677599113,0,348,652
10.041411821873055,0,347,653
10.096557380658767,0,346,654
10.132924725039938,0,345,655
10.146651252320098,0,344,656
10.154629424223037,0,343,657
10.281191222115497,0,342,658
10.295294154031973,0,341,659
10.322362060981078,0,340,660
10.372573885610455,0,339,661
10.38507285503517,0,338,662
10.465759650796432,0,337,663
10.491624729068645,0,336,664
10.533766401101644,0,335,665
10.546859432057555,0,334,666
10.57571196954473,0,333,667
10.579574061358633,0,332,668
10.58076706821238,0,331,669
10.606125579045942,0,330,670
10.785870805999132,0,329,671
10.835093342753488,0,328,672
10.878742865228478,0,327,673
10.90144444311354,0,326,674
10.902634418470297,0,325,675
10.934110006308693,0,324,676
10.967516131072141,0,323,677
10.971068837091789,0,322,678
11.002812904751325,0,321,679
11.003291978317934,0,320,680
11.102706548753597,0,319,681
11.122558037387247,0,318,682
11.171806122724195,0,317,683
11.213163015803758,0,316,684
11.272018133439092,0,315,685
11.278277196038001,0,314,686
11.298297123352777,0,313,687
11.315469798009516,0,312,688
11.316834916356573,0,311,689
11.333579013101199,0,310,690
11.361512199523272,0,309,691
11.428277952531332,0,308,692
11.475948069263715,0,307,693
11.511595797990967,0,306,694
11.515659012921125,0,305,695
11.57990366630651,0,304,696
11.60747797895315,0,303,697
11.625567777025335,0,302,698
11.645603060788465,0,301,699
11.69864375656988,0,300,700
11.729655128255315,0,299,701
11.742465463682482,0,298,702
11.769776542251778,0,297,703
11.808108167994053,0,296,704
11.85295669676073,0,295,705
11.858954162086123,0,294,706
11.8711236695972,0,293,707
11.891814244114348,0,292,708
11.936438043649877,0,291,709
12.000026177477054,0,290,710
12.02145136395022,0,289,711
12.117258404278946,0,288,712
12.122680345646732,0,287,713
12.12826024810911,0,286,714
12.174782898349022,0,285,715
12.200123743966401,0,284,716
12.281573417671035,0,283,717
12.38556906564226,0,282,718
12.438749092163132,0,281,719
12.473192024822842,0,280,720
12.5164089935074,0,279,721
12.531243166324217,0,278,722
12.634903551177697,0,277,723
12.724041255273608,0,276,724
12.780934026015407,0,275,725
12.795586389605328,0,274,726
12.862087695065963,0,273,727
12.951528549044692,0,272,728
12.957813247960313,0,271,729
12.963779977135959,0,270,730
12.996441287075495,0,269,731
13.057888184994917,0,268,732
13.087524798537578,0,267,733
13.144265441806295,0,266,734
13.144906762204421,0,265,735
13.251216863615342,0,264,736
13.293386536766812,0,263,737
13.315644849063565,0,262,738
13.319146070706793,0,261,739
13.354410417384805,0,260,740
13.382199610647705,0,259,741
13.41577962062727,0,258,742
13.476904915130955,0,257,743
13.48758593691114,0,256,744
13.492304857354622,0,255,745
13.54542769727183,0,254,746
13.555208738138395,0,253,747
13.652749583611461,0,252,748
13.760461184004487,0,251,749
13.821584207883273,0,250,750
13.852982570753237,0,249,751
13.854275055741256,0,248,752
13.912807536535503,0,247,753
13.942959838642045,0,246,754
13.988381674602238,0,245,755
14.008963445591846,0,244,756
14.03436434028059,0,243,757
14.052421616546598,0,242,758
14.127309434690854,0,241,759
14.151362712315121,0,240,760
14.152128763196425,0,239,761
14.164226116991838,0,238,762
14.175594756127218,0,237,763
14.257195810217771,0,236,764
14.329586335779922,0,235,765
14.335109303752786,0,234,766
14.352359138264259,0,233,767
14.409596358127738,0,232,768
14.457588635093494,0,231,769
14.46510204914886,0,230,770
14.574957759619851,0,229,771
14.628762801107271,0,228,772
14.712577625550075,0,227,773
14.732865732914,0,226,774
14.745546469502024,0,225,775
14.746446539201347,0,224,776
14.79455518323746,0,223,777
14.80964727651441,0,222,778
14.840664666311,0,221,779
14.959789646781587,0,220,780
15.03728058045145,0,219,781
15.083760832727377,0,218,782
15.112346128252693,0,217,783
15.113821702669126,0,216,784
15.16776756235068,0,215,785
15.226474302717477,0,214,786
15.255287282337463,0,213,787
15.266923618273712,0,212,788
15.31609186174006,0,211,789
15.321127440015658,0,210,790
15.355743426438254,0,209,791
15.418157287390418,0,208,792
15.423818008129539,0,207,793
15.4606021145361,0,206,794
15.498997474320664,0,205,795
15.566950603788836,0,204,796
15.583090306753158,0,203,797
15.652804597444621,0,202,798
15.662988849795113,0,201,799
15.668725575826862,0,200,800
15.778767979127718,0,199,801
15.84751248883753,0,198,802
15.861854843321478,0,197,803
15.926180726740313,0,196,804
16.06170066919152,0,195,805
16.101300989017567,0,194,806
16.229383741683776,0,193,807
16.319113610396265,0,192,808
16.397160493875486,0,191,809
16.42360884686484,0,190,810
16.474351019009866,0,189,811
16.5006307897834,0,188,812
16.52480503825772,0,187,813
16.52974574954852,0,186,814
16.559664649330088,0,185,815
16.625068430118063,0,184,816
16.699102017470395,0,183,817
16.81061331388524,0,182,818
16.84484998928591,0,181,819
16.858031647114643,0,180,820
16.911115129044322,0,179,821
16.921008789657385,0,178,822
16.924220410657348,0,177,823
16.946893359149858,0,176,824
17.04033524998184,0,175,825
17.05853728164174,0,174,826
17.068648674324677,0,173,827
17.101271444881917,0,172,828
17.12789223558598,0,171,829
17.212421674658057,0,170,830
17.563474499077625,0,169,831
17.62842113967965,0,168,832
17.669174989935776,0,167,833
17.88698236046516,0,166,834
17.909715093405115,0,165,835
17.938140586108638,0,164,836
17.973340940099128,0,163,837
18.026984485412587,0,162,838
18.09508769231306,0,161,839
18.193754521175986,0,160,840
18.32387938712659,0,159,841
18.344217655921913,0,158,842
18.36005851595552,0,157,843
18.447621363132328,0,156,844
18.47750405913343,0,155,845
18.501736523266672,0,154,846
18.590877316571458,0,153,847
18.60748695855386,0,152,848
18.704698644732268,0,151,849
18.736283819922356,0,150,850
18.895208668932682,0,149,851
18.904715569963216,0,148,852
19.07100901611465,0,147,853
19.127178070300058,0,146,854
19.136095353151042,0,145,855
19.206231132083538,0,144,856
19.25007809361924,0,143,857
19.409413214092513,0,142,858
19.425575432467912,0,141,859
19.458265020659788,0,140,860
19.476979150496533,0,139,861
19.50140117586313,0,138,862
19.603019295523744,0,137,863
19.6292831983325,0,136,864
19.658524414955128,0,135,865
19.750588354629528,0,134,866
19.940425155479865,0,133,867
20.021271748688534,0,132,868
20.093934889462925,0,131,869
20.232070047415327,0,130,870
20.55456833398712,0,129,871
20.580701572293556,0,128,872
20.595307823104037,0,127,873
20.774124121311537,0,126,874
20.795997292280703,0,125,875
20.801444441038406,0,124,876
20.8814406289143,0,123,877
20.904093890881324,0,122,878
20.916140780911636,0,121,879
20.942952508487487,0,120,880
21.073611634200752,0,119,881
21.091317930371375,0,118,882
21.109947661463874,0,117,883
21.161895169315873,0,116,884
21.176085077237676,0,115,885
21.301434214477936,0,114,886
21.31032314664638,0,113,887
21.51616612063931,0,112,888
21.675323393214917,0,111,889
21.776209324928782,0,110,890
21.820395361973315,0,109,891
21.888433620847344,0,108,892
22.054405723771463,0,107,893
22.09214993098215,0,106,894
22.215221087189576,0,105,895
22.238068903941976,0,104,896
22.448079053629794,0,103,897
22.505640158052017,0,102,898
22.533668929209327,0,101,899
22.691661536127835,0,100,900
22.727290576282186,0,99,901
22.837393551042915,0,98,902
23.20177666977977,0,97,903
23.32869765758337,0,96,904
23.67526159808276,0,95,905
23.688640157733808,0,94,906
23.784103871197622,0,93,907
23.79149594044984,0,92,908
23.917037483517063,0,91,909
24.108340756124623,0,90,910
24.340760156626974,0,89,911
24.389004612896965,0,88,912
24.457512647745194,0,87,913
24.52275632133963,0,86,914
24.594860040906603,0,85,915
24.61357512110504,0,84,916
24.825844924665095,0,83,917
24.922679176708783,0,82,918
25.061185741199388,0,81,919
25.25324407248162,0,80,920
25.487026565750064,0,79,921
25.499939032521613,0,78,922
25.773545561144697,0,77,923
25.910420895833134,0,76,924
26.07873042672373,0,75,925
26.155956465092483,0,74,926
26.269554452822547,0,73,927
26.269625681095196,0,72,928
26.330889254491904,0,71,929
26.765719310229493,0,70,930
26.9146965521884,0,69,931
27.262268286741513,0,68,932
27.338629909780835,0,67,933
27.516792476122987,0,66,934
28.17157604866683,0,65,935
28.296607834305238,0,64,936
28.30993679683265,0,63,937
28.4773130100219,0,62,938
28.595302164642266,0,61,939
28.821987821298485,0,60,940
28.942517975356406,0,59,941
28.96353790315343,0,58,942
28.971409719800864,0,57,943
29.017707423521657,0,56,944
29.283591336129714,0,55,945
29.642072738487954,0,54,946
29.939726314892717,0,53,947
30.02020273303909,0,52,948
30.045965812068083,0,51,949
30.17425760263848,0,50,950
30.2048261893651,0,49,951
30.259484472626088,0,48,952
30.317121763972903,0,47,953
30.400575889494128,0,46,954
30.433753986393775,0,45,955
30.561489086021194,0,44,956
30.627651997594043,0,43,957
31.092581084422303,0,42,958
31.454961894418496,0,41,959
31.468576519080045,0,40,960
31.85666261970274,0,39,961
32.04913922209823,0,38,962
32.17044902843715,0,37,963
32.22957232708816,0,36,964
32.26011342480901,0,35,965
32.27961845658947,0,34,966
32.672754852037954,0,33,967
32.76112601193448,0,32,968
33.37228156633321,0,31,969
33.674419953183985,0,30,970
33.69754440188606,0,29,971
34.058906600107896,0,28,972
34.420541023482606,0,27,973
34.9993806621636,0,26,974
35.090246923886326,0,25,975
35.26664205959197,0,24,976
35.30079672189636,0,23,977
35.39965333338724,0,22,978
35.400656367272624,0,21,979
36.75545087443161,0,20,980
37.162305339089194,0,19,981
38.02787579236411,0,18,982
38.16131247551393,0,17,983
39.23888060568691,0,16,984
39.28036742553366,0,15,985
39.94018429266076,0,14,986
40.83512407743071,0,13,987
44.19211188706255,0,12,988
45.59609533564879,0,11,989
46.16235088522901,0,10,990
46.32025985298876,0,9,991
46.599886709165084,0,8,992
47.53843068969884,0,7,993
52.867641254178544,0,6,994
54.94883206802495,0,5,995
56.17654918631384,0,4,996
56.47387570099357,0,3,997
59.20990299417518,0,2,998
73.71147970590623,0,1,999
80.74728523705977,0,0,1000
100.0,0,0,1000
