time,city,susceptible,infected,recovered,living,deaths,closed,case,infected_fraction
0,1,1000,0,0,1000,0,false,однородная,0.0
0,2,1000,0,0,1000,0,false,однородная,0.0
0,3,997,3,0,1000,0,false,однородная,0.003
1,1,987,1,0,988,0,false,однородная,0.0010121457489878543
1,2,1011,0,0,1011,0,false,однородная,0.0
1,3,995,6,0,1001,0,false,однородная,0.005994005994005994
2,1,978,12,0,990,0,false,однородная,0.012121212121212121
2,2,996,0,0,996,0,false,однородная,0.0
2,3,1009,5,0,1014,0,false,однородная,0.004930966469428008
3,1,972,32,0,1004,0,false,однородная,0.03187250996015936
3,2,1005,0,0,1005,0,false,однородная,0.0
3,3,981,10,0,991,0,false,однородная,0.010090817356205853
4,1,955,59,0,1014,0,false,однородная,0.05818540433925049
4,2,995,2,0,997,0,false,однородная,0.0020060180541624875
4,3,971,18,0,989,0,false,однородная,0.01820020222446916
5,1,905,99,0,1004,0,false,однородная,0.09860557768924302
5,2,988,11,0,999,0,false,однородная,0.011011011011011011
5,3,968,29,0,997,0,false,однородная,0.029087261785356068
6,1,842,156,0,998,0,false,однородная,0.156312625250501
6,2,980,21,0,1001,0,false,однородная,0.02097902097902098
6,3,947,54,0,1001,0,false,однородная,0.053946053946053944
7,1,761,247,0,1008,0,false,однородная,0.24503968253968253
7,2,952,30,0,982,0,false,однородная,0.03054989816700611
7,3,918,92,0,1010,0,false,однородная,0.09108910891089109
8,1,624,384,0,1008,0,false,однородная,0.38095238095238093
8,2,917,60,0,977,0,false,однородная,0.06141248720573183
8,3,868,147,0,1015,0,false,однородная,0.14482758620689656
9,1,413,594,0,1007,0,false,однородная,0.5898709036742801
9,2,858,128,0,986,0,false,однородная,0.12981744421906694
9,3,779,228,0,1007,0,false,однородная,0.22641509433962265
10,1,116,884,0,1000,0,false,однородная,0.884
10,2,742,250,0,992,0,false,однородная,0.25201612903225806
10,3,635,373,0,1008,0,false,однородная,0.37003968253968256
11,1,0,1001,0,1001,0,false,однородная,1.0
11,2,572,417,0,989,0,false,однородная,0.42163801820020225
11,3,407,603,0,1010,0,false,однородная,0.597029702970297
12,1,0,1006,0,1006,0,false,однородная,1.0
12,2,306,687,0,993,0,false,однородная,0.6918429003021148
12,3,53,948,0,1001,0,false,однородная,0.9470529470529471
13,1,0,1016,0,1016,0,false,однородная,1.0
13,2,0,987,0,987,0,false,однородная,1.0
13,3,0,997,0,997,0,false,однородная,1.0
14,1,0,994,0,994,0,false,однородная,1.0
14,2,0,997,0,997,0,false,однородная,1.0
14,3,0,1009,0,1009,0,false,однородная,1.0
15,1,0,990,0,990,0,false,однородная,1.0
15,2,0,993,0,993,0,false,однородная,1.0
15,3,0,1017,0,1017,0,false,однородная,1.0
16,1,0,982,0,982,0,false,однородная,1.0
16,2,0,1007,1,1008,0,false,однородная,0.9990079365079365
16,3,0,1010,0,1010,0,false,однородная,1.0
17,1,0,980,2,982,0,false,однородная,0.9979633401221996
17,2,0,1012,0,1012,1,false,однородная,1.0
17,3,0,1005,0,1005,0,false,однородная,1.0
18,1,0,958,11,969,0,false,однородная,0.9886480908152735
18,2,0,1001,1,1002,1,false,однородная,0.999001996007984
18,3,0,1026,2,1028,0,false,однородная,0.9980544747081712
19,1,0,967,6,973,2,false,однородная,0.9938335046248715
19,2,0,995,1,996,1,false,однородная,0.998995983935743
19,3,0,1023,5,1028,0,false,однородная,0.995136186770428
20,1,0,951,14,965,8,false,однородная,0.9854922279792746
20,2,0,998,7,1005,2,false,однородная,0.9930348258706467
20,3,0,1007,11,1018,2,false,однородная,0.9891944990176817
21,1,0,953,32,985,9,false,однородная,0.9675126903553299
21,2,0,979,16,995,3,false,однородная,0.9839195979899498
21,3,0,987,16,1003,5,false,однородная,0.9840478564307079
22,1,0,903,75,978,12,false,однородная,0.9233128834355828
22,2,0,972,19,991,9,false,однородная,0.9808274470232089
22,3,0,980,21,1001,9,false,однородная,0.9790209790209791
23,1,0,949,29,978,15,false,однородная,0.9703476482617587
23,2,0,970,19,989,11,false,однородная,0.980788675429727
23,3,0,953,44,997,10,false,однородная,0.9558676028084253
24,1,0,977,5,982,17,false,однородная,0.994908350305499
24,2,0,961,22,983,17,false,однородная,0.9776195320447609
24,3,0,953,30,983,18,false,однородная,0.9694811800610377
25,1,0,980,2,982,17,false,однородная,0.9979633401221996
25,2,0,966,8,974,24,false,однородная,0.9917864476386037
25,3,0,972,8,980,23,false,однородная,0.9918367346938776
26,1,0,971,0,971,17,false,однородная,1.0
26,2,0,966,0,966,25,false,однородная,1.0
26,3,0,998,0,998,23,false,однородная,1.0
27,1,0,971,0,971,17,false,однородная,1.0
27,2,0,957,0,957,25,false,однородная,1.0
27,3,0,1007,0,1007,23,false,однородная,1.0
28,1,0,970,1,971,18,false,однородная,0.9989701338825953
28,2,0,952,0,952,25,false,однородная,1.0
28,3,0,1011,0,1011,23,false,однородная,1.0
29,1,0,971,1,972,18,false,однородная,0.9989711934156379
29,2,0,949,1,950,25,false,однородная,0.9989473684210526
29,3,0,1012,0,1012,23,false,однородная,1.0
30,1,0,971,1,972,18,false,однородная,0.9989711934156379
30,2,0,961,1,962,25,false,однородная,0.998960498960499
30,3,0,1000,0,1000,23,false,однородная,1.0
31,1,0,969,3,972,19,false,однородная,0.9969135802469136
31,2,0,954,4,958,26,false,однородная,0.9958246346555324
31,3,0,1000,2,1002,23,false,однородная,0.998003992015968
32,1,0,964,5,969,21,false,однородная,0.9948400412796697
32,2,0,952,4,956,26,false,однородная,0.99581589958159
32,3,0,1005,0,1005,23,false,однородная,1.0
33,1,0,939,19,958,23,false,однородная,0.9801670146137788
33,2,0,949,1,950,26,false,однородная,0.9989473684210526
33,3,0,999,18,1017,26,false,однородная,0.9823008849557522
34,1,0,933,34,967,24,false,однородная,0.9648397104446742
34,2,0,923,17,940,26,false,однородная,0.9819148936170212
34,3,0,998,14,1012,31,false,однородная,0.9861660079051383
35,1,0,928,29,957,30,false,однородная,0.9696969696969697
35,2,0,899,36,935,29,false,однородная,0.9614973262032086
35,3,0,994,22,1016,33,false,однородная,0.9783464566929134
36,1,0,929,25,954,34,false,однородная,0.9737945492662474
36,2,0,909,23,932,32,false,однородная,0.9753218884120172
36,3,0,977,31,1008,40,false,однородная,0.9692460317460317
37,1,0,935,13,948,38,false,однородная,0.9862869198312236
37,2,0,913,20,933,35,false,однородная,0.9785637727759914
37,3,0,992,9,1001,45,false,однородная,0.991008991008991
38,1,0,955,3,958,41,false,однородная,0.9968684759916493
38,2,0,922,14,936,42,false,однородная,0.9850427350427351
38,3,0,969,4,973,50,false,однородная,0.9958890030832477
39,1,0,950,0,950,43,false,однородная,1.0
39,2,0,926,0,926,43,false,однородная,1.0
39,3,0,987,0,987,51,false,однородная,1.0
40,1,0,945,0,945,43,false,однородная,1.0
40,2,0,932,0,932,43,false,однородная,1.0
40,3,0,986,0,986,51,false,однородная,1.0
41,1,0,948,1,949,43,false,однородная,0.9989462592202318
41,2,0,911,0,911,43,false,однородная,1.0
41,3,0,1003,0,1003,51,false,однородная,1.0
42,1,0,964,0,964,43,false,однородная,1.0
42,2,0,901,0,901,43,false,однородная,1.0
42,3,0,998,0,998,51,false,однородная,1.0
43,1,0,969,0,969,43,false,однородная,1.0
43,2,0,881,1,882,43,false,однородная,0.9988662131519275
43,3,0,1011,1,1012,51,false,однородная,0.9990118577075099
44,1,0,963,3,966,43,false,однородная,0.9968944099378882
44,2,0,885,2,887,44,false,однородная,0.9977452085682075
44,3,0,1006,3,1009,51,false,однородная,0.9970267591674926
45,1,0,933,9,942,44,false,однородная,0.9904458598726115
45,2,0,890,6,896,46,false,однородная,0.9933035714285714
45,3,0,1018,2,1020,52,false,однородная,0.9980392156862745
46,1,0,921,13,934,45,false,однородная,0.9860813704496788
46,2,0,907,5,912,46,false,однородная,0.9945175438596491
46,3,0,992,18,1010,53,false,однородная,0.9821782178217822
47,1,0,924,32,956,45,false,однородная,0.9665271966527197
47,2,0,901,16,917,48,false,однородная,0.9825517993456925
47,3,0,952,27,979,55,false,однородная,0.9724208375893769
48,1,0,921,37,958,47,false,однородная,0.9613778705636743
48,2,0,903,22,925,49,false,однородная,0.9762162162162162
48,3,0,933,33,966,55,false,однородная,0.9658385093167702
49,1,0,937,20,957,51,false,однородная,0.9791013584117032
49,2,0,920,21,941,52,false,однородная,0.9776833156216791
49,3,0,898,43,941,58,false,однородная,0.9543039319872476
50,1,0,953,6,959,52,false,однородная,0.9937434827945777
50,2,0,921,17,938,56,false,однородная,0.9818763326226013
50,3,0,923,13,936,59,false,однородная,0.9861111111111112
51,1,0,939,4,943,53,false,однородная,0.9957582184517497
51,2,0,938,8,946,62,false,однородная,0.9915433403805497
51,3,0,931,4,935,61,false,однородная,0.9957219251336898
52,1,0,942,0,942,53,false,однородная,1.0
52,2,0,960,1,961,63,false,однородная,0.9989594172736732
52,3,0,918,0,918,63,false,однородная,1.0
53,1,0,950,0,950,53,false,однородная,1.0
53,2,0,956,0,956,63,false,однородная,1.0
53,3,0,915,0,915,63,false,однородная,1.0
54,1,0,945,0,945,53,false,однородная,1.0
54,2,0,957,0,957,63,false,однородная,1.0
54,3,0,919,0,919,63,false,однородная,1.0
55,1,0,941,1,942,54,false,однородная,0.9989384288747346
55,2,0,954,0,954,63,false,однородная,1.0
55,3,0,924,0,924,63,false,однородная,1.0
56,1,0,950,0,950,54,false,однородная,1.0
56,2,0,939,1,940,63,false,однородная,0.9989361702127659
56,3,0,930,0,930,63,false,однородная,1.0
57,1,0,940,8,948,54,false,однородная,0.9915611814345991
57,2,0,937,1,938,64,false,однородная,0.9989339019189766
57,3,0,929,3,932,64,false,однородная,0.9967811158798283
58,1,0,956,8,964,55,false,однородная,0.991701244813278
58,2,0,925,3,928,65,false,однородная,0.9967672413793104
58,3,0,919,4,923,65,false,однородная,0.9956663055254604
59,1,0,964,7,971,56,false,однородная,0.9927909371781668
59,2,0,914,10,924,65,false,однородная,0.9891774891774892
59,3,0,911,8,919,65,false,однородная,0.9912948857453754
60,1,0,934,29,963,59,false,однородная,0.9698857736240913
60,2,0,909,29,938,65,false,однородная,0.9690831556503199
60,3,0,885,25,910,65,false,однородная,0.9725274725274725
61,1,0,931,24,955,60,false,однородная,0.974869109947644
61,2,0,913,31,944,66,false,однородная,0.9671610169491526
61,3,0,869,36,905,70,false,однородная,0.9602209944751381
62,1,0,939,20,959,64,false,однородная,0.9791449426485923
62,2,0,894,34,928,71,false,однородная,0.9633620689655172
62,3,0,876,28,904,74,false,однородная,0.9690265486725663
63,1,0,928,7,935,67,false,однородная,0.9925133689839573
63,2,0,910,22,932,78,false,однородная,0.9763948497854077
63,3,0,901,8,909,79,false,однородная,0.9911991199119912
64,1,0,915,7,922,68,false,однородная,0.9924078091106291
64,2,0,935,5,940,80,false,однородная,0.9946808510638298
64,3,0,900,7,907,83,false,однородная,0.9922822491730982
65,1,0,936,0,936,69,false,однородная,1.0
65,2,0,924,0,924,82,false,однородная,1.0
65,3,0,905,0,905,84,false,однородная,1.0
66,1,0,932,0,932,69,false,однородная,1.0
66,2,0,932,0,932,82,false,однородная,1.0
66,3,0,901,0,901,84,false,однородная,1.0
67,1,0,928,0,928,69,false,однородная,1.0
67,2,0,934,0,934,82,false,однородная,1.0
67,3,0,901,1,902,85,false,однородная,0.9988913525498891
68,1,0,935,0,935,70,false,однородная,1.0
68,2,0,938,2,940,82,false,однородная,0.997872340425532
68,3,0,888,0,888,85,false,однородная,1.0
69,1,0,931,0,931,70,false,однородная,1.0
69,2,0,944,1,945,82,false,однородная,0.9989417989417989
69,3,0,886,0,886,86,false,однородная,1.0
70,1,0,907,6,913,71,false,однородная,0.9934282584884995
70,2,0,963,0,963,84,false,однородная,1.0
70,3,0,877,4,881,88,false,однородная,0.9954597048808173
71,1,0,894,6,900,71,false,однородная,0.9933333333333333
71,2,0,956,4,960,85,false,однородная,0.9958333333333333
71,3,0,890,6,896,88,false,однородная,0.9933035714285714
72,1,0,907,7,914,72,false,однородная,0.9923413566739606
72,2,0,941,9,950,86,false,однородная,0.9905263157894737
72,3,0,882,8,890,88,false,однородная,0.9910112359550561
73,1,0,880,24,904,74,false,однородная,0.9734513274336283
73,2,0,923,25,948,86,false,однородная,0.9736286919831224
73,3,0,875,25,900,88,false,однородная,0.9722222222222222
74,1,0,847,45,892,76,false,однородная,0.9495515695067265
74,2,0,927,25,952,88,false,однородная,0.9737394957983193
74,3,0,871,33,904,88,false,однородная,0.963495575221239
75,1,0,870,25,895,80,false,однородная,0.9720670391061452
75,2,0,894,46,940,91,false,однородная,0.951063829787234
75,3,0,895,9,904,90,false,однородная,0.9900442477876106
76,1,0,885,12,897,88,false,однородная,0.9866220735785953
76,2,0,918,11,929,95,false,однородная,0.9881593110871906
76,3,0,881,16,897,94,false,однородная,0.9821627647714605
77,1,0,879,9,888,91,false,однородная,0.9898648648648649
77,2,0,915,5,920,100,false,однородная,0.9945652173913043
77,3,0,894,7,901,100,false,однородная,0.9922308546059934
78,1,0,886,0,886,91,false,однородная,1.0
78,2,0,929,0,929,101,false,однородная,1.0
78,3,0,892,0,892,101,false,однородная,1.0
79,1,0,899,0,899,91,false,однородная,1.0
79,2,0,920,0,920,101,false,однородная,1.0
79,3,0,888,0,888,101,false,однородная,1.0
80,1,0,892,0,892,91,false,однородная,1.0
80,2,0,919,0,919,101,false,однородная,1.0
80,3,0,896,0,896,101,false,однородная,1.0
81,1,0,875,2,877,91,false,однородная,0.9977194982896237
81,2,0,930,1,931,101,false,однородная,0.9989258861439313
81,3,0,899,0,899,101,false,однородная,1.0
82,1,0,864,1,865,92,false,однородная,0.9988439306358381
82,2,0,939,0,939,101,false,однородная,1.0
82,3,0,901,1,902,101,false,однородная,0.9988913525498891
83,1,0,864,4,868,92,false,однородная,0.9953917050691244
83,2,0,931,2,933,101,false,однородная,0.9978563772775991
83,3,0,901,4,905,101,false,однородная,0.9955801104972376
84,1,0,855,7,862,92,false,однородная,0.9918793503480279
84,2,0,938,3,941,102,false,однородная,0.9968119022316685
84,3,0,897,5,902,101,false,однородная,0.9944567627494457
85,1,0,871,6,877,92,false,однородная,0.9931584948688712
85,2,0,910,16,926,102,false,однородная,0.9827213822894169
85,3,0,894,8,902,101,false,однородная,0.991130820399113
86,1,0,839,23,862,96,false,однородная,0.9733178654292344
86,2,0,891,27,918,104,false,однородная,0.9705882352941176
86,3,0,890,27,917,103,false,однородная,0.9705561613958561
87,1,0,837,25,862,98,false,однородная,0.9709976798143851
87,2,0,884,42,926,105,false,однородная,0.9546436285097192
87,3,0,869,37,906,103,false,однородная,0.9591611479028698
88,1,0,853,22,875,100,false,однородная,0.9748571428571429
88,2,0,850,54,904,106,false,однородная,0.9402654867256637
88,3,0,895,16,911,104,false,однородная,0.9824368825466521
89,1,0,865,9,874,100,false,однородная,0.9897025171624714
89,2,0,895,9,904,108,false,однородная,0.9900442477876106
89,3,0,888,16,904,110,false,однородная,0.9823008849557522
90,1,0,860,0,860,104,false,однородная,1.0
90,2,0,888,6,894,111,false,однородная,0.9932885906040269
90,3,0,912,5,917,114,false,однородная,0.9945474372955289
91,1,0,878,1,879,104,false,однородная,0.9988623435722411
91,2,0,892,0,892,111,false,однородная,1.0
91,3,0,899,0,899,115,false,однородная,1.0
92,1,0,885,0,885,104,false,однородная,1.0
92,2,0,881,0,881,111,false,однородная,1.0
92,3,0,904,0,904,115,false,однородная,1.0
93,1,0,880,0,880,104,false,однородная,1.0
93,2,0,888,0,888,111,false,однородная,1.0
93,3,0,902,0,902,115,false,однородная,1.0
94,1,0,888,0,888,104,false,однородная,1.0
94,2,0,874,0,874,111,false,однородная,1.0
94,3,0,907,1,908,115,false,однородная,0.998898678414097
95,1,0,894,1,895,104,false,однородная,0.9988826815642458
95,2,0,878,1,879,111,false,однородная,0.9988623435722411
95,3,0,893,2,895,116,false,однородная,0.9977653631284916
96,1,0,883,1,884,105,false,однородная,0.998868778280543
96,2,0,893,1,894,111,false,однородная,0.9988814317673378
96,3,0,886,4,890,116,false,однородная,0.9955056179775281
97,1,0,875,5,880,106,false,однородная,0.9943181818181818
97,2,0,881,4,885,111,false,однородная,0.9954802259887006
97,3,0,895,6,901,117,false,однородная,0.9933407325194229
98,1,0,872,8,880,106,false,однородная,0.990909090909091
98,2,0,866,13,879,113,false,однородная,0.9852104664391353
98,3,0,900,2,902,120,false,однородная,0.9977827050997783
99,1,0,849,30,879,110,false,однородная,0.9658703071672355
99,2,0,856,16,872,119,false,однородная,0.981651376146789
99,3,0,879,20,899,121,false,однородная,0.9777530589543938
100,1,0,844,25,869,113,false,однородная,0.9712313003452244
100,2,0,838,42,880,121,false,однородная,0.9522727272727273
100,3,0,866,27,893,124,false,однородная,0.9697648376259799
101,1,0,809,41,850,117,false,однородная,0.951764705882353
101,2,0,829,50,879,124,false,однородная,0.9431171786120591
101,3,0,889,13,902,128,false,однородная,0.9855875831485588
102,1,0,828,10,838,122,false,однородная,0.9880668257756563
102,2,0,874,11,885,126,false,однородная,0.9875706214689266
102,3,0,883,11,894,135,false,однородная,0.9876957494407159
103,1,0,821,3,824,125,false,однородная,0.9963592233009708
103,2,0,881,9,890,129,false,однородная,0.9898876404494382
103,3,0,887,6,893,139,false,однородная,0.9932810750279956
104,1,0,834,1,835,125,false,однородная,0.9988023952095808
104,2,0,877,0,877,130,false,однородная,1.0
104,3,0,894,0,894,139,false,однородная,1.0
105,1,0,827,0,827,125,false,однородная,1.0
105,2,0,885,0,885,130,false,однородная,1.0
105,3,0,894,0,894,139,false,однородная,1.0
106,1,0,836,0,836,125,false,однородная,1.0
106,2,0,874,0,874,131,false,однородная,1.0
106,3,0,895,0,895,139,false,однородная,1.0
107,1,0,851,0,851,125,false,однородная,1.0
107,2,0,867,1,868,131,false,однородная,0.9988479262672811
107,3,0,884,1,885,140,false,однородная,0.9988700564971752
108,1,0,851,0,851,125,false,однородная,1.0
108,2,0,885,1,886,132,false,однородная,0.9988713318284425
108,3,0,865,1,866,140,false,однородная,0.9988452655889145
109,1,0,837,4,841,125,false,однородная,0.995243757431629
109,2,0,889,1,890,132,false,однородная,0.998876404494382
109,3,0,867,5,872,140,false,однородная,0.9942660550458715
110,1,0,843,8,851,125,false,однородная,0.9905992949471211
110,2,0,875,3,878,132,false,однородная,0.9965831435079726
110,3,0,869,5,874,140,false,однородная,0.994279176201373
111,1,0,850,9,859,125,false,однородная,0.989522700814901
111,2,0,873,2,875,133,false,однородная,0.9977142857142857
111,3,0,860,8,868,140,false,однородная,0.9907834101382489
112,1,0,804,29,833,126,false,однородная,0.9651860744297719
112,2,0,862,23,885,134,false,однородная,0.9740112994350283
112,3,0,864,18,882,140,false,однородная,0.9795918367346939
113,1,0,804,19,823,129,false,однородная,0.976913730255164
113,2,0,873,23,896,137,false,однородная,0.9743303571428571
113,3,0,847,24,871,144,false,однородная,0.9724454649827784
114,1,0,794,28,822,130,false,однородная,0.9659367396593674
114,2,0,862,35,897,138,false,однородная,0.9609810479375697
114,3,0,844,24,868,145,false,однородная,0.9723502304147466
115,1,0,809,13,822,133,false,однородная,0.9841849148418491
115,2,0,879,19,898,141,false,однородная,0.9788418708240535
115,3,0,848,9,857,149,false,однородная,0.9894982497082847
116,1,0,810,3,813,138,false,однородная,0.996309963099631
116,2,0,886,10,896,144,false,однородная,0.9888392857142857
116,3,0,848,11,859,150,false,однородная,0.9871944121071012
117,1,0,826,1,827,139,false,однородная,0.9987908101571947
117,2,0,888,0,888,144,false,однородная,1.0
117,3,0,852,0,852,150,false,однородная,1.0
118,1,0,815,0,815,139,false,однородная,1.0
118,2,0,900,0,900,144,false,однородная,1.0
118,3,0,852,0,852,150,false,однородная,1.0
119,1,0,829,1,830,139,false,однородная,0.9987951807228915
119,2,0,909,0,909,144,false,однородная,1.0
119,3,0,828,0,828,150,false,однородная,1.0
120,1,0,819,1,820,139,false,однородная,0.998780487804878
120,2,0,906,0,906,145,false,однородная,1.0
120,3,0,839,0,839,151,false,однородная,1.0
0,1,1000,0,0,1000,0,false,неоднородная,0.0
0,2,1000,0,0,1000,0,false,неоднородная,0.0
0,3,997,3,0,1000,0,false,неоднородная,0.003
1,1,987,1,0,988,0,false,неоднородная,0.0010121457489878543
1,2,1011,0,0,1011,0,false,неоднородная,0.0
1,3,995,6,0,1001,0,false,неоднородная,0.005994005994005994
2,1,975,3,0,978,0,false,неоднородная,0.003067484662576687
2,2,1003,0,0,1003,0,false,неоднородная,0.0
2,3,1012,7,0,1019,0,false,неоднородная,0.0068694798822374874
3,1,975,4,0,979,0,false,неоднородная,0.0040858018386108275
3,2,999,0,0,999,0,false,неоднородная,0.0
3,3,1006,16,0,1022,0,false,неоднородная,0.015655577299412915
4,1,982,8,0,990,0,false,неоднородная,0.00808080808080808
4,2,989,0,0,989,0,false,неоднородная,0.0
4,3,993,28,0,1021,0,false,неоднородная,0.02742409402546523
5,1,980,8,0,988,0,false,неоднородная,0.008097165991902834
5,2,983,1,0,984,0,false,неоднородная,0.0010162601626016261
5,3,969,59,0,1028,0,false,неоднородная,0.057392996108949414
6,1,974,18,0,992,0,false,неоднородная,0.018145161290322582
6,2,985,4,0,989,0,false,неоднородная,0.004044489383215369
6,3,906,113,0,1019,0,false,неоднородная,0.11089303238469088
7,1,967,29,0,996,0,false,неоднородная,0.029116465863453816
7,2,989,8,0,997,0,false,неоднородная,0.00802407221664995
7,3,757,250,0,1007,0,false,неоднородная,0.24826216484607747
8,1,969,33,0,1002,0,false,неоднородная,0.03293413173652695
8,2,961,36,0,997,0,false,неоднородная,0.03610832497492478
8,3,444,557,0,1001,0,false,неоднородная,0.5564435564435565
9,1,944,55,0,999,0,false,неоднородная,0.055055055055055056
9,2,900,96,0,996,0,false,неоднородная,0.0963855421686747
9,3,0,1005,0,1005,0,false,неоднородная,1.0
10,1,909,89,0,998,0,false,неоднородная,0.08917835671342686
10,2,807,191,0,998,0,false,неоднородная,0.19138276553106212
10,3,0,1004,0,1004,0,false,неоднородная,1.0
11,1,862,130,0,992,0,false,неоднородная,0.1310483870967742
11,2,646,358,0,1004,0,false,неоднородная,0.3565737051792829
11,3,0,1004,0,1004,0,false,неоднородная,1.0
12,1,796,175,0,971,0,false,неоднородная,0.18022657054582905
12,2,436,576,0,1012,0,false,неоднородная,0.5691699604743083
12,3,0,1017,0,1017,0,false,неоднородная,1.0
13,1,738,237,2,977,0,false,неоднородная,0.24257932446264074
13,2,97,908,0,1005,0,false,неоднородная,0.9034825870646767
13,3,0,1018,0,1018,0,false,неоднородная,1.0
14,1,672,303,4,979,0,false,неоднородная,0.30949948927477017
14,2,0,1007,0,1007,0,false,неоднородная,1.0
14,3,0,1014,0,1014,0,false,неоднородная,1.0
15,1,596,379,5,980,0,false,неоднородная,0.386734693877551
15,2,0,1020,0,1020,0,false,неоднородная,1.0
15,3,1,998,1,1000,0,false,неоднородная,0.998
16,1,504,480,6,990,0,false,неоднородная,0.48484848484848486
16,2,0,1017,0,1017,0,false,неоднородная,1.0
16,3,0,992,1,993,0,false,неоднородная,0.998992950654582
17,1,423,554,15,992,0,false,неоднородная,0.5584677419354839
17,2,0,1017,0,1017,0,false,неоднородная,1.0
17,3,0,989,2,991,0,false,неоднородная,0.9979818365287588
18,1,359,617,24,1000,1,false,неоднородная,0.617
18,2,0,1014,0,1014,1,false,неоднородная,1.0
18,3,0,982,2,984,0,false,неоднородная,0.9979674796747967
19,1,252,710,41,1003,3,false,неоднородная,0.707876370887338
19,2,0,1005,5,1010,1,false,неоднородная,0.995049504950495
19,3,0,976,7,983,0,false,неоднородная,0.9928789420142421
20,1,155,767,79,1001,3,false,неоднородная,0.7662337662337663
20,2,0,1002,12,1014,1,false,неоднородная,0.9881656804733728
20,3,0,963,15,978,3,false,неоднородная,0.9846625766871165
21,1,68,781,145,994,7,false,неоднородная,0.7857142857142857
21,2,0,990,25,1015,3,false,неоднородная,0.9753694581280788
21,3,0,949,24,973,8,false,неоднородная,0.9753340184994861
22,1,5,820,173,998,8,false,неоднородная,0.8216432865731463
22,2,0,1013,3,1016,4,false,неоднородная,0.9970472440944882
22,3,0,960,3,963,11,false,неоднородная,0.9968847352024922
23,1,0,887,92,979,8,false,неоднородная,0.906026557711951
23,2,0,999,13,1012,5,false,неоднородная,0.9871541501976284
23,3,0,983,1,984,12,false,неоднородная,0.9989837398373984
24,1,0,967,10,977,10,false,неоднородная,0.9897645854657113
24,2,0,1017,4,1021,7,false,неоднородная,0.9960822722820764
24,3,0,971,2,973,12,false,неоднородная,0.9979445015416238
25,1,0,966,7,973,14,false,неоднородная,0.9928057553956835
25,2,0,999,15,1014,12,false,неоднородная,0.985207100591716
25,3,0,974,0,974,13,false,неоднородная,1.0
26,1,0,963,5,968,18,false,неоднородная,0.9948347107438017
26,2,0,1019,1,1020,15,false,неоднородная,0.9990196078431373
26,3,0,966,0,966,13,false,неоднородная,1.0
27,1,0,965,6,971,19,false,неоднородная,0.9938208032955715
27,2,0,1020,1,1021,15,false,неоднородная,0.9990205680705191
27,3,0,960,0,960,14,false,неоднородная,1.0
28,1,0,973,1,974,19,false,неоднородная,0.9989733059548255
28,2,0,1020,1,1021,15,false,неоднородная,0.9990205680705191
28,3,0,954,3,957,14,false,неоднородная,0.9968652037617555
29,1,0,969,7,976,19,false,неоднородная,0.992827868852459
29,2,0,1027,3,1030,15,false,неоднородная,0.9970873786407767
29,3,0,941,3,944,16,false,неоднородная,0.996822033898305
30,1,0,969,3,972,20,false,неоднородная,0.9969135802469136
30,2,0,1028,1,1029,15,false,неоднородная,0.9990281827016521
30,3,0,945,1,946,18,false,неоднородная,0.9989429175475687
31,1,0,962,12,974,22,false,неоднородная,0.9876796714579056
31,2,0,1022,2,1024,16,false,неоднородная,0.998046875
31,3,0,943,1,944,20,false,неоднородная,0.9989406779661016
32,1,0,943,27,970,23,false,неоднородная,0.9721649484536082
32,2,0,1031,5,1036,16,false,неоднородная,0.9951737451737451
32,3,0,927,5,932,23,false,неоднородная,0.9946351931330472
33,1,0,903,73,976,23,false,неоднородная,0.9252049180327869
33,2,0,998,16,1014,17,false,неоднородная,0.9842209072978304
33,3,0,941,5,946,24,false,неоднородная,0.9947145877378436
34,1,0,879,106,985,29,false,неоднородная,0.8923857868020305
34,2,0,952,31,983,20,false,неоднородная,0.9684638860630722
34,3,0,942,15,957,26,false,неоднородная,0.9843260188087775
35,1,0,848,128,976,32,false,неоднородная,0.8688524590163934
35,2,0,988,4,992,20,false,неоднородная,0.9959677419354839
35,3,0,952,2,954,26,false,неоднородная,0.9979035639412998
36,1,0,863,109,972,33,false,неоднородная,0.8878600823045267
36,2,0,978,11,989,21,false,неоднородная,0.9888776541961577
36,3,0,954,2,956,29,false,неоднородная,0.997907949790795
37,1,0,874,85,959,35,false,неоднородная,0.9113660062565172
37,2,0,988,2,990,23,false,неоднородная,0.997979797979798
37,3,0,960,3,963,30,false,неоднородная,0.9968847352024922
38,1,0,927,30,957,37,false,неоднородная,0.9686520376175548
38,2,0,978,9,987,29,false,неоднородная,0.9908814589665653
38,3,0,955,3,958,32,false,неоднородная,0.9968684759916493
39,1,0,923,25,948,39,false,неоднородная,0.9736286919831224
39,2,0,978,5,983,33,false,неоднородная,0.9949135300101729
39,3,0,964,0,964,33,false,неоднородная,1.0
40,1,0,939,5,944,40,false,неоднородная,0.9947033898305084
40,2,0,968,1,969,34,false,неоднородная,0.9989680082559339
40,3,0,980,0,980,33,false,неоднородная,1.0
41,1,0,947,3,950,41,false,неоднородная,0.9968421052631579
41,2,0,962,1,963,34,false,неоднородная,0.9989615784008308
41,3,0,975,2,977,35,false,неоднородная,0.9979529170931423
42,1,0,944,4,948,41,false,неоднородная,0.9957805907172996
42,2,0,964,5,969,34,false,неоднородная,0.9948400412796697
42,3,0,971,1,972,36,false,неоднородная,0.9989711934156379
43,1,0,941,4,945,41,false,неоднородная,0.9957671957671957
43,2,0,960,1,961,35,false,неоднородная,0.9989594172736732
43,3,0,981,0,981,37,false,неоднородная,1.0
44,1,0,937,9,946,41,false,неоднородная,0.9904862579281184
44,2,0,952,4,956,37,false,неоднородная,0.99581589958159
44,3,0,979,2,981,39,false,неоднородная,0.9979612640163099
45,1,0,937,19,956,43,false,неоднородная,0.9801255230125523
45,2,0,934,3,937,38,false,неоднородная,0.9967982924226254
45,3,0,977,7,984,42,false,неоднородная,0.9928861788617886
46,1,0,901,54,955,44,false,неоднородная,0.9434554973821989
46,2,0,926,19,945,38,false,неоднородная,0.9798941798941799
46,3,0,968,6,974,44,false,неоднородная,0.9938398357289527
47,1,0,859,97,956,48,false,неоднородная,0.8985355648535565
47,2,0,902,32,934,41,false,неоднородная,0.9657387580299786
47,3,0,957,18,975,46,false,неоднородная,0.9815384615384616
48,1,0,863,108,971,48,false,неоднородная,0.8887744593202883
48,2,0,914,0,914,43,false,неоднородная,1.0
48,3,0,974,2,976,48,false,неоднородная,0.9979508196721312
49,1,0,859,110,969,48,false,неоднородная,0.8864809081527347
49,2,0,903,8,911,45,false,неоднородная,0.991218441273326
49,3,0,974,2,976,51,false,неоднородная,0.9979508196721312
50,1,0,851,107,958,51,false,неоднородная,0.8883089770354906
50,2,0,902,4,906,48,false,неоднородная,0.9955849889624724
50,3,0,982,3,985,52,false,неоднородная,0.9969543147208122
51,1,0,834,118,952,51,false,неоднородная,0.8760504201680672
51,2,0,891,9,900,51,false,неоднородная,0.99
51,3,0,991,2,993,53,false,неоднородная,0.9979859013091642
52,1,0,873,87,960,51,false,неоднородная,0.909375
52,2,0,899,1,900,53,false,неоднородная,0.9988888888888889
52,3,0,981,2,983,53,false,неоднородная,0.9979654120040692
53,1,0,957,1,958,51,false,неоднородная,0.9989561586638831
53,2,0,899,1,900,53,false,неоднородная,0.9988888888888889
53,3,0,982,0,982,56,false,неоднородная,1.0
54,1,0,955,1,956,52,false,неоднородная,0.9989539748953975
54,2,0,907,3,910,54,false,неоднородная,0.9967032967032967
54,3,0,969,3,972,56,false,неоднородная,0.9969135802469136
55,1,0,948,0,948,53,false,неоднородная,1.0
55,2,0,916,3,919,54,false,неоднородная,0.9967355821545157
55,3,0,966,4,970,56,false,неоднородная,0.9958762886597938
56,1,0,950,1,951,53,false,неоднородная,0.9989484752891693
56,2,0,920,3,923,56,false,неоднородная,0.9967497291440953
56,3,0,961,0,961,56,false,неоднородная,1.0
57,1,0,929,10,939,53,false,неоднородная,0.9893503727369543
57,2,0,917,4,921,56,false,неоднородная,0.995656894679696
57,3,0,973,1,974,57,false,неоднородная,0.9989733059548255
58,1,0,933,11,944,53,false,неоднородная,0.9883474576271186
58,2,0,912,3,915,59,false,неоднородная,0.9967213114754099
58,3,0,966,6,972,57,false,неоднородная,0.9938271604938271
59,1,0,886,23,909,56,false,неоднородная,0.9746974697469747
59,2,0,908,15,923,59,false,неоднородная,0.9837486457204767
59,3,0,990,6,996,57,false,неоднородная,0.9939759036144579
60,1,0,838,61,899,58,false,неоднородная,0.932146829810901
60,2,0,896,30,926,60,false,неоднородная,0.9676025917926566
60,3,0,984,13,997,60,false,неоднородная,0.9869608826479438
61,1,0,828,59,887,58,false,неоднородная,0.9334836527621195
61,2,0,921,4,925,65,false,неоднородная,0.9956756756756757
61,3,0,999,4,1003,62,false,неоднородная,0.996011964107677
62,1,0,839,46,885,59,false,неоднородная,0.9480225988700565
62,2,0,926,2,928,65,false,неоднородная,0.9978448275862069
62,3,0,997,4,1001,62,false,неоднородная,0.996003996003996
63,1,0,863,28,891,59,false,неоднородная,0.9685746352413019
63,2,0,909,3,912,68,false,неоднородная,0.9967105263157895
63,3,0,1000,5,1005,65,false,неоднородная,0.9950248756218906
64,1,0,870,34,904,59,false,неоднородная,0.9623893805309734
64,2,0,898,1,899,70,false,неоднородная,0.9988876529477196
64,3,0,995,4,999,69,false,неоднородная,0.995995995995996
65,1,0,863,46,909,63,false,неоднородная,0.9493949394939494
65,2,0,886,2,888,72,false,неоднородная,0.9977477477477478
65,3,0,996,2,998,70,false,неоднородная,0.9979959919839679
66,1,0,905,3,908,67,false,неоднородная,0.9966960352422908
66,2,0,880,1,881,72,false,неоднородная,0.9988649262202043
66,3,0,1001,0,1001,71,false,неоднородная,1.0
67,1,0,911,2,913,67,false,неоднородная,0.9978094194961665
67,2,0,870,3,873,72,false,неоднородная,0.9965635738831615
67,3,0,1001,2,1003,72,false,неоднородная,0.9980059820538385
68,1,0,914,1,915,67,false,неоднородная,0.9989071038251366
68,2,0,880,0,880,72,false,неоднородная,1.0
68,3,0,989,4,993,73,false,неоднородная,0.9959718026183283
69,1,0,914,2,916,68,false,неоднородная,0.9978165938864629
69,2,0,879,3,882,72,false,неоднородная,0.9965986394557823
69,3,0,988,0,988,74,false,неоднородная,1.0
70,1,0,900,11,911,69,false,неоднородная,0.9879253567508233
70,2,0,882,3,885,72,false,неоднородная,0.9966101694915255
70,3,0,987,1,988,75,false,неоднородная,0.9989878542510121
71,1,0,899,14,913,71,false,неоднородная,0.9846659364731654
71,2,0,868,6,874,74,false,неоднородная,0.9931350114416476
71,3,0,989,4,993,75,false,неоднородная,0.9959718026183283
72,1,0,865,36,901,72,false,неоднородная,0.9600443951165372
72,2,0,875,13,888,74,false,неоднородная,0.9853603603603603
72,3,0,987,3,990,75,false,неоднородная,0.996969696969697
73,1,0,827,83,910,75,false,неоднородная,0.9087912087912088
73,2,0,870,16,886,75,false,неоднородная,0.981941309255079
73,3,0,961,13,974,80,false,неоднородная,0.9866529774127311
74,1,0,828,101,929,76,false,неоднородная,0.891280947255113
74,2,0,880,4,884,76,false,неоднородная,0.995475113122172
74,3,0,950,5,955,80,false,неоднородная,0.9947643979057592
75,1,0,832,105,937,77,false,неоднородная,0.887940234791889
75,2,0,877,6,883,77,false,неоднородная,0.9932049830124575
75,3,0,943,1,944,82,false,неоднородная,0.9989406779661016
76,1,0,816,114,930,79,false,неоднородная,0.8774193548387097
76,2,0,883,6,889,78,false,неоднородная,0.9932508436445444
76,3,0,936,4,940,84,false,неоднородная,0.9957446808510638
77,1,0,809,111,920,83,false,неоднородная,0.8793478260869565
77,2,0,891,5,896,79,false,неоднородная,0.9944196428571429
77,3,0,932,4,936,86,false,неоднородная,0.9957264957264957
78,1,0,805,116,921,84,false,неоднородная,0.8740499457111836
78,2,0,898,1,899,80,false,неоднородная,0.9988876529477196
78,3,0,929,1,930,86,false,неоднородная,0.9989247311827957
79,1,0,899,11,910,84,false,неоднородная,0.987912087912088
79,2,0,897,1,898,80,false,неоднородная,0.9988864142538976
79,3,0,942,0,942,86,false,неоднородная,1.0
80,1,0,897,4,901,85,false,неоднородная,0.9955604883462819
80,2,0,900,2,902,80,false,неоднородная,0.9977827050997783
80,3,0,941,5,946,86,false,неоднородная,0.9947145877378436
81,1,0,904,4,908,85,false,неоднородная,0.9955947136563876
81,2,0,901,2,903,80,false,неоднородная,0.9977851605758582
81,3,0,935,3,938,86,false,неоднородная,0.9968017057569296
82,1,0,910,2,912,87,false,неоднородная,0.9978070175438597
82,2,0,908,0,908,80,false,неоднородная,1.0
82,3,0,926,0,926,87,false,неоднородная,1.0
83,1,0,925,4,929,88,false,неоднородная,0.9956942949407965
83,2,0,898,2,900,80,false,неоднородная,0.9977777777777778
83,3,0,914,1,915,88,false,неоднородная,0.9989071038251366
84,1,0,918,8,926,89,false,неоднородная,0.9913606911447084
84,2,0,893,5,898,80,false,неоднородная,0.9944320712694877
84,3,0,915,3,918,89,false,неоднородная,0.9967320261437909
85,1,0,912,24,936,89,false,неоднородная,0.9743589743589743
85,2,0,898,10,908,81,false,неоднородная,0.9889867841409692
85,3,0,893,3,896,90,false,неоднородная,0.9966517857142857
86,1,0,878,60,938,90,false,неоднородная,0.9360341151385928
86,2,0,903,10,913,83,false,неоднородная,0.9890470974808324
86,3,0,869,14,883,93,false,неоднородная,0.984144960362401
87,1,0,868,63,931,90,false,неоднородная,0.9323308270676691
87,2,0,901,6,907,84,false,неоднородная,0.9933847850055126
87,3,0,890,3,893,95,false,неоднородная,0.9966405375139977
88,1,0,854,62,916,93,false,неоднородная,0.9323144104803494
88,2,0,895,8,903,85,false,неоднородная,0.991140642303433
88,3,0,898,9,907,96,false,неоднородная,0.9900771775082691
89,1,0,886,37,923,96,false,неоднородная,0.9599133261105092
89,2,0,892,6,898,86,false,неоднородная,0.9933184855233853
89,3,0,896,4,900,97,false,неоднородная,0.9955555555555555
90,1,0,860,49,909,102,false,неоднородная,0.9460946094609461
90,2,0,912,1,913,87,false,неоднородная,0.9989047097480832
90,3,0,891,0,891,98,false,неоднородная,1.0
91,1,0,856,58,914,104,false,неоднородная,0.936542669584245
91,2,0,903,2,905,89,false,неоднородная,0.9977900552486187
91,3,0,883,7,890,98,false,неоднородная,0.9921348314606742
92,1,0,904,4,908,105,false,неоднородная,0.9955947136563876
92,2,0,910,2,912,92,false,неоднородная,0.9978070175438597
92,3,0,884,1,885,98,false,неоднородная,0.9988700564971752
93,1,0,911,5,916,105,false,неоднородная,0.9945414847161572
93,2,0,899,3,902,93,false,неоднородная,0.9966740576496674
93,3,0,885,1,886,98,false,неоднородная,0.9988713318284425
94,1,0,911,5,916,107,false,неоднородная,0.9945414847161572
94,2,0,899,5,904,93,false,неоднородная,0.9944690265486725
94,3,0,878,4,882,98,false,неоднородная,0.9954648526077098
95,1,0,900,3,903,108,false,неоднородная,0.9966777408637874
95,2,0,909,4,913,93,false,неоднородная,0.9956188389923329
95,3,0,884,0,884,99,false,неоднородная,1.0
96,1,0,882,8,890,109,false,неоднородная,0.9910112359550561
96,2,0,921,1,922,94,false,неоднородная,0.9989154013015185
96,3,0,883,1,884,101,false,неоднородная,0.998868778280543
97,1,0,873,5,878,110,false,неоднородная,0.9943052391799544
97,2,0,917,7,924,95,false,неоднородная,0.9924242424242424
97,3,0,888,4,892,101,false,неоднородная,0.9955156950672646
98,1,0,856,23,879,112,false,неоднородная,0.9738339021615472
98,2,0,920,8,928,96,false,неоднородная,0.9913793103448276
98,3,0,876,6,882,103,false,неоднородная,0.9931972789115646
99,1,0,825,54,879,115,false,неоднородная,0.9385665529010239
99,2,0,918,7,925,96,false,неоднородная,0.9924324324324324
99,3,0,876,5,881,104,false,неоднородная,0.9943246311010215
100,1,0,821,58,879,116,false,неоднородная,0.9340159271899886
100,2,0,919,3,922,98,false,неоднородная,0.9967462039045553
100,3,0,878,3,881,104,false,неоднородная,0.996594778660613
101,1,0,797,73,870,119,false,неоднородная,0.9160919540229885
101,2,0,903,9,912,99,false,неоднородная,0.9901315789473685
101,3,0,886,5,891,109,false,неоднородная,0.9943883277216611
102,1,0,807,65,872,120,false,неоднородная,0.9254587155963303
102,2,0,907,9,916,101,false,неоднородная,0.990174672489083
102,3,0,878,2,880,111,false,неоднородная,0.9977272727272727
103,1,0,786,87,873,120,false,неоднородная,0.9003436426116839
103,2,0,899,7,906,103,false,неоднородная,0.9922737306843267
103,3,0,882,0,882,116,false,неоднородная,1.0
104,1,0,766,104,870,121,false,неоднородная,0.8804597701149425
104,2,0,893,2,895,106,false,неоднородная,0.9977653631284916
104,3,0,887,2,889,119,false,неоднородная,0.9977502812148481
105,1,0,816,49,865,123,false,неоднородная,0.9433526011560693
105,2,0,893,3,896,106,false,неоднородная,0.9966517857142857
105,3,0,890,1,891,119,false,неоднородная,0.9988776655443322
106,1,0,863,2,865,123,false,неоднородная,0.9976878612716763
106,2,0,890,1,891,106,false,неоднородная,0.9988776655443322
106,3,0,893,1,894,121,false,неоднородная,0.9988814317673378
107,1,0,863,4,867,123,false,неоднородная,0.9953863898500577
107,2,0,891,0,891,106,false,неоднородная,1.0
107,3,0,890,1,891,122,false,неоднородная,0.9988776655443322
108,1,0,861,5,866,123,false,неоднородная,0.9942263279445728
108,2,0,894,1,895,106,false,неоднородная,0.9988826815642458
108,3,0,886,1,887,123,false,неоднородная,0.9988726042841037
109,1,0,846,3,849,123,false,неоднородная,0.9964664310954063
109,2,0,906,3,909,106,false,неоднородная,0.9966996699669967
109,3,0,886,2,888,125,false,неоднородная,0.9977477477477478
110,1,0,824,17,841,123,false,неоднородная,0.9797859690844233
110,2,0,906,3,909,107,false,неоднородная,0.9966996699669967
110,3,0,893,1,894,126,false,неоднородная,0.9988814317673378
111,1,0,828,28,856,125,false,неоднородная,0.9672897196261683
111,2,0,890,17,907,108,false,неоднородная,0.9812568908489526
111,3,0,874,4,878,126,false,неоднородная,0.9954441913439636
112,1,0,817,35,852,128,false,неоднородная,0.9589201877934272
112,2,0,892,16,908,110,false,неоднородная,0.9823788546255506
112,3,0,870,5,875,127,false,неоднородная,0.9942857142857143
113,1,0,815,33,848,131,false,неоднородная,0.9610849056603774
113,2,0,900,5,905,112,false,неоднородная,0.994475138121547
113,3,0,869,5,874,130,false,неоднородная,0.994279176201373
114,1,0,823,33,856,134,false,неоднородная,0.9614485981308412
114,2,0,891,9,900,112,false,неоднородная,0.99
114,3,0,863,3,866,132,false,неоднородная,0.9965357967667436
115,1,0,840,14,854,135,false,неоднородная,0.9836065573770492
115,2,0,896,5,901,112,false,неоднородная,0.9944506104328524
115,3,0,861,2,863,135,false,неоднородная,0.9976825028968713
116,1,0,835,15,850,137,false,неоднородная,0.9823529411764705
116,2,0,894,8,902,113,false,неоднородная,0.991130820399113
116,3,0,858,2,860,138,false,неоднородная,0.9976744186046511
117,1,0,800,48,848,138,false,неоднородная,0.9433962264150944
117,2,0,878,4,882,115,false,неоднородная,0.9954648526077098
117,3,0,876,1,877,140,false,неоднородная,0.9988597491448119
118,1,0,842,6,848,138,false,неоднородная,0.9929245283018868
118,2,0,876,3,879,116,false,неоднородная,0.9965870307167235
118,3,0,876,1,877,142,false,неоднородная,0.9988597491448119
119,1,0,843,0,843,139,false,неоднородная,1.0
119,2,0,875,1,876,117,false,неоднородная,0.9988584474885844
119,3,0,880,3,883,142,false,неоднородная,0.9966024915062288
120,1,0,850,3,853,140,false,неоднородная,0.9964830011723329
120,2,0,865,2,867,117,false,неоднородная,0.9976931949250288
120,3,0,880,0,880,143,false,неоднородная,1.0
