time,black,white,total,empty,temperature,luminosity,albedo,regulation_error
0,180,180,360,540,16.91353620493854,1.0,0.43999999999999645,5.586463795061459
1,367,252,619,281,25.474676337174213,1.0,0.4368333333333317,2.9746763371742126
2,432,375,807,93,28.85013996994378,1.0,0.4738333333333329,6.350139969943779
3,436,451,887,13,26.757868598365032,1.0,0.5027222222222221,4.257868598365032
4,434,461,895,5,23.147806894881946,1.0,0.5069444444444443,0.6478068948819455
5,433,465,898,2,20.887532299716373,1.0,0.5086666666666666,1.6124677002836272
6,434,466,900,0,19.730617775975876,1.0,0.5088888888888888,2.769382224024124
7,435,465,900,0,19.15284473282174,1.0,0.5083333333333333,3.347155267178259
8,436,462,898,2,18.91614422612786,1.0,0.507,3.5838557738721413
9,437,462,899,1,18.850664206380205,1.0,0.5068333333333334,3.6493357936197945
10,441,459,900,0,18.879035953442127,1.0,0.505,3.620964046557873
11,443,456,899,1,19.068999793159982,1.0,0.5035,3.431000206840018
12,449,451,900,0,19.269722180217496,1.0,0.5005555555555555,3.230277819782504
13,448,452,900,0,19.563028605322167,1.0,0.5011111111111111,2.9369713946778333
14,449,450,899,1,19.779719316862813,1.0,0.5001666666666666,2.7202806831371866
15,450,449,899,1,19.897674633401834,1.0,0.49961111111111106,2.6023253665981656
16,450,448,898,2,19.921633542177176,1.0,0.4992222222222222,2.578366457822824
17,446,453,899,1,19.897910028354577,1.0,0.5018333333333334,2.602089971645423
18,444,455,899,1,19.623065540879054,1.0,0.5029444444444444,2.876934459120946
19,446,453,899,1,19.54743927279314,1.0,0.5018333333333334,2.9525607272068584
20,448,451,899,1,19.588589379791074,1.0,0.5007222222222222,2.911410620208926
21,451,447,898,2,19.749239431266663,1.0,0.4986666666666666,2.7507605687333374
22,452,446,898,2,20.00465820447523,1.0,0.4981111111111111,2.4953417955247694
23,454,445,899,1,20.089791536965034,1.0,0.4973888888888889,2.410208463034966
24,456,443,899,1,20.3067677319646,1.0,0.49627777777777776,2.1932322680353984
25,460,439,899,1,20.608201061040294,1.0,0.4940555555555555,1.891798938959706
26,462,437,899,1,20.830323661998705,1.0,0.4929444444444444,1.6696763380012953
27,462,437,899,1,21.04644121096036,1.0,0.4929444444444444,1.45355878903964
28,462,436,898,2,20.971164714633968,1.0,0.4925555555555556,1.528835285366032
29,465,434,899,1,21.02965697290066,1.0,0.49127777777777776,1.4703430270993394
30,466,433,899,1,21.17356931128516,1.0,0.49072222222222217,1.32643068871484
31,466,432,898,2,21.39452622050661,1.0,0.4903333333333333,1.1054737794933907
32,470,428,898,2,21.583283697442106,1.0,0.48811111111111105,0.9167163025578944
33,473,425,898,2,21.89738489364346,1.0,0.4864444444444444,0.6026151063565415
34,473,425,898,2,21.967230727366807,1.0,0.4864444444444444,0.5327692726331925
35,476,421,897,3,22.15939590759413,1.0,0.48438888888888887,0.34060409240586864
36,477,421,898,2,22.27401420052904,1.0,0.4842222222222222,0.22598579947095843
37,473,423,896,4,22.33063912828038,1.0,0.4856666666666667,0.16936087171961844
38,473,423,896,4,22.27106260906261,1.0,0.4856666666666667,0.2289373909373893
39,478,421,899,1,22.390275089482902,1.0,0.4840555555555555,0.1097249105170981
40,478,420,898,2,22.442324025072722,1.0,0.4836666666666667,0.05767597492727816
41,363,466,829,71,23.34667770005816,1.0,0.5207222222222216,0.8466777000581587
42,384,453,837,63,23.983558245790345,1.0,0.5121666666666662,1.483558245790345
43,435,448,883,17,23.790401650566444,1.0,0.5017222222222222,1.2904016505664444
44,443,449,892,8,22.12824290645925,1.0,0.5007777777777777,0.3717570935407508
45,448,447,895,5,21.027307717937195,1.0,0.49916666666666654,1.4726922820628054
46,452,444,896,4,20.59082211421121,1.0,0.4973333333333333,1.9091778857887896
47,455,441,896,4,20.47007825621035,1.0,0.49566666666666664,2.02992174378965
48,454,443,897,3,20.479743826198238,1.0,0.4966111111111111,2.020256173801762
49,455,442,897,3,20.44955786169803,1.0,0.4960555555555555,2.050442138301971
50,449,448,897,3,20.398761911237646,1.0,0.4993888888888889,2.1012380887623543
51,449,447,896,4,20.16256722032639,1.0,0.49899999999999994,2.337432779673609
52,444,452,896,4,19.956580891777325,1.0,0.5017777777777778,2.5434191082226754
53,444,451,895,5,19.87075499289181,1.0,0.5013888888888888,2.6292450071081888
54,447,448,895,5,19.85393505089064,1.0,0.49972222222222223,2.646064949109359
55,447,446,893,7,19.94302402375219,1.0,0.4989444444444444,2.5569759762478093
56,446,449,895,5,19.987568510182953,1.0,0.5002777777777778,2.512431489817047
57,452,443,895,5,20.0709525103341,1.0,0.49694444444444447,2.4290474896659013
58,453,442,895,5,20.20121771221922,1.0,0.4963888888888889,2.2987822877807815
59,453,442,895,5,20.28420179726693,1.0,0.4963888888888889,2.215798202733069
60,454,441,895,5,20.316768097738215,1.0,0.49583333333333335,2.1832319022617845
61,455,440,895,5,20.350218513362876,1.0,0.49527777777777776,2.1497814866371243
62,458,437,895,5,20.54203746864598,1.0,0.4936111111111111,1.9579625313540205
63,460,438,898,2,20.674334133213925,1.0,0.4936666666666667,1.8256658667860748
64,461,437,898,2,20.809835745770094,1.0,0.49311111111111106,1.6901642542299058
65,459,440,899,1,20.938698308983934,1.0,0.4946111111111111,1.561301691016066
66,458,442,900,0,20.86373881133033,1.0,0.4955555555555556,1.6362611886696712
67,460,440,900,0,20.852352069945127,1.0,0.49444444444444446,1.6476479300548732
68,459,441,900,0,20.716193662044585,1.0,0.495,1.783806337955415
69,456,444,900,0,20.603485747831478,1.0,0.49666666666666665,1.8965142521685223
70,456,444,900,0,20.48602003378916,1.0,0.49666666666666665,2.01397996621084
71,461,439,900,0,20.54126916730305,1.0,0.4938888888888889,1.9587308326969506
72,460,440,900,0,20.69111724793149,1.0,0.49444444444444446,1.8088827520685093
73,461,438,899,1,20.809985779792424,1.0,0.4935,1.6900142202075763
74,461,438,899,1,20.861178522386446,1.0,0.4935,1.6388214776135541
75,463,436,899,1,20.877164932914763,1.0,0.4923888888888889,1.6228350670852372
76,465,435,900,0,20.982657082041065,1.0,0.49166666666666664,1.5173429179589348
77,468,432,900,0,21.193329638685977,1.0,0.49,1.3066703613140227
78,468,432,900,0,21.342610408555153,1.0,0.49,1.157389591444847
79,469,430,899,1,21.451585324267782,1.0,0.4890555555555555,1.048414675732218
80,470,430,900,0,21.542459969050494,1.0,0.4888888888888889,0.9575400309495059
81,487,383,870,30,25.11247505346147,1.0,0.46777777777777757,2.61247505346147
82,489,377,866,34,28.23712081849747,1.0,0.46511111111111103,5.73712081849747
83,483,386,869,31,28.885504221843785,1.0,0.4696111111111111,6.385504221843785
84,492,405,897,3,27.239005092332473,1.0,0.4755,4.739005092332473
85,490,409,899,1,25.44620893994138,1.0,0.47738888888888886,2.9462089399413784
86,486,413,899,1,24.365107155506355,1.0,0.4796111111111111,1.8651071555063545
87,483,414,897,3,23.614443766323912,1.0,0.4805,1.1144437663239124
88,483,414,897,3,23.32631683611002,1.0,0.48050000000000004,0.8263168361100206
89,477,420,897,3,23.103290129962208,1.0,0.4838333333333334,0.6032901299622075
90,477,421,898,2,22.95607380867801,1.0,0.4842222222222222,0.45607380867800984
91,476,423,899,1,22.601631433366556,1.0,0.48516666666666663,0.10163143336655622
92,477,423,900,0,22.477280479310135,1.0,0.485,0.022719520689864936
93,476,424,900,0,22.406179260229333,1.0,0.4855555555555556,0.09382073977066696
94,470,429,899,1,22.22094369194363,1.0,0.4885,0.2790563080563686
95,471,429,900,0,21.92713915288841,1.0,0.48833333333333334,0.5728608471115884
96,473,427,900,0,21.903144615948396,1.0,0.4872222222222222,0.5968553840516044
97,471,428,899,1,21.77648113822725,1.0,0.4879444444444444,0.7235188617727495
98,467,433,900,0,21.704907876030216,1.0,0.4905555555555556,0.7950921239697841
99,467,433,900,0,21.476176013355786,1.0,0.4905555555555556,1.0238239866442136
100,465,435,900,0,21.308939848419286,1.0,0.49166666666666664,1.1910601515807144
101,460,440,900,0,21.11065555669987,1.0,0.49444444444444446,1.3893444433001285
102,455,445,900,0,20.835051225937157,1.0,0.49722222222222223,1.664948774062843
103,453,447,900,0,20.531081055137587,1.0,0.49833333333333335,1.9689189448624127
104,451,448,899,1,20.316615775369826,1.0,0.49905555555555553,2.1833842246301742
105,457,442,899,1,20.34053239141,1.0,0.4957222222222222,2.159467608589999
106,457,443,900,0,20.5557301104908,1.0,0.4961111111111111,1.9442698895092008
107,457,443,900,0,20.566514244885187,1.0,0.4961111111111111,1.9334857551148126
108,457,443,900,0,20.485385766421157,1.0,0.4961111111111111,2.0146142335788433
109,459,441,900,0,20.53202629156649,1.0,0.495,1.9679737084335116
110,458,441,899,1,20.582123780296858,1.0,0.49516666666666664,1.9178762197031425
111,458,442,900,0,20.492506315410886,1.0,0.4955555555555556,2.0074936845891145
112,454,445,899,1,20.57884683889195,1.0,0.4973888888888889,1.9211531611080517
113,454,446,900,0,20.44623913444559,1.0,0.49777777777777776,2.053760865554409
114,457,443,900,0,20.3366750093918,1.0,0.4961111111111111,2.1633249906081993
115,455,445,900,0,20.31622747764293,1.0,0.49722222222222223,2.1837725223570708
116,454,446,900,0,20.26274343893791,1.0,0.49777777777777776,2.2372565610620896
117,452,448,900,0,20.218149935480252,1.0,0.4988888888888889,2.281850064519748
118,453,447,900,0,20.151908692204707,1.0,0.49833333333333335,2.3480913077952934
119,448,452,900,0,20.118103851850808,1.0,0.5011111111111111,2.381896148149192
120,449,451,900,0,19.908940418814062,1.0,0.5005555555555555,2.591059581185938
121,462,433,895,5,21.575262114743065,1.0,0.49138888888888876,0.9247378852569348
122,474,413,887,13,24.266469342046168,1.0,0.481611111111111,1.7664693420461681
123,473,406,879,21,25.874340568802808,1.0,0.47905555555555523,3.3743405688028076
124,474,412,886,14,25.52881541731903,1.0,0.481222222222222,3.0288154173190307
125,475,416,891,9,24.34324598111109,1.0,0.4826111111111109,1.8432459811110888
126,472,421,893,7,23.610386265030506,1.0,0.48505555555555535,1.110386265030506
127,470,427,897,3,22.89376891204864,1.0,0.48772222222222217,0.39376891204863895
128,468,430,898,2,22.39470101886497,1.0,0.48922222222222217,0.10529898113502867
129,475,424,899,1,22.206963047924987,1.0,0.4857222222222222,0.29303695207501335
130,479,420,899,1,22.38500253507181,1.0,0.4835,0.11499746492819085
131,479,421,900,0,22.447929271203623,1.0,0.48388888888888887,0.05207072879637664
132,482,418,900,0,22.488318381322102,1.0,0.4822222222222222,0.011681618677897632
133,483,416,899,1,22.67536516051567,1.0,0.48127777777777775,0.1753651605156712
134,485,414,899,1,22.926815032194217,1.0,0.48016666666666663,0.42681503219421657
135,484,416,900,0,22.930316454162,1.0,0.4811111111111111,0.43031645416199993
136,483,416,899,1,22.888122673599174,1.0,0.48127777777777775,0.38812267359917385
137,479,420,899,1,22.79630406561333,1.0,0.4835,0.2963040656133309
138,484,415,899,1,22.777171987778104,1.0,0.4807222222222222,0.2771719877781038
139,484,415,899,1,22.794383175018204,1.0,0.4807222222222222,0.2943831750182042
140,483,415,898,2,22.838007518132404,1.0,0.48088888888888887,0.3380075181324038
141,484,415,899,1,22.955950196119414,1.0,0.4807222222222222,0.4559501961194137
142,484,415,899,1,23.06710754999608,1.0,0.4807222222222222,0.5671075499960807
143,486,413,899,1,23.044407204609662,1.0,0.4796111111111111,0.5444072046096622
144,487,412,899,1,23.11133605424122,1.0,0.4790555555555555,0.611336054241221
145,481,418,899,1,23.056227277247416,1.0,0.48238888888888887,0.5562272772474159
146,484,414,898,2,23.003264100025056,1.0,0.4803333333333333,0.5032641000250564
147,482,416,898,2,23.046820010402172,1.0,0.4814444444444444,0.5468200104021719
148,482,416,898,2,22.89418843683608,1.0,0.4814444444444444,0.39418843683608173
149,479,419,898,2,22.817188431336913,1.0,0.48311111111111105,0.31718843133691266
150,481,417,898,2,22.68255792215743,1.0,0.48199999999999993,0.18255792215742872
151,477,420,897,3,22.623484190904158,1.0,0.48383333333333334,0.12348419090415774
152,480,417,897,3,22.725096581201566,1.0,0.48216666666666663,0.22509658120156573
153,479,419,898,2,22.7669770342977,1.0,0.48311111111111105,0.2669770342976996
154,475,423,898,2,22.533860272334103,1.0,0.4853333333333333,0.033860272334102604
155,470,427,897,3,22.36374743903689,1.0,0.48772222222222217,0.13625256096311134
156,470,427,897,3,22.09467153286494,1.0,0.48772222222222217,0.4053284671350603
157,471,426,897,3,22.030171078767278,1.0,0.4871666666666666,0.4698289212327218
158,470,426,896,4,21.953976360171726,1.0,0.48733333333333323,0.5460236398282738
159,475,421,896,4,22.125991497838882,1.0,0.48455555555555546,0.3740085021611179
160,476,420,896,4,22.195516019999552,1.0,0.4839999999999999,0.3044839800004482
161,458,422,880,20,23.298754047495795,1.0,0.4877777777777774,0.7987540474957946
162,423,440,863,37,24.670234690134045,1.0,0.5006111111111106,2.170234690134045
163,441,446,887,13,24.439298657417012,1.0,0.49994444444444436,1.9392986574170124
164,451,443,894,6,23.326107491090088,1.0,0.49711111111111095,0.8261074910900881
165,452,444,896,4,22.082167972392764,1.0,0.49733333333333324,0.41783202760723626
166,461,437,898,2,21.49590118125439,1.0,0.49311111111111106,1.0040988187456108
167,468,430,898,2,21.406007196745904,1.0,0.48922222222222217,1.0939928032540962
168,470,427,897,3,21.650820161213606,1.0,0.48772222222222217,0.8491798387863945
169,466,432,898,2,21.685337660354,1.0,0.4903333333333333,0.8146623396459987
170,464,434,898,2,21.58793020067306,1.0,0.4914444444444444,0.9120697993269395
171,459,437,896,4,21.460263229791696,1.0,0.49344444444444435,1.0397367702083038
172,456,442,898,2,21.123837053018093,1.0,0.4958888888888888,1.376162946981907
173,456,442,898,2,20.841641974096273,1.0,0.4958888888888888,1.658358025903727
174,457,440,897,3,20.770581933623653,1.0,0.49494444444444435,1.729418066376347
175,458,437,895,5,20.77075488159765,1.0,0.49361111111111106,1.7292451184023498
176,457,437,894,6,20.849804596625493,1.0,0.49377777777777776,1.6501954033745072
177,463,433,896,4,20.98545996056933,1.0,0.4912222222222221,1.5145400394306705
178,462,433,895,5,21.053971861257363,1.0,0.49138888888888876,1.446028138742637
179,462,435,897,3,21.10607929570652,1.0,0.4921666666666666,1.3939207042934783
180,462,437,899,1,21.106040005489515,1.0,0.4929444444444444,1.3939599945104852
181,464,434,898,2,21.123187625770022,1.0,0.49144444444444446,1.3768123742299778
182,465,432,897,3,21.30685518338106,1.0,0.49050000000000005,1.1931448166189398
183,463,434,897,3,21.31148419780924,1.0,0.49161111111111117,1.1885158021907607
184,463,435,898,2,21.26024425270793,1.0,0.492,1.2397557472920688
185,465,433,898,2,21.374699278133892,1.0,0.4908888888888889,1.1253007218661075
186,462,435,897,3,21.327554761080528,1.0,0.4921666666666667,1.1724452389194724
187,465,432,897,3,21.36509425948958,1.0,0.49050000000000005,1.134905740510419
188,465,432,897,3,21.34128795457962,1.0,0.49050000000000005,1.1587120454203799
189,468,429,897,3,21.46053405804871,1.0,0.4888333333333334,1.0394659419512884
190,467,431,898,2,21.46797109490006,1.0,0.4897777777777778,1.0320289050999385
191,469,429,898,2,21.541727112314057,1.0,0.4886666666666667,0.9582728876859434
192,471,426,897,3,21.665809885398396,1.0,0.48716666666666664,0.8341901146016042
193,472,424,896,4,21.920796503516463,1.0,0.4862222222222222,0.5792034964835366
194,472,424,896,4,22.048974031291625,1.0,0.4862222222222222,0.4510259687083753
195,479,419,898,2,22.24421205110327,1.0,0.4831111111111111,0.2557879488967316
196,479,419,898,2,22.395385513324477,1.0,0.4831111111111111,0.10461448667552276
197,476,422,898,2,22.497065251876695,1.0,0.4847777777777778,0.0029347481233052974
198,477,421,898,2,22.38105289701845,1.0,0.4842222222222222,0.11894710298155076
199,475,423,898,2,22.357381250367393,1.0,0.48533333333333334,0.14261874963260723
200,472,425,897,3,22.19722890572877,1.0,0.4866111111111111,0.30277109427122895
201,457,436,893,7,23.319514630613885,1.0,0.4933888888888888,0.8195146306138845
202,476,403,879,21,25.124165209457047,1.0,0.4773888888888888,2.624165209457047
203,469,402,871,29,26.484471117167118,1.0,0.4781666666666666,3.984471117167118
204,474,419,893,7,25.94512580717176,1.0,0.4839444444444445,3.4451258071717596
205,477,419,896,4,24.46351219294402,1.0,0.48344444444444434,1.9635121929440196
206,478,421,899,1,23.459722655265907,1.0,0.4840555555555555,0.9597226552659066
207,472,427,899,1,22.79234409972475,1.0,0.48738888888888887,0.29234409972475106
208,469,429,898,2,22.361840096808177,1.0,0.48866666666666664,0.13815990319182347
209,475,423,898,2,22.172681102791454,1.0,0.4853333333333333,0.3273188972085457
210,479,419,898,2,22.314991328905744,1.0,0.48311111111111105,0.18500867109425556
211,484,414,898,2,22.63264612585422,1.0,0.4803333333333333,0.13264612585421887
212,485,413,898,2,22.94047426435765,1.0,0.47977777777777775,0.44047426435765047
213,483,414,897,3,23.024350834621046,1.0,0.4804999999999999,0.5243508346210461
214,484,414,898,2,23.004493144100888,1.0,0.4803333333333333,0.5044931441008877
215,483,415,898,2,22.92521101856861,1.0,0.48088888888888887,0.42521101856861065
216,485,413,898,2,22.9295144473492,1.0,0.47977777777777775,0.42951444734919875
217,480,415,895,5,22.922056200970815,1.0,0.48138888888888887,0.42205620097081464
218,479,419,898,2,22.813270829299142,1.0,0.48311111111111105,0.3132708292991424
219,479,419,898,2,22.697766386527565,1.0,0.48311111111111105,0.19776638652756517
220,481,417,898,2,22.68395865668851,1.0,0.48199999999999993,0.1839586566885103
221,478,420,898,2,22.659203307663827,1.0,0.48366666666666663,0.15920330766382662
222,476,422,898,2,22.61112266494122,1.0,0.48477777777777775,0.11112266494122025
223,475,423,898,2,22.499877579202586,1.0,0.4853333333333333,0.00012242079741398015
224,473,425,898,2,22.381774841965296,1.0,0.4864444444444444,0.11822515803470424
225,475,423,898,2,22.287020505136372,1.0,0.48533333333333334,0.2129794948636281
226,476,423,899,1,22.319975015195027,1.0,0.48516666666666663,0.1800249848049731
227,476,422,898,2,22.27465629457249,1.0,0.4847777777777778,0.22534370542750892
228,477,422,899,1,22.244439629640894,1.0,0.4846111111111111,0.25556037035910606
229,475,424,899,1,22.23757282051154,1.0,0.4857222222222222,0.2624271794884585
230,477,422,899,1,22.173027659011133,1.0,0.4846111111111111,0.32697234098886696
231,476,422,898,2,22.210792577249226,1.0,0.4847777777777778,0.28920742275077416
232,473,425,898,2,22.18504632610544,1.0,0.48644444444444446,0.31495367389456064
233,469,428,897,3,22.154321716428402,1.0,0.4882777777777778,0.3456782835715977
234,468,430,898,2,21.99888441361325,1.0,0.4892222222222222,0.5011155863867494
235,464,434,898,2,21.735777835250108,1.0,0.49144444444444446,0.7642221647498921
236,463,435,898,2,21.48200103219705,1.0,0.492,1.0179989678029493
237,468,431,899,1,21.46909462120555,1.0,0.4896111111111111,1.0309053787944507
238,467,432,899,1,21.43654840826822,1.0,0.49016666666666664,1.0634515917317806
239,464,433,897,3,21.498554324124306,1.0,0.4910555555555556,1.0014456758756936
240,464,435,899,1,21.416259510233438,1.0,0.4918333333333333,1.0837404897665621
241,450,443,893,7,23.026528876728367,1.0,0.4972777777777777,0.5265288767283671
242,430,460,890,10,23.344853059381247,1.0,0.5072222222222221,0.8448530593812471
243,443,445,888,12,23.21562363141802,1.0,0.4992222222222221,0.7156236314180191
244,443,447,890,10,23.12351657381952,1.0,0.5,0.6235165738195185
245,446,453,899,1,21.768707360644196,1.0,0.5018333333333334,0.7312926393558037
246,448,451,899,1,20.70609650962082,1.0,0.5007222222222222,1.7939034903791793
247,450,449,899,1,20.360863229780836,1.0,0.49961111111111106,2.1391367702191637
248,452,447,899,1,20.276135572954278,1.0,0.4985,2.223864427045722
249,448,450,898,2,20.084086785795698,1.0,0.5003333333333333,2.415913214204302
250,447,452,899,1,19.908414932459404,1.0,0.5012777777777777,2.5915850675405956
251,445,453,898,2,19.768392990908094,1.0,0.502,2.7316070090919062
252,447,453,900,0,19.75056803501561,1.0,0.5016666666666667,2.749431964984389
253,449,451,900,0,19.742339775785478,1.0,0.5005555555555555,2.757660224214522
254,446,453,899,1,19.75539291155944,1.0,0.5018333333333334,2.74460708844056
255,448,451,899,1,19.63969596557493,1.0,0.5007222222222222,2.86030403442507
256,445,454,899,1,19.625791984129403,1.0,0.5023888888888889,2.8742080158705967
257,447,453,900,0,19.592062767248937,1.0,0.5016666666666667,2.9079372327510633
258,450,450,900,0,19.672012883954707,1.0,0.5,2.8279871160452927
259,451,449,900,0,19.782709660012042,1.0,0.49944444444444447,2.717290339987958
260,449,450,899,1,19.838058048040693,1.0,0.5001666666666666,2.6619419519593066
261,453,447,900,0,19.926843998990766,1.0,0.49833333333333335,2.5731560010092345
262,457,442,899,1,20.16418220604172,1.0,0.4957222222222222,2.335817793958281
263,461,438,899,1,20.450387752417644,1.0,0.4935,2.049612247582356
264,465,434,899,1,20.79467728051798,1.0,0.49127777777777776,1.7053227194820195
265,462,436,898,2,21.019008059451302,1.0,0.4925555555555556,1.480991940548698
266,462,435,897,3,21.10576466019252,1.0,0.4921666666666667,1.39423533980748
267,462,438,900,0,21.087346984911246,1.0,0.49333333333333335,1.412653015088754
268,463,437,900,0,20.956598852115253,1.0,0.49277777777777776,1.5434011478847474
269,462,438,900,0,21.031299783693875,1.0,0.49333333333333335,1.4687002163061251
270,460,440,900,0,20.875705017907265,1.0,0.49444444444444446,1.624294982092735
271,459,441,900,0,20.788981892961395,1.0,0.495,1.7110181070386048
272,462,438,900,0,20.78888060331906,1.0,0.49333333333333335,1.7111193966809388
273,464,435,899,1,21.043571165725677,1.0,0.4918333333333333,1.4564288342743232
274,469,430,899,1,21.232712422580846,1.0,0.4890555555555555,1.2672875774191539
275,473,426,899,1,21.537395547973375,1.0,0.4868333333333333,0.9626044520266248
276,474,425,899,1,21.78723605453177,1.0,0.48627777777777775,0.7127639454682289
277,470,430,900,0,21.885379081653262,1.0,0.4888888888888889,0.6146209183467377
278,470,430,900,0,21.741505363638094,1.0,0.4888888888888889,0.7584946363619061
279,473,427,900,0,21.809643502607134,1.0,0.4872222222222222,0.690356497392866
280,475,424,899,1,21.932285773901206,1.0,0.4857222222222222,0.5677142260987935
281,491,401,892,8,24.173041800265416,1.0,0.47411111111111104,1.6730418002654162
282,490,390,880,20,26.52868600651166,1.0,0.46999999999999986,4.028686006511659
283,466,412,878,22,27.15308120363251,1.0,0.4825555555555554,4.65308120363251
284,471,419,890,10,26.523193659431314,1.0,0.48444444444444446,4.023193659431314
285,470,427,897,3,24.8823269375656,1.0,0.4877222222222222,2.382326937565601
286,469,430,899,1,23.299722611097756,1.0,0.4890555555555555,0.7997226110977564
287,470,430,900,0,22.492621619907073,1.0,0.4888888888888889,0.007378380092927017
288,470,430,900,0,22.09799686636428,1.0,0.4888888888888889,0.40200313363571993
289,470,430,900,0,21.891758747540326,1.0,0.4888888888888889,0.6082412524596741
290,473,427,900,0,21.78795546941223,1.0,0.4872222222222222,0.7120445305877716
291,475,425,900,0,21.868571523704475,1.0,0.4861111111111111,0.6314284762955253
292,472,428,900,0,22.03110306472208,1.0,0.48777777777777775,0.46889693527792176
293,471,428,899,1,21.89333059621337,1.0,0.4879444444444444,0.6066694037866291
294,473,426,899,1,21.929500610441504,1.0,0.4868333333333333,0.5704993895584956
295,468,432,900,0,21.825362103684068,1.0,0.49,0.6746378963159323
296,471,429,900,0,21.694329609264475,1.0,0.48833333333333334,0.8056703907355249
297,467,433,900,0,21.680999376937848,1.0,0.4905555555555556,0.819000623062152
298,469,431,900,0,21.463537545093487,1.0,0.48944444444444446,1.0364624549065127
299,468,432,900,0,21.46947283842246,1.0,0.49,1.0305271615775418
300,468,432,900,0,21.481366227139514,1.0,0.49,1.0186337728604862
301,466,434,900,0,21.407665461741033,1.0,0.4911111111111111,1.0923345382589673
302,463,436,899,1,21.265074611843218,1.0,0.4923888888888889,1.2349253881567819
303,460,439,899,1,21.088722938411845,1.0,0.4940555555555555,1.4112770615881551
304,459,441,900,0,20.89412241578145,1.0,0.495,1.6058775842185504
305,458,442,900,0,20.86685965345456,1.0,0.4955555555555556,1.6331403465454386
306,460,439,899,1,20.748856242524766,1.0,0.4940555555555555,1.7511437574752335
307,462,436,898,2,20.856022542478087,1.0,0.4925555555555556,1.6439774575219133
308,462,438,900,0,20.867029638340266,1.0,0.49333333333333335,1.6329703616597335
309,464,436,900,0,20.98651517680638,1.0,0.4922222222222222,1.5134848231936218
310,464,436,900,0,21.029090680650416,1.0,0.4922222222222222,1.470909319349584
311,465,435,900,0,21.085397182066597,1.0,0.49166666666666664,1.4146028179334031
312,462,438,900,0,21.068921722511845,1.0,0.49333333333333335,1.4310782774881545
313,464,436,900,0,21.06068399273446,1.0,0.4922222222222222,1.439316007265539
314,459,441,900,0,20.986527628857463,1.0,0.495,1.5134723711425373
315,452,447,899,1,20.764061519963377,1.0,0.4985,1.7359384800366229
316,451,449,900,0,20.433790226498836,1.0,0.49944444444444447,2.066209773501164
317,453,447,900,0,20.373710828249035,1.0,0.49833333333333335,2.1262891717509653
318,451,448,899,1,20.238614880641666,1.0,0.49905555555555553,2.2613851193583336
319,450,450,900,0,20.126438196575137,1.0,0.5,2.373561803424863
320,450,449,899,1,19.95705208272295,1.0,0.49961111111111106,2.5429479172770506
321,437,446,883,17,21.138569554801485,1.0,0.500611111111111,1.3614304451985149
322,440,431,871,29,22.57733558332084,1.0,0.49427777777777765,0.07733558332083845
323,465,415,880,20,24.27998045828136,1.0,0.48388888888888876,1.7799804582813614
324,471,409,880,20,25.173163832416947,1.0,0.4805555555555554,2.6731638324169467
325,478,411,889,11,24.846575257005803,1.0,0.48016666666666663,2.346575257005803
326,480,415,895,5,24.027534689679943,1.0,0.48138888888888887,1.5275346896799427
327,483,414,897,3,23.47106632213618,1.0,0.48050000000000004,0.9710663221361813
328,485,413,898,2,23.26355385606873,1.0,0.4797777777777778,0.7635538560687287
329,485,413,898,2,23.20374211458173,1.0,0.4797777777777778,0.7037421145817291
330,478,417,895,5,23.041318550481932,1.0,0.4825,0.5413185504819324
331,476,421,897,3,22.80218028635027,1.0,0.4843888888888889,0.3021802863502714
332,479,418,897,3,22.778741660714342,1.0,0.4827222222222223,0.27874166071434203
333,479,418,897,3,22.688743325571618,1.0,0.4827222222222223,0.18874332557161821
334,477,421,898,2,22.660911423389283,1.0,0.48422222222222217,0.16091142338928321
335,483,416,899,1,22.656605433066794,1.0,0.48127777777777775,0.15660543306679386
336,481,419,900,0,22.67230392201068,1.0,0.48277777777777775,0.17230392201068057
337,485,415,900,0,22.785209414965085,1.0,0.48055555555555557,0.28520941496508456
338,476,423,899,1,22.718754428854695,1.0,0.48516666666666663,0.21875442885469454
339,475,424,899,1,22.483655962171014,1.0,0.4857222222222222,0.016344037828986302
340,478,422,900,0,22.331087979335017,1.0,0.48444444444444446,0.16891202066498323
341,477,422,899,1,22.35986023639948,1.0,0.4846111111111111,0.14013976360051927
342,476,423,899,1,22.35639488082658,1.0,0.48516666666666663,0.14360511917341867
343,477,421,898,2,22.33749493765112,1.0,0.48422222222222217,0.16250506234888107
344,474,425,899,1,22.379546762230436,1.0,0.48627777777777775,0.12045323776956351
345,475,423,898,2,22.347702440920806,1.0,0.48533333333333334,0.1522975590791944
346,475,424,899,1,22.18346375895291,1.0,0.4857222222222222,0.3165362410470891
347,472,428,900,0,22.10958594130542,1.0,0.48777777777777775,0.39041405869458146
348,473,427,900,0,21.933256253221177,1.0,0.4872222222222222,0.5667437467788226
349,471,429,900,0,21.91512890816734,1.0,0.48833333333333334,0.5848710918326603
350,472,427,899,1,21.801008987157985,1.0,0.48738888888888887,0.6989910128420149
351,472,428,900,0,21.813986525641607,1.0,0.48777777777777775,0.6860134743583934
352,473,427,900,0,21.872661309766578,1.0,0.4872222222222222,0.6273386902334224
353,472,428,900,0,21.858054210282354,1.0,0.48777777777777775,0.6419457897176457
354,475,425,900,0,21.95649112773883,1.0,0.4861111111111111,0.543508872261171
355,482,418,900,0,22.224747825484567,1.0,0.4822222222222222,0.27525217451543327
356,483,417,900,0,22.52641261720789,1.0,0.4816666666666667,0.0264126172078889
357,484,415,899,1,22.738356770005286,1.0,0.4807222222222222,0.23835677000528577
358,486,414,900,0,22.871106072561677,1.0,0.48,0.3711060725616768
359,487,413,900,0,23.02468548821723,1.0,0.47944444444444445,0.52468548821723
360,483,417,900,0,22.997103166278645,1.0,0.4816666666666667,0.49710316627864515
361,474,416,890,10,24.084722966328012,1.0,0.48277777777777764,1.5847229663280125
362,468,424,892,8,24.879168761283772,1.0,0.48688888888888876,2.379168761283772
363,449,440,889,11,25.14250552797312,1.0,0.49627777777777776,2.642505527973121
364,458,431,889,11,24.322478807787483,1.0,0.4912777777777777,1.8224788077874834
365,464,429,893,7,23.54234291375659,1.0,0.48949999999999994,1.0423429137565883
366,464,430,894,6,22.742344152296056,1.0,0.4898888888888889,0.24234415229605588
367,460,435,895,5,22.098581962538944,1.0,0.4925,0.4014180374610561
368,459,439,898,2,21.583755636084465,1.0,0.49422222222222223,0.9162443639155349
369,458,438,896,4,21.22128622437476,1.0,0.49400000000000005,1.2787137756252385
370,462,434,896,4,21.136182024949804,1.0,0.4917777777777778,1.3638179750501962
371,463,432,895,5,21.269407891424226,1.0,0.49083333333333334,1.2305921085757738
372,460,432,892,8,21.37928109749204,1.0,0.4913333333333334,1.12071890250796
373,460,434,894,6,21.329161452043483,1.0,0.4921111111111111,1.1708385479565173
374,463,431,894,6,21.37413912830752,1.0,0.4904444444444444,1.1258608716924812
375,460,434,894,6,21.309423202062202,1.0,0.4921111111111111,1.1905767979377977
376,462,433,895,5,21.285990980992118,1.0,0.4913888888888889,1.2140090190078823
377,460,434,894,6,21.256423386351948,1.0,0.4921111111111111,1.2435766136480524
378,464,430,894,6,21.426343297271302,1.0,0.4898888888888889,1.073656702728698
379,465,429,894,6,21.52915473683613,1.0,0.4893333333333333,0.97084526316387
380,464,432,896,4,21.492671473525096,1.0,0.4906666666666667,1.007328526474904
381,466,431,897,3,21.47442984186956,1.0,0.4899444444444444,1.0255701581304386
382,464,433,897,3,21.544272267082704,1.0,0.4910555555555555,0.9557277329172962
383,463,434,897,3,21.39517399016591,1.0,0.4916111111111111,1.1048260098340883
384,461,433,894,6,21.49503438046218,1.0,0.4915555555555555,1.0049656195378205
385,460,435,895,5,21.430298366359157,1.0,0.4925,1.0697016336408431
386,462,435,897,3,21.205669346447856,1.0,0.4921666666666667,1.2943306535521444
387,464,433,897,3,21.28630006806812,1.0,0.4910555555555556,1.213699931931881
388,463,434,897,3,21.231169141164457,1.0,0.49161111111111117,1.2688308588355426
389,466,430,896,4,21.31758566824767,1.0,0.4895555555555556,1.1824143317523301
390,466,431,897,3,21.343626666400265,1.0,0.4899444444444445,1.1563733335997348
391,468,428,896,4,21.426684664464858,1.0,0.48844444444444446,1.073315335535142
392,469,428,897,3,21.599362919421214,1.0,0.4882777777777778,0.900637080578786
393,469,428,897,3,21.694627788951973,1.0,0.4882777777777778,0.8053722110480273
394,469,428,897,3,21.716167216275757,1.0,0.4882777777777778,0.7838327837242431
395,466,430,896,4,21.638363728128084,1.0,0.4895555555555556,0.8616362718719159
396,466,431,897,3,21.626239210211953,1.0,0.4899444444444445,0.8737607897880473
397,463,434,897,3,21.567306717654596,1.0,0.49161111111111117,0.9326932823454044
398,459,438,897,3,21.379913989294145,1.0,0.49383333333333335,1.1200860107058546
399,457,440,897,3,21.153699931757643,1.0,0.4949444444444444,1.346300068242357
400,461,437,898,2,21.02410985631648,1.0,0.4931111111111111,1.4758901436835217
401,469,425,894,6,22.246797925286256,1.0,0.4871111111111111,0.25320207471374445
402,470,418,888,12,23.934113233321302,1.0,0.4842222222222221,1.4341132333213018
403,485,392,877,23,25.627830835967263,1.0,0.47161111111111104,3.127830835967263
404,471,404,875,25,26.17186772747599,1.0,0.47861111111111104,3.671867727475991
405,473,424,897,3,25.40498630532271,1.0,0.4860555555555555,2.9049863053227085
406,471,428,899,1,23.96411002351717,1.0,0.4879444444444444,1.4641100235171685
407,472,428,900,0,23.05277930718685,1.0,0.48777777777777775,0.5527793071868494
408,473,426,899,1,22.56209519952752,1.0,0.4868333333333333,0.062095199527519185
409,474,425,899,1,22.264567130814683,1.0,0.48627777777777775,0.23543286918531692
410,474,425,899,1,22.080100128247995,1.0,0.48627777777777775,0.4198998717520048
411,474,425,899,1,22.084681352110668,1.0,0.48627777777777775,0.4153186478893325
412,473,424,897,3,22.157009463030306,1.0,0.48605555555555546,0.34299053696969395
413,473,426,899,1,22.184247776437562,1.0,0.4868333333333333,0.3157522235624377
414,473,426,899,1,22.066033458501032,1.0,0.4868333333333333,0.4339665414989682
415,475,424,899,1,22.051555009795585,1.0,0.4857222222222222,0.44844499020441475
416,477,421,898,2,22.088260276989608,1.0,0.48422222222222217,0.41173972301039186
417,479,420,899,1,22.26453939266837,1.0,0.4835,0.23546060733162832
418,482,416,898,2,22.414474926159613,1.0,0.4814444444444444,0.08552507384038677
419,482,416,898,2,22.630201909597975,1.0,0.4814444444444444,0.13020190959797517
420,481,417,898,2,22.76415840875876,1.0,0.48199999999999993,0.2641584087587603
421,479,418,897,3,22.734321933193105,1.0,0.48272222222222216,0.23432193319310457
422,480,419,899,1,22.83338568594533,1.0,0.4829444444444444,0.3333856859453306
423,480,418,898,2,22.716749556903228,1.0,0.4825555555555555,0.2167495569032276
424,480,418,898,2,22.850692505241977,1.0,0.4825555555555555,0.3506925052419767
425,481,417,898,2,22.88196101120108,1.0,0.48199999999999993,0.3819610112010814
426,480,418,898,2,22.731427258762416,1.0,0.4825555555555555,0.231427258762416
427,481,415,896,4,22.71727213947883,1.0,0.4812222222222223,0.21727213947882973
428,481,415,896,4,22.772674774205015,1.0,0.4812222222222223,0.27267477420501507
429,480,417,897,3,22.747505857968818,1.0,0.48216666666666663,0.24750585796881808
430,479,418,897,3,22.673809642914968,1.0,0.4827222222222222,0.1738096429149678
431,477,419,896,4,22.54014681024203,1.0,0.48344444444444445,0.040146810242031705
432,476,420,896,4,22.542668674177758,1.0,0.484,0.04266867417775799
433,477,420,897,3,22.508910856651458,1.0,0.48383333333333334,0.008910856651457522
434,479,419,898,2,22.4748646824993,1.0,0.4831111111111111,0.025135317500698307
435,477,420,897,3,22.518953352358952,1.0,0.4838333333333334,0.018953352358952458
436,478,420,898,2,22.549923429341366,1.0,0.4836666666666667,0.04992342934136573
437,479,419,898,2,22.653297450926015,1.0,0.4831111111111111,0.153297450926015
438,480,418,898,2,22.766780437370183,1.0,0.48255555555555557,0.2667804373701834
439,480,415,895,5,22.82283771187617,1.0,0.48138888888888887,0.3228377118761685
440,480,416,896,4,22.798680334245976,1.0,0.4817777777777778,0.29868033424597584
441,463,427,890,10,23.547435072276663,1.0,0.4888888888888889,1.047435072276663
442,450,438,888,12,24.20678286700113,1.0,0.4953333333333333,1.706782867001131
443,445,440,885,15,23.840902204236105,1.0,0.4969444444444442,1.3409022042361052
444,452,433,885,15,23.78565913645401,1.0,0.4930555555555554,1.2856591364540115
445,454,436,890,10,23.709272681260376,1.0,0.49388888888888877,1.2092726812603765
446,462,435,897,3,22.684365600639097,1.0,0.4921666666666666,0.18436560063909724
447,460,436,896,4,22.078518428763033,1.0,0.49288888888888877,0.42148157123696706
448,460,438,898,2,21.608742618690673,1.0,0.49366666666666664,0.8912573813093267
449,457,441,898,2,21.207686708236267,1.0,0.4953333333333333,1.2923132917637332
450,453,444,897,3,20.83962231015863,1.0,0.4971666666666666,1.6603776898413685
451,453,444,897,3,20.611645619573085,1.0,0.4971666666666666,1.8883543804269145
452,452,447,899,1,20.54160176582703,1.0,0.4985,1.9583982341729715
453,453,445,898,2,20.45370960535471,1.0,0.49755555555555553,2.0462903946452897
454,449,450,899,1,20.356893291519267,1.0,0.5001666666666666,2.143106708480733
455,447,451,898,2,20.054428146089883,1.0,0.5008888888888888,2.445571853910117
456,442,457,899,1,19.771362098735015,1.0,0.5040555555555555,2.7286379012649853
457,441,458,899,1,19.480144116312278,1.0,0.5046111111111111,3.019855883687722
458,437,462,899,1,19.18553438507171,1.0,0.5068333333333334,3.3144656149282916
459,437,462,899,1,19.00321076995726,1.0,0.5068333333333334,3.49678923004274
460,441,458,899,1,18.982086461388352,1.0,0.5046111111111111,3.517913538611648
461,443,456,899,1,19.103357781744073,1.0,0.5035,3.396642218255927
462,446,452,898,2,19.391957422992018,1.0,0.5014444444444444,3.108042577007982
463,445,454,899,1,19.501922712837942,1.0,0.5023888888888889,2.998077287162058
464,448,451,899,1,19.670203129579832,1.0,0.5007222222222222,2.829796870420168
465,447,452,899,1,19.80652935283394,1.0,0.5012777777777777,2.693470647166059
466,445,454,899,1,19.708524459042792,1.0,0.5023888888888889,2.791475540957208
467,443,455,898,2,19.518762795454467,1.0,0.5031111111111111,2.9812372045455326
468,445,453,898,2,19.433491924428996,1.0,0.502,3.0665080755710044
469,443,455,898,2,19.50483847945129,1.0,0.5031111111111111,2.9951615205487094
470,445,454,899,1,19.43545550847998,1.0,0.5023888888888889,3.064544491520021
471,446,453,899,1,19.409689765046885,1.0,0.5018333333333334,3.0903102349531153
472,445,454,899,1,19.554049156695985,1.0,0.5023888888888889,2.945950843304015
473,447,453,900,0,19.538339869427077,1.0,0.5016666666666667,2.9616601305729233
474,445,454,899,1,19.51331796040361,1.0,0.5023888888888889,2.9866820395963884
475,447,453,900,0,19.561918762827624,1.0,0.5016666666666667,2.9380812371723763
476,448,452,900,0,19.63908939763892,1.0,0.5011111111111111,2.8609106023610806
477,450,450,900,0,19.76556369813802,1.0,0.5,2.7344363018619795
478,452,448,900,0,19.934541315586152,1.0,0.4988888888888889,2.565458684413848
479,450,450,900,0,20.00117864020508,1.0,0.5,2.4988213597949205
480,449,451,900,0,19.92944105403208,1.0,0.5005555555555555,2.570558945967921
481,462,433,895,5,21.147405055574023,1.0,0.4913888888888889,1.3525949444259773
482,479,418,897,3,23.288970510751405,1.0,0.4827222222222222,0.7889705107514047
483,473,419,892,8,24.455883744769988,1.0,0.48411111111111105,1.955883744769988
484,467,424,891,9,24.770852982743083,1.0,0.4870555555555555,2.270852982743083
485,479,415,894,6,24.73812924501818,1.0,0.4815555555555555,2.238129245018179
486,475,422,897,3,24.050906487294785,1.0,0.4849444444444445,1.5509064872947853
487,482,418,900,0,23.385937495797585,1.0,0.4822222222222222,0.8859374957975845
488,482,418,900,0,23.159193467247558,1.0,0.4822222222222222,0.6591934672475581
489,484,416,900,0,23.011486922194518,1.0,0.4811111111111111,0.5114869221945177
490,485,415,900,0,22.998745406603742,1.0,0.48055555555555557,0.4987454066037422
491,483,417,900,0,22.992374648808347,1.0,0.4816666666666667,0.49237464880834736
492,485,413,898,2,23.059226768898974,1.0,0.47977777777777775,0.5592267688989736
493,486,412,898,2,23.11874583638587,1.0,0.4792222222222222,0.6187458363858696
494,491,407,898,2,23.3503763437578,1.0,0.47644444444444445,0.8503763437578016
495,493,406,899,1,23.48472730026502,1.0,0.4757222222222222,0.9847273002650212
496,496,402,898,2,23.72768074470553,1.0,0.4736666666666667,1.2276807447055305
497,497,401,898,2,23.91026922386153,1.0,0.47311111111111115,1.4102692238615298
498,500,399,899,1,24.07228518114395,1.0,0.4718333333333333,1.5722851811439504
499,500,399,899,1,24.21508913543703,1.0,0.4718333333333333,1.7150891354370295
500,494,405,899,1,24.18075064538498,1.0,0.4751666666666666,1.680750645384979
501,491,408,899,1,23.94385894262533,1.0,0.47683333333333333,1.4438589426253294
502,488,411,899,1,23.754691373541075,1.0,0.4785,1.2546913735410747
503,489,411,900,0,23.57290282462163,1.0,0.47833333333333333,1.0729028246216288
504,488,412,900,0,23.472398589393208,1.0,0.47888888888888886,0.9723985893932081
505,488,412,900,0,23.474332486662174,1.0,0.47888888888888886,0.9743324866621741
506,485,415,900,0,23.397020412971894,1.0,0.48055555555555557,0.8970204129718944
507,483,417,900,0,23.138641918393137,1.0,0.4816666666666667,0.6386419183931373
508,480,420,900,0,22.84328466568554,1.0,0.48333333333333334,0.34328466568554106
509,480,420,900,0,22.765643538320056,1.0,0.48333333333333334,0.26564353832005594
510,478,421,899,1,22.568896492555552,1.0,0.4840555555555555,0.06889649255555241
511,477,423,900,0,22.382633986579854,1.0,0.485,0.11736601342014552
512,478,422,900,0,22.41172624746349,1.0,0.48444444444444446,0.08827375253650871
513,477,423,900,0,22.329457652759288,1.0,0.485,0.17054234724071193
514,474,426,900,0,22.280081832070746,1.0,0.4866666666666667,0.21991816792925434
515,473,427,900,0,22.131801970422742,1.0,0.4872222222222222,0.36819802957725756
516,470,430,900,0,22.022643290104604,1.0,0.4888888888888889,0.47735670989539614
517,470,430,900,0,21.83623047530535,1.0,0.4888888888888889,0.6637695246946507
518,470,430,900,0,21.760875552010855,1.0,0.4888888888888889,0.7391244479891448
519,470,430,900,0,21.793235589351923,1.0,0.4888888888888889,0.706764410648077
520,470,430,900,0,21.748303851086707,1.0,0.4888888888888889,0.7516961489132932
521,464,434,898,2,22.233298639004346,1.0,0.4914444444444444,0.2667013609956541
522,461,434,895,5,23.137731179771546,1.0,0.49194444444444446,0.6377311797715457
523,446,448,894,6,23.7478739322369,1.0,0.4998888888888889,1.2478739322368995
524,450,446,896,4,23.38895750551285,1.0,0.4984444444444444,0.8889575055128489
525,445,448,893,7,22.702753752559744,1.0,0.5000555555555555,0.20275375255974382
526,444,453,897,3,21.85495899264046,1.0,0.5021666666666668,0.6450410073595414
527,443,454,897,3,20.723129318177357,1.0,0.5027222222222223,1.7768706818226434
528,442,455,897,3,20.219010456597672,1.0,0.5032777777777777,2.2809895434023275
529,445,453,898,2,19.800783020389616,1.0,0.502,2.6992169796103838
530,447,452,899,1,19.705651292820626,1.0,0.5012777777777777,2.794348707179374
531,449,450,899,1,19.798844645728874,1.0,0.5001666666666666,2.701155354271126
532,452,447,899,1,19.845441322182992,1.0,0.4985,2.6545586778170076
533,453,446,899,1,19.982721650945088,1.0,0.4979444444444444,2.517278349054912
534,454,446,900,0,20.077454822767738,1.0,0.49777777777777776,2.422545177232262
535,452,448,900,0,20.09941261995358,1.0,0.4988888888888889,2.400587380046421
536,451,449,900,0,20.031428277505626,1.0,0.49944444444444447,2.4685717224943744
537,450,450,900,0,19.970658880123935,1.0,0.5,2.529341119876065
538,452,448,900,0,19.87023668244479,1.0,0.4988888888888889,2.6297633175552093
539,452,447,899,1,19.969710542350516,1.0,0.4985,2.5302894576494843
540,457,441,898,2,20.212392703879296,1.0,0.4953333333333333,2.2876072961207043
541,459,439,898,2,20.500586008778026,1.0,0.4942222222222222,1.9994139912219744
542,460,439,899,1,20.79368340125658,1.0,0.4940555555555555,1.7063165987434203
543,464,436,900,0,20.85302733311852,1.0,0.4922222222222222,1.6469726668814815
544,465,434,899,1,21.057793046520267,1.0,0.49127777777777776,1.442206953479733
545,471,429,900,0,21.291325159145202,1.0,0.48833333333333334,1.2086748408547976
546,475,425,900,0,21.690293867559276,1.0,0.4861111111111111,0.8097061324407235
547,472,427,899,1,21.933722713313024,1.0,0.48738888888888887,0.5662772866869759
548,474,425,899,1,21.92428788026585,1.0,0.48627777777777775,0.575712119734149
549,477,420,897,3,22.077496945824016,1.0,0.4838333333333333,0.42250305417598355
550,477,421,898,2,22.250916203749128,1.0,0.48422222222222217,0.24908379625087207
551,476,422,898,2,22.29368134116495,1.0,0.4847777777777778,0.2063186588350483
552,473,425,898,2,22.349398440650898,1.0,0.48644444444444446,0.15060155934910213
553,473,425,898,2,22.192553282154407,1.0,0.48644444444444446,0.3074467178455933
554,475,423,898,2,22.237722654209893,1.0,0.48533333333333334,0.26227734579010686
555,474,424,898,2,22.268548863574082,1.0,0.4858888888888888,0.23145113642591753
556,479,419,898,2,22.33683220185547,1.0,0.48311111111111105,0.16316779814453142
557,479,420,899,1,22.45886285408962,1.0,0.4835,0.04113714591037976
558,481,418,899,1,22.50271091481766,1.0,0.48238888888888887,0.002710914817658505
559,483,416,899,1,22.682561427263447,1.0,0.48127777777777775,0.18256142726344748
560,483,415,898,2,22.799263909644047,1.0,0.4808888888888889,0.29926390964404703
561,475,421,896,4,23.593724007670783,1.0,0.4845555555555556,1.093724007670783
562,463,429,892,8,24.398147996264747,1.0,0.4896666666666666,1.898147996264747
563,474,415,889,11,25.195176195766134,1.0,0.48238888888888887,2.695176195766134
564,476,410,886,14,25.412407680857946,1.0,0.480111111111111,2.912407680857946
565,474,421,895,5,25.321889324639848,1.0,0.48472222222222217,2.821889324639848
566,480,416,896,4,24.552899024070552,1.0,0.4817777777777778,2.052899024070552
567,478,420,898,2,23.733064270615362,1.0,0.48366666666666663,1.2330642706153618
568,476,422,898,2,23.270960879004587,1.0,0.48477777777777775,0.770960879004587
569,472,427,899,1,22.689037469541542,1.0,0.48738888888888887,0.18903746954154244
570,469,429,898,2,22.248390806064695,1.0,0.48866666666666664,0.25160919393530534
571,468,429,897,3,21.984122982779546,1.0,0.4888333333333334,0.5158770172204541
572,464,434,898,2,21.711229854444237,1.0,0.49144444444444446,0.7887701455557625
573,461,436,897,3,21.434024073583842,1.0,0.4927222222222223,1.065975926416158
574,460,436,896,4,21.21577372339664,1.0,0.49288888888888893,1.2842262766033592
575,462,434,896,4,21.16020300061845,1.0,0.4917777777777778,1.3397969993815515
576,464,432,896,4,21.18528787282865,1.0,0.4906666666666667,1.3147121271713509
577,465,431,896,4,21.302886557416223,1.0,0.49011111111111116,1.1971134425837775
578,462,434,896,4,21.247703909174962,1.0,0.4917777777777778,1.2522960908250376
579,460,436,896,4,21.20294531966532,1.0,0.49288888888888893,1.2970546803346785
580,458,438,896,4,21.030881066165186,1.0,0.49400000000000005,1.4691189338348138
581,457,441,898,2,20.93592319736256,1.0,0.49533333333333335,1.564076802637441
582,459,438,897,3,20.914537270402818,1.0,0.4938333333333334,1.5854627295971824
583,456,441,897,3,20.79878805844049,1.0,0.49550000000000005,1.7012119415595102
584,458,439,897,3,20.70521048424905,1.0,0.49438888888888893,1.7947895157509492
585,454,443,897,3,20.648811736384648,1.0,0.4966111111111111,1.8511882636153523
586,456,442,898,2,20.55125908218024,1.0,0.4958888888888889,1.9487409178197588
587,457,440,897,3,20.696112205370078,1.0,0.4949444444444444,1.8038877946299223
588,458,441,899,1,20.62846376898837,1.0,0.49516666666666664,1.8715362310116284
589,455,444,899,1,20.52460205180921,1.0,0.4968333333333333,1.975397948190789
590,456,443,899,1,20.472671193219632,1.0,0.49627777777777776,2.0273288067803676
591,458,441,899,1,20.490650255471568,1.0,0.49516666666666664,2.009349744528432
592,464,435,899,1,20.75369677510919,1.0,0.4918333333333333,1.7463032248908092
593,463,436,899,1,20.964183275968878,1.0,0.4923888888888889,1.5358167240311218
594,465,434,899,1,21.061185003062278,1.0,0.49127777777777776,1.4388149969377224
595,465,434,899,1,21.2497608645856,1.0,0.49127777777777776,1.2502391354144002
596,463,436,899,1,21.17719657121294,1.0,0.4923888888888889,1.3228034287870614
597,469,431,900,0,21.17593317402075,1.0,0.48944444444444446,1.3240668259792514
598,465,435,900,0,21.298893426728384,1.0,0.49166666666666664,1.2011065732716162
599,465,433,898,2,21.25463308588362,1.0,0.4908888888888888,1.2453669141163815
600,467,432,899,1,21.2942988911131,1.0,0.49016666666666664,1.205701108886899
601,481,415,896,4,22.38462931754904,1.0,0.48122222222222216,0.11537068245095838
602,487,410,897,3,24.444526501068292,1.0,0.4782777777777777,1.9445265010682924
603,485,408,893,7,25.509493842322073,1.0,0.4778333333333333,3.0094938423220725
604,473,420,893,7,25.71993568159733,1.0,0.48449999999999993,3.219935681597331
605,478,415,893,7,25.501746332451116,1.0,0.48172222222222216,3.001746332451116
606,477,420,897,3,24.659994793365197,1.0,0.4838333333333333,2.159994793365197
607,481,415,896,4,23.777686413210123,1.0,0.48122222222222216,1.277686413210123
608,487,408,895,5,23.5830319070239,1.0,0.4774999999999999,1.0830319070239014
609,489,408,897,3,23.64431535472868,1.0,0.4771666666666666,1.144315354728679
610,491,406,897,3,23.639938329086924,1.0,0.47605555555555545,1.1399383290869238
611,489,409,898,2,23.690620049865313,1.0,0.4775555555555555,1.1906200498653128
612,491,406,897,3,23.66309067665523,1.0,0.47605555555555557,1.16309067665523
613,490,409,899,1,23.728289231091065,1.0,0.47738888888888886,1.2282892310910647
614,489,410,899,1,23.576184800069516,1.0,0.4779444444444444,1.076184800069516
615,486,413,899,1,23.421853562233984,1.0,0.4796111111111111,0.9218535622339843
616,484,415,899,1,23.177835719181882,1.0,0.4807222222222222,0.677835719181882
617,481,417,898,2,23.029049571498142,1.0,0.48199999999999993,0.5290495714981418
618,479,419,898,2,22.875693256615378,1.0,0.48311111111111105,0.3756932566153779
619,481,417,898,2,22.781847833784973,1.0,0.48199999999999993,0.2818478337849726
620,482,416,898,2,22.761018129811365,1.0,0.4814444444444444,0.2610181298113652
621,484,414,898,2,22.899604017853747,1.0,0.4803333333333333,0.399604017853747
622,479,418,897,3,22.959971219822368,1.0,0.48272222222222216,0.45997121982236777
623,480,416,896,4,22.832228338724917,1.0,0.4817777777777777,0.3322283387249172
624,476,418,894,6,22.723728187913363,1.0,0.4832222222222222,0.22372818791336258
625,475,420,895,5,22.7299056507272,1.0,0.4841666666666667,0.2299056507272006
626,472,424,896,4,22.53180762722175,1.0,0.48622222222222217,0.0318076272217489
627,473,424,897,3,22.380572600585857,1.0,0.48605555555555546,0.1194273994141426
628,470,427,897,3,22.199898838785447,1.0,0.48772222222222217,0.30010116121455255
629,471,427,898,2,22.039524458896917,1.0,0.4875555555555555,0.460475541103083
630,470,429,899,1,21.924318519458502,1.0,0.4885,0.5756814805414976
631,469,431,900,0,21.743807817151694,1.0,0.48944444444444446,0.7561921828483058
632,467,432,899,1,21.564979264188725,1.0,0.49016666666666664,0.9350207358112748
633,468,432,900,0,21.545602486695543,1.0,0.49,0.9543975133044569
634,469,431,900,0,21.448709333571628,1.0,0.48944444444444446,1.0512906664283719
635,472,428,900,0,21.584282246533014,1.0,0.48777777777777775,0.9157177534669856
636,468,430,898,2,21.704938936613008,1.0,0.4892222222222222,0.7950610633869921
637,462,436,898,2,21.465897364162373,1.0,0.4925555555555556,1.0341026358376268
638,465,433,898,2,21.38207954614733,1.0,0.4908888888888889,1.117920453852669
639,465,435,900,0,21.296226145593096,1.0,0.49166666666666664,1.2037738544069043
640,465,435,900,0,21.192187688380226,1.0,0.49166666666666664,1.3078123116197737
641,456,439,895,5,21.490386853458403,1.0,0.49472222222222223,1.0096131465415965
642,459,437,896,4,22.705163530062826,1.0,0.49344444444444446,0.20516353006282628
643,455,440,895,5,23.392199328122032,1.0,0.49527777777777776,0.8921993281220324
644,476,420,896,4,23.80025007766798,1.0,0.48400000000000004,1.3002500776679788
645,472,415,887,13,24.34895829891052,1.0,0.48272222222222216,1.8489582989105209
646,476,421,897,3,24.214065813802847,1.0,0.4843888888888888,1.714065813802847
647,472,427,899,1,23.299980716201173,1.0,0.48738888888888887,0.7999807162011727
648,468,431,899,1,22.54493668734195,1.0,0.4896111111111111,0.044936687341948556
649,470,426,896,4,22.13239592341817,1.0,0.4873333333333333,0.3676040765818307
650,469,428,897,3,21.996163040444614,1.0,0.4882777777777777,0.503836959555386
651,472,426,898,2,22.02486132410384,1.0,0.48699999999999993,0.47513867589616154
652,468,429,897,3,21.96024722489256,1.0,0.48883333333333323,0.5397527751074414
653,472,426,898,2,21.9801261901701,1.0,0.48699999999999993,0.5198738098298996
654,470,428,898,2,21.990065672808885,1.0,0.48811111111111105,0.5099343271911145
655,472,426,898,2,21.960700883350224,1.0,0.48699999999999993,0.5392991166497758
656,472,427,899,1,21.954944230673462,1.0,0.48738888888888887,0.5450557693265381
657,473,426,899,1,21.987084653829246,1.0,0.4868333333333333,0.5129153461707538
658,474,425,899,1,22.056025099006426,1.0,0.48627777777777775,0.44397490099357384
659,474,425,899,1,22.029383564659284,1.0,0.48627777777777775,0.47061643534071607
660,472,427,899,1,21.998211313380565,1.0,0.48738888888888887,0.5017886866194345
661,469,430,899,1,21.955847961583505,1.0,0.4890555555555555,0.5441520384164953
662,473,425,898,2,21.978610777231694,1.0,0.48644444444444446,0.5213892227683061
663,473,426,899,1,21.963899177614202,1.0,0.4868333333333333,0.5361008223857979
664,469,429,898,2,21.982636385247037,1.0,0.4886666666666667,0.5173636147529628
665,470,427,897,3,21.990636551631233,1.0,0.48772222222222217,0.5093634483687666
666,473,425,898,2,22.039265345086168,1.0,0.4864444444444444,0.46073465491383203
667,474,425,899,1,22.099282710023918,1.0,0.48627777777777775,0.40071728997608247
668,476,422,898,2,22.164994360703055,1.0,0.4847777777777778,0.33500563929694493
669,477,421,898,2,22.241794677589354,1.0,0.4842222222222222,0.258205322410646
670,478,421,899,1,22.36808381912594,1.0,0.4840555555555555,0.13191618087406098
671,477,421,898,2,22.39620964040009,1.0,0.48422222222222217,0.10379035959990901
672,476,422,898,2,22.36564384077432,1.0,0.4847777777777778,0.13435615922567834
673,473,424,897,3,22.36752820635045,1.0,0.4860555555555555,0.1324717936495503
674,472,427,899,1,22.140506408068447,1.0,0.48738888888888887,0.35949359193155317
675,469,429,898,2,21.965199533275577,1.0,0.4886666666666667,0.5348004667244233
676,472,427,899,1,21.939342071531005,1.0,0.48738888888888887,0.560657928468995
677,469,428,897,3,21.987525097594467,1.0,0.4882777777777778,0.5124749024055326
678,473,427,900,0,21.85369012854444,1.0,0.4872222222222222,0.6463098714555606
679,475,425,900,0,21.88358736916544,1.0,0.4861111111111111,0.6164126308345601
680,474,426,900,0,21.925313215633643,1.0,0.4866666666666667,0.5746867843663566
681,469,430,899,1,22.472856717455365,1.0,0.4890555555555555,0.027143282544635383
682,467,428,895,5,23.530787129046097,1.0,0.488611111111111,1.0307871290460966
683,473,420,893,7,24.332345026174366,1.0,0.48449999999999993,1.832345026174366
684,466,426,892,8,24.243545700536426,1.0,0.488,1.7435457005364263
685,472,423,895,5,24.13184541359363,1.0,0.48583333333333334,1.6318454135936307
686,478,415,893,7,23.999768903945807,1.0,0.48172222222222216,1.4997689039458066
687,484,415,899,1,23.666611707517934,1.0,0.4807222222222222,1.1666117075179336
688,485,414,899,1,23.431364047747916,1.0,0.48016666666666663,0.9313640477479161
689,480,419,899,1,23.129720728339564,1.0,0.4829444444444444,0.6297207283395636
690,482,418,900,0,22.908177350930952,1.0,0.4822222222222222,0.4081773509309521
691,482,418,900,0,22.850275895825945,1.0,0.4822222222222222,0.35027589582594487
692,485,415,900,0,22.883121143925294,1.0,0.48055555555555557,0.38312114392529395
693,481,417,898,2,22.942804040805576,1.0,0.48199999999999993,0.44280404080557645
694,485,414,899,1,22.954794005140588,1.0,0.48016666666666663,0.4547940051405881
695,486,414,900,0,22.97932469012934,1.0,0.48,0.47932469012933865
696,486,413,899,1,23.044460266223016,1.0,0.4796111111111111,0.544460266223016
697,484,415,899,1,23.103121061711434,1.0,0.4807222222222222,0.603121061711434
698,484,416,900,0,23.05348821841477,1.0,0.4811111111111111,0.5534882184147705
699,482,418,900,0,22.932541290336538,1.0,0.4822222222222222,0.43254129033653754
700,484,416,900,0,22.854216342192274,1.0,0.4811111111111111,0.3542163421922737
701,487,413,900,0,23.00799909969608,1.0,0.47944444444444445,0.5079990996960788
702,488,411,899,1,23.049871728953807,1.0,0.4785,0.5498717289538071
703,485,413,898,2,23.158697026676126,1.0,0.47977777777777775,0.6586970266761263
704,488,412,900,0,23.2831471745256,1.0,0.47888888888888886,0.7831471745255989
705,484,413,897,3,23.326836545629064,1.0,0.47994444444444445,0.8268365456290638
706,487,412,899,1,23.22577349859321,1.0,0.4790555555555555,0.7257734985932096
707,487,412,899,1,23.26381517688485,1.0,0.4790555555555555,0.7638151768848509
708,485,413,898,2,23.195631251653325,1.0,0.47977777777777775,0.6956312516533245
709,488,412,900,0,23.108669055438277,1.0,0.47888888888888886,0.608669055438277
710,488,411,899,1,23.205947174023496,1.0,0.4785,0.7059471740234962
711,492,408,900,0,23.263511975368687,1.0,0.4766666666666667,0.7635119753686865
712,493,407,900,0,23.432369374017895,1.0,0.4761111111111111,0.9323693740178953
713,497,402,899,1,23.674724555424255,1.0,0.4735,1.1747245554242554
714,496,404,900,0,23.892716871273457,1.0,0.47444444444444445,1.392716871273457
715,496,404,900,0,23.957768537651333,1.0,0.47444444444444445,1.457768537651333
716,493,407,900,0,23.955275621346125,1.0,0.4761111111111111,1.455275621346125
717,493,406,899,1,23.945103421140942,1.0,0.4757222222222222,1.4451034211409421
718,490,409,899,1,23.746387870746315,1.0,0.47738888888888886,1.2463878707463145
719,485,414,899,1,23.524122362961393,1.0,0.48016666666666663,1.0241223629613927
720,484,415,899,1,23.26398886903975,1.0,0.4807222222222222,0.7639888690397498
721,478,416,894,6,23.801361917359277,1.0,0.4821111111111111,1.3013619173592765
722,471,410,881,19,24.713447885506174,1.0,0.48094444444444445,2.2134478855061737
723,464,419,883,17,25.256011415240827,1.0,0.48561111111111105,2.7560114152408275
724,466,421,887,13,24.93265865742362,1.0,0.4860555555555555,2.4326586574236195
725,467,424,891,9,24.492884938710112,1.0,0.4870555555555556,1.9928849387101124
726,453,440,893,7,23.766936758478398,1.0,0.49561111111111117,1.2669367584783977
727,447,449,896,4,22.3980288938007,1.0,0.5001111111111112,0.10197110619930072
728,450,450,900,0,21.23223821059624,1.0,0.5,1.2677617894037603
729,450,450,900,0,20.67680431386783,1.0,0.5,1.8231956861321699
730,449,450,899,1,20.275495414199913,1.0,0.5001666666666666,2.224504585800087
731,452,447,899,1,20.118785455912672,1.0,0.4985,2.381214544087328
732,451,447,898,2,20.102226452420915,1.0,0.4986666666666666,2.397773547579085
733,455,443,898,2,20.23402194865167,1.0,0.49644444444444447,2.2659780513483305
734,453,446,899,1,20.31708696215605,1.0,0.4979444444444444,2.1829130378439494
735,453,446,899,1,20.245321697089324,1.0,0.4979444444444444,2.2546783029106763
736,455,443,898,2,20.227290548661106,1.0,0.49644444444444447,2.272709451338894
737,457,440,897,3,20.455164697569636,1.0,0.4949444444444445,2.0448353024303643
738,458,440,898,2,20.64806501306477,1.0,0.4947777777777778,1.8519349869352304
739,460,438,898,2,20.745199389528466,1.0,0.4936666666666667,1.7548006104715341
740,457,441,898,2,20.77591509365518,1.0,0.49533333333333335,1.724084906344821
741,458,440,898,2,20.72055122801409,1.0,0.4947777777777778,1.7794487719859085
742,455,444,899,1,20.622831796205244,1.0,0.4968333333333333,1.8771682037947564
743,457,442,899,1,20.591823564405942,1.0,0.4957222222222222,1.9081764355940578
744,460,438,898,2,20.672449954936205,1.0,0.49366666666666664,1.827550045063795
745,466,433,899,1,20.931801389218844,1.0,0.49072222222222217,1.568198610781156
746,462,437,899,1,21.10542159790689,1.0,0.4929444444444444,1.39457840209311
747,460,439,899,1,21.105026937873575,1.0,0.4940555555555555,1.3949730621264251
748,460,438,898,2,20.98260609398543,1.0,0.4936666666666667,1.5173939060145685
749,460,438,898,2,20.841748212284358,1.0,0.49366666666666664,1.658251787715642
750,460,438,898,2,20.877059738632415,1.0,0.49366666666666664,1.6229402613675852
751,457,440,897,3,20.762882027166274,1.0,0.49494444444444435,1.737117972833726
752,457,441,898,2,20.705108952717083,1.0,0.4953333333333333,1.794891047282917
753,455,443,898,2,20.588333432399033,1.0,0.49644444444444447,1.9116665676009674
754,457,442,899,1,20.617834655333453,1.0,0.4957222222222222,1.8821653446665465
755,455,444,899,1,20.641511008853232,1.0,0.4968333333333333,1.8584889911467677
756,458,441,899,1,20.662274927665692,1.0,0.49516666666666664,1.8377250723343082
757,460,438,898,2,20.760545870165387,1.0,0.49366666666666664,1.7394541298346127
758,460,438,898,2,20.87079309835096,1.0,0.49366666666666664,1.6292069016490416
759,465,434,899,1,21.022731437589766,1.0,0.49127777777777776,1.4772685624102344
760,466,434,900,0,21.178348066966166,1.0,0.4911111111111111,1.3216519330338343
761,479,419,898,2,22.02109512079686,1.0,0.4831111111111111,0.47890487920313873
762,497,401,898,2,23.579551678198104,1.0,0.47311111111111115,1.0795516781981043
763,498,394,892,8,25.61395029021635,1.0,0.47022222222222226,3.1139502902163514
764,491,402,893,7,26.342758076935784,1.0,0.47450000000000003,3.842758076935784
765,493,397,890,10,26.18256494659927,1.0,0.47222222222222227,3.682564946599271
766,499,389,888,12,26.47461267277443,1.0,0.46811111111111103,3.9746126727744304
767,513,381,894,6,26.31713040733164,1.0,0.4626666666666666,3.817130407331639
768,510,384,894,6,26.170404431770276,1.0,0.4643333333333333,3.670404431770276
769,512,385,897,3,25.992669414223254,1.0,0.46438888888888896,3.492669414223254
770,512,385,897,3,25.77196843080956,1.0,0.46438888888888896,3.2719684308095616
771,506,391,897,3,25.573728956009273,1.0,0.46772222222222226,3.0737289560092727
772,503,394,897,3,25.281663987033212,1.0,0.4693888888888888,2.7816639870332125
773,500,396,896,4,24.968095059694726,1.0,0.4706666666666666,2.4680950596947255
774,501,397,898,2,24.8545708688561,1.0,0.47088888888888886,2.3545708688561007
775,499,398,897,3,24.658417994176283,1.0,0.47161111111111104,2.1584179941762827
776,498,400,898,2,24.402415074754604,1.0,0.47255555555555556,1.9024150747546038
777,496,403,899,1,24.30943236453793,1.0,0.4740555555555555,1.8094323645379298
778,497,402,899,1,24.21007077583029,1.0,0.4735,1.7100707758302889
779,496,402,898,2,24.117129708645862,1.0,0.4736666666666667,1.6171297086458623
780,497,401,898,2,24.17571542353612,1.0,0.47311111111111115,1.6757154235361185
781,494,405,899,1,24.13428656327682,1.0,0.4751666666666666,1.6342865632768202
782,495,404,899,1,24.04353463415886,1.0,0.4746111111111111,1.5435346341588598
783,492,407,899,1,23.972065662158286,1.0,0.47627777777777774,1.4720656621582862
784,487,412,899,1,23.733775983813395,1.0,0.4790555555555555,1.2337759838133948
785,482,417,899,1,23.385298726138657,1.0,0.48183333333333334,0.8852987261386573
786,484,416,900,0,23.21106009730127,1.0,0.4811111111111111,0.7110600973012708
787,485,415,900,0,23.177495235198,1.0,0.48055555555555557,0.6774952351979984
788,486,414,900,0,23.047415032327436,1.0,0.48,0.5474150323274358
789,484,416,900,0,22.946671962681883,1.0,0.4811111111111111,0.4466719626818829
790,483,417,900,0,22.914151911964247,1.0,0.4816666666666667,0.4141519119642467
791,482,418,900,0,22.81892864556455,1.0,0.4822222222222222,0.3189286455645508
792,479,419,898,2,22.761707051596016,1.0,0.48311111111111105,0.2617070515960158
793,478,420,898,2,22.671300278959876,1.0,0.48366666666666663,0.1713002789598761
794,474,423,897,3,22.61717115058925,1.0,0.48549999999999993,0.11717115058925032
795,478,419,897,3,22.546162094857205,1.0,0.4832777777777777,0.04616209485720546
796,475,424,899,1,22.563527800590478,1.0,0.4857222222222222,0.06352780059047802
797,474,423,897,3,22.335320930334476,1.0,0.4855,0.16467906966552448
798,473,424,897,3,22.308422259583796,1.0,0.48605555555555546,0.19157774041620357
799,472,426,898,2,22.163139449568302,1.0,0.48699999999999993,0.33686055043169816
800,473,426,899,1,22.082256521224092,1.0,0.4868333333333333,0.41774347877590756
801,458,440,898,2,22.174363649151324,1.0,0.4947777777777777,0.3256363508486757
802,444,453,897,3,21.942350772053082,1.0,0.5021666666666665,0.5576492279469178
803,451,442,893,7,22.24725354614995,1.0,0.4967222222222221,0.252746453850051
804,458,431,889,11,22.901630043033602,1.0,0.49127777777777765,0.4016300430336024
805,455,439,894,6,22.958962475006995,1.0,0.4948888888888889,0.45896247500699516
806,457,440,897,3,22.71914131195747,1.0,0.4949444444444444,0.21914131195746833
807,449,450,899,1,21.87344695182413,1.0,0.5001666666666666,0.6265530481758717
808,453,446,899,1,21.092854972195557,1.0,0.4979444444444444,1.407145027804443
809,452,445,897,3,20.79113218419084,1.0,0.49772222222222223,1.7088678158091604
810,455,445,900,0,20.534530322989895,1.0,0.49722222222222223,1.9654696770101054
811,458,442,900,0,20.60878458473402,1.0,0.4955555555555556,1.8912154152659788
812,462,438,900,0,20.716633433310527,1.0,0.49333333333333335,1.7833665666894731
813,462,438,900,0,20.875614106081233,1.0,0.49333333333333335,1.6243858939187668
814,461,439,900,0,21.02445772273879,1.0,0.4938888888888889,1.4755422772612086
815,461,438,899,1,20.968414493859633,1.0,0.4935,1.5315855061403667
816,459,439,898,2,20.89644838787332,1.0,0.4942222222222222,1.6035516121266795
817,459,439,898,2,20.96552158336263,1.0,0.4942222222222222,1.53447841663737
818,459,437,896,4,20.90324345596128,1.0,0.4934444444444444,1.596756544038719
819,461,438,899,1,20.90780736047087,1.0,0.4935,1.5921926395291308
820,461,439,900,0,20.9540338042724,1.0,0.4938888888888889,1.5459661957276012
821,462,438,900,0,21.038258783108883,1.0,0.49333333333333335,1.4617412168911166
822,461,437,898,2,21.010333773538836,1.0,0.49311111111111106,1.4896662264611642
823,465,433,898,2,21.12820474339397,1.0,0.4908888888888888,1.3717952566060312
824,466,433,899,1,21.380085459897465,1.0,0.49072222222222217,1.1199145401025348
825,466,433,899,1,21.505341599433102,1.0,0.49072222222222217,0.9946584005668981
826,466,433,899,1,21.515099435601616,1.0,0.49072222222222217,0.9849005643983837
827,471,429,900,0,21.529588314454564,1.0,0.48833333333333334,0.9704116855454359
828,470,430,900,0,21.564294198754855,1.0,0.4888888888888889,0.9357058012451454
829,472,428,900,0,21.58988866424146,1.0,0.48777777777777775,0.9101113357585398
830,476,424,900,0,21.75237085573007,1.0,0.4855555555555556,0.7476291442699292
831,479,421,900,0,21.974371168167103,1.0,0.48388888888888887,0.525628831832897
832,480,420,900,0,22.269390813908988,1.0,0.48333333333333334,0.23060918609101222
833,480,420,900,0,22.442993644221517,1.0,0.48333333333333334,0.05700635577848345
834,482,415,897,3,22.66162853401793,1.0,0.48105555555555557,0.16162853401792887
835,477,422,899,1,22.744168752758448,1.0,0.4846111111111111,0.24416875275844774
836,479,419,898,2,22.750420112634544,1.0,0.48311111111111105,0.25042011263454356
837,481,419,900,0,22.61347079459598,1.0,0.48277777777777775,0.11347079459597964
838,484,416,900,0,22.693996875605894,1.0,0.4811111111111111,0.19399687560589385
839,482,415,897,3,22.813223157151725,1.0,0.48105555555555546,0.3132231571517252
840,483,417,900,0,22.87283629792462,1.0,0.4816666666666667,0.37283629792462136
841,483,416,899,1,23.59822832718139,1.0,0.48127777777777775,1.0982283271813884
842,464,430,894,6,24.298080782402053,1.0,0.4898888888888889,1.798080782402053
843,454,436,890,10,23.9613781919377,1.0,0.4938888888888889,1.4613781919377011
844,462,435,897,3,23.54789565024643,1.0,0.4921666666666666,1.0478956502464314
845,464,434,898,2,23.484650470958005,1.0,0.4914444444444444,0.9846504709580053
846,469,427,896,4,23.2545780012659,1.0,0.4878888888888889,0.7545780012659016
847,472,425,897,3,23.125111375895294,1.0,0.48661111111111105,0.625111375895294
848,471,427,898,2,22.62367002260722,1.0,0.4875555555555555,0.1236700226072216
849,475,423,898,2,22.356466299290275,1.0,0.4853333333333333,0.1435337007097246
850,475,421,896,4,22.266124710462407,1.0,0.4845555555555555,0.2338752895375933
851,477,421,898,2,22.361713132741226,1.0,0.48422222222222217,0.13828686725877404
852,478,421,899,1,22.322302579503297,1.0,0.4840555555555555,0.17769742049670256
853,476,423,899,1,22.416579293419375,1.0,0.48516666666666663,0.08342070658062539
854,475,423,898,2,22.489126439102883,1.0,0.4853333333333333,0.01087356089711733
855,474,425,899,1,22.350990483189978,1.0,0.48627777777777775,0.14900951681002184
856,473,426,899,1,22.21188500624519,1.0,0.4868333333333333,0.2881149937548102
857,477,422,899,1,22.203444024708556,1.0,0.4846111111111111,0.29655597529144373
858,475,424,899,1,22.208149275992806,1.0,0.4857222222222222,0.2918507240071939
859,473,426,899,1,22.17548315214078,1.0,0.4868333333333333,0.3245168478592184
860,475,424,899,1,22.150224348162197,1.0,0.4857222222222222,0.34977565183780257
861,478,421,899,1,22.24265119465537,1.0,0.4840555555555555,0.25734880534463045
862,478,421,899,1,22.324567586112227,1.0,0.4840555555555555,0.17543241388777275
863,477,422,899,1,22.321581290293935,1.0,0.4846111111111111,0.17841870970606521
864,481,418,899,1,22.46016314036141,1.0,0.48238888888888887,0.03983685963859074
865,482,417,899,1,22.704547812865936,1.0,0.48183333333333334,0.20454781286593615
866,482,417,899,1,22.81781440706562,1.0,0.48183333333333334,0.3178144070656188
867,479,420,899,1,22.69935395669469,1.0,0.4835,0.19935395669469003
868,479,419,898,2,22.5796961932896,1.0,0.48311111111111105,0.07969619328959965
869,475,424,899,1,22.47523860132421,1.0,0.4857222222222222,0.02476139867578908
870,472,427,899,1,22.186120082218878,1.0,0.48738888888888887,0.31387991778112223
871,471,428,899,1,21.918653090078607,1.0,0.4879444444444444,0.5813469099213933
872,469,430,899,1,21.881050100438358,1.0,0.4890555555555555,0.6189498995616418
873,472,427,899,1,21.800452629966376,1.0,0.48738888888888887,0.6995473700336241
874,472,427,899,1,21.83087561243482,1.0,0.48738888888888887,0.66912438756518
875,480,419,899,1,22.109069834233285,1.0,0.4829444444444444,0.390930165766715
876,483,416,899,1,22.441796395424536,1.0,0.48127777777777775,0.05820360457546414
877,483,416,899,1,22.582066668578562,1.0,0.48127777777777775,0.08206666857856248
878,479,420,899,1,22.66936907054462,1.0,0.4835,0.1693690705446187
879,478,419,897,3,22.5990382809926,1.0,0.4832777777777777,0.09903828099259826
880,477,421,898,2,22.651077650593923,1.0,0.48422222222222217,0.15107765059392264
881,477,418,895,5,23.258700803729848,1.0,0.4830555555555554,0.7587008037298482
882,500,396,896,4,24.664576661289544,1.0,0.4706666666666666,2.1645766612895443
883,507,387,894,6,25.955960245565823,1.0,0.46599999999999986,3.455960245565823
884,497,388,885,15,26.627745045145556,1.0,0.46805555555555556,4.127745045145556
885,495,398,893,7,26.9299871328735,1.0,0.47227777777777774,4.429987132873499
886,493,404,897,3,26.224859360920938,1.0,0.47494444444444445,3.724859360920938
887,496,400,896,4,25.533086378204032,1.0,0.4728888888888889,3.0330863782040325
888,494,402,896,4,24.996307311417993,1.0,0.47400000000000003,2.4963073114179934
889,491,405,896,4,24.447767782071757,1.0,0.4756666666666667,1.9477677820717574
890,487,410,897,3,24.01488731660074,1.0,0.4782777777777778,1.5148873166007384
891,482,413,895,5,23.710558100771784,1.0,0.4802777777777778,1.2105581007717845
892,479,417,896,4,23.31257802768211,1.0,0.48233333333333334,0.8125780276821111
893,483,414,897,3,23.148606740631415,1.0,0.48050000000000004,0.6486067406314149
894,484,413,897,3,23.241714844576855,1.0,0.4799444444444445,0.7417148445768547
895,487,409,896,4,23.236767100382515,1.0,0.4778888888888889,0.7367671003825151
896,490,406,896,4,23.37505244497808,1.0,0.47622222222222227,0.8750524449780812
897,489,408,897,3,23.461362382664888,1.0,0.47716666666666674,0.9613623826648876
898,490,407,897,3,23.52236883561343,1.0,0.47661111111111115,1.022368835613431
899,492,406,898,2,23.649686787233716,1.0,0.4758888888888889,1.1496867872337155
900,493,405,898,2,23.669401271497147,1.0,0.47533333333333333,1.1694012714971471
901,492,405,897,3,23.69642577901786,1.0,0.4755,1.1964257790178614
902,490,408,898,2,23.736715258935934,1.0,0.47700000000000004,1.2367152589359343
903,490,408,898,2,23.63395226630736,1.0,0.47700000000000004,1.133952266307361
904,486,411,897,3,23.546867801782792,1.0,0.4788333333333334,1.046867801782792
905,484,414,898,2,23.493715608751835,1.0,0.48033333333333333,0.9937156087518346
906,482,415,897,3,23.33530603759618,1.0,0.48105555555555557,0.8353060375961796
907,483,415,898,2,23.15997074558846,1.0,0.4808888888888889,0.6599707455884598
908,483,416,899,1,22.98578255392339,1.0,0.48127777777777775,0.4857825539233893
909,486,413,899,1,23.02983771401489,1.0,0.4796111111111111,0.5298377140148887
910,485,413,898,2,23.078642520218356,1.0,0.47977777777777775,0.5786425202183558
911,484,414,898,2,23.015155940226638,1.0,0.4803333333333333,0.5151559402266379
912,487,411,898,2,23.1234876482074,1.0,0.4786666666666667,0.6234876482074014
913,488,411,899,1,23.115857526545923,1.0,0.4785,0.6158575265459234
914,490,409,899,1,23.191689925472183,1.0,0.47738888888888886,0.6916899254721827
915,484,415,899,1,23.228921906219195,1.0,0.4807222222222222,0.7289219062191954
916,480,419,899,1,23.04566692296421,1.0,0.4829444444444444,0.5456669229642088
917,478,420,898,2,22.752168457708237,1.0,0.48366666666666663,0.2521684577082368
918,479,420,899,1,22.745494223056873,1.0,0.4835,0.2454942230568733
919,479,420,899,1,22.611007849807137,1.0,0.4835,0.1110078498071374
920,479,417,896,4,22.70993266860049,1.0,0.4823333333333332,0.20993266860049076
921,474,417,891,9,23.34099854633243,1.0,0.4831666666666666,0.840998546332429
922,452,437,889,11,23.73826249984678,1.0,0.494611111111111,1.2382624998467797
923,450,441,891,9,23.25094987724538,1.0,0.4964999999999999,0.7509498772453789
924,440,452,892,8,22.999736261324365,1.0,0.5024444444444444,0.4997362613243652
925,445,451,896,4,22.734054455387206,1.0,0.5012222222222222,0.2340544553872057
926,450,448,898,2,22.05257617742919,1.0,0.4992222222222222,0.4474238225708085
927,455,444,899,1,21.355460676320508,1.0,0.4968333333333333,1.144539323679492
928,458,438,896,4,21.088603041671533,1.0,0.49400000000000005,1.4113969583284671
929,461,436,897,3,21.043747426156603,1.0,0.4927222222222223,1.456252573843397
930,463,434,897,3,21.170320358428334,1.0,0.49161111111111117,1.3296796415716656
931,467,431,898,2,21.383291783309513,1.0,0.4897777777777777,1.116708216690487
932,471,428,899,1,21.55157347140195,1.0,0.4879444444444444,0.9484265285980484
933,470,427,897,3,21.67073306494234,1.0,0.4877222222222222,0.8292669350576602
934,475,423,898,2,21.88755512507818,1.0,0.4853333333333333,0.6124448749218203
935,473,425,898,2,21.962315843084166,1.0,0.4864444444444444,0.5376841569158337
936,470,428,898,2,21.920732961046276,1.0,0.48811111111111105,0.5792670389537236
937,472,426,898,2,21.86423855181707,1.0,0.48699999999999993,0.6357614481829295
938,472,425,897,3,21.897787322854334,1.0,0.4866111111111111,0.6022126771456655
939,473,425,898,2,21.99352494941383,1.0,0.4864444444444444,0.5064750505861717
940,471,427,898,2,21.962430521652703,1.0,0.4875555555555555,0.5375694783472973
941,469,428,897,3,21.88508733212028,1.0,0.48827777777777776,0.6149126678797217
942,473,425,898,2,21.943230462500075,1.0,0.4864444444444444,0.5567695374999246
943,473,425,898,2,21.990153511795114,1.0,0.4864444444444444,0.5098464882048859
944,475,423,898,2,22.1186712849251,1.0,0.4853333333333333,0.3813287150749005
945,478,420,898,2,22.384116926402474,1.0,0.48366666666666663,0.11588307359752648
946,479,418,897,3,22.56970998074045,1.0,0.48272222222222216,0.06970998074044843
947,477,421,898,2,22.636413500467842,1.0,0.48422222222222217,0.1364135004678424
948,479,419,898,2,22.49535573157689,1.0,0.48311111111111105,0.004644268423110276
949,479,418,897,3,22.51203161150873,1.0,0.4827222222222222,0.012031611508728446
950,480,417,897,3,22.591091269179085,1.0,0.48216666666666663,0.09109126917908483
951,480,418,898,2,22.630621098014263,1.0,0.4825555555555555,0.13062109801426303
952,478,419,897,3,22.623608786274133,1.0,0.4832777777777777,0.12360878627413285
953,472,425,897,3,22.496510679100368,1.0,0.48661111111111105,0.0034893208996322755
954,467,429,896,4,22.161053152896685,1.0,0.4889999999999999,0.33894684710331546
955,468,428,896,4,22.071603412119604,1.0,0.48844444444444435,0.42839658788039614
956,471,424,895,5,22.0447300258362,1.0,0.4863888888888888,0.45526997416380155
957,472,424,896,4,22.049144816799636,1.0,0.4862222222222221,0.450855183200364
958,477,420,897,3,22.19142721025797,1.0,0.4838333333333333,0.30857278974202984
959,477,420,897,3,22.316122859302546,1.0,0.4838333333333333,0.18387714069745442
960,475,420,895,5,22.43958244076059,1.0,0.4841666666666666,0.06041755923941139
961,472,419,891,9,23.109692925982568,1.0,0.4842777777777777,0.6096929259825679
962,486,403,889,11,24.43146202161803,1.0,0.47572222222222205,1.9314620216180316
963,475,418,893,7,25.24958883280139,1.0,0.48338888888888876,2.7495888328013898
964,488,403,891,9,25.502094193743563,1.0,0.47538888888888886,3.002094193743563
965,482,402,884,16,26.04994030557675,1.0,0.476,3.549940305576751
966,480,408,888,12,25.60700532493731,1.0,0.47866666666666663,3.1070053249373117
967,475,419,894,6,24.616493783178413,1.0,0.48377777777777775,2.116493783178413
968,473,425,898,2,23.53621345038311,1.0,0.48644444444444446,1.0362134503831086
969,469,429,898,2,22.75986777957893,1.0,0.48866666666666664,0.25986777957892926
970,466,433,899,1,22.25702873492569,1.0,0.49072222222222217,0.24297126507430988
971,467,430,897,3,21.847682730517306,1.0,0.48938888888888893,0.652317269482694
972,470,430,900,0,21.67802847780727,1.0,0.4888888888888889,0.8219715221927295
973,468,432,900,0,21.628904319662517,1.0,0.49,0.8710956803374827
974,463,437,900,0,21.48899181262289,1.0,0.49277777777777776,1.0110081873771115
975,462,438,900,0,21.25355177240096,1.0,0.49333333333333335,1.2464482275990392
976,464,436,900,0,21.14475749434258,1.0,0.4922222222222222,1.3552425056574187
977,462,437,899,1,21.05465738710311,1.0,0.4929444444444444,1.4453426128968907
978,459,440,899,1,20.98351432604179,1.0,0.4946111111111111,1.5164856739582113
979,459,440,899,1,20.886146819859274,1.0,0.4946111111111111,1.613853180140726
980,459,439,898,2,20.846388808820567,1.0,0.4942222222222222,1.653611191179433
981,463,436,899,1,20.852602810742805,1.0,0.4923888888888889,1.6473971892571946
982,462,437,899,1,20.952524536849953,1.0,0.4929444444444444,1.5474754631500467
983,460,438,898,2,20.976392392461932,1.0,0.49366666666666664,1.523607607538068
984,461,438,899,1,20.952623352057646,1.0,0.4935,1.5473766479423539
985,463,435,898,2,21.019017854180262,1.0,0.49199999999999994,1.4809821458197376
986,461,439,900,0,21.149029830387597,1.0,0.4938888888888889,1.3509701696124026
987,465,434,899,1,21.152924061555513,1.0,0.49127777777777776,1.3470759384444868
988,464,436,900,0,21.10336938097242,1.0,0.4922222222222222,1.3966306190275795
989,465,435,900,0,21.05181481452315,1.0,0.49166666666666664,1.4481851854768486
990,465,435,900,0,21.096759249002968,1.0,0.49166666666666664,1.403240750997032
991,467,432,899,1,21.15425021573702,1.0,0.49016666666666664,1.3457497842629813
992,469,430,899,1,21.33199643913325,1.0,0.4890555555555555,1.168003560866751
993,473,426,899,1,21.648833531901438,1.0,0.4868333333333333,0.8511664680985618
994,476,423,899,1,21.895825280095096,1.0,0.48516666666666663,0.6041747199049041
995,477,422,899,1,22.185489159610135,1.0,0.4846111111111111,0.31451084038986465
996,476,422,898,2,22.225264850885193,1.0,0.4847777777777778,0.27473514911480734
997,476,423,899,1,22.245152696522705,1.0,0.48516666666666663,0.2548473034772947
998,472,427,899,1,22.17544915958447,1.0,0.48738888888888887,0.3245508404155295
999,471,428,899,1,22.018373877243867,1.0,0.4879444444444444,0.4816261227561327
1000,472,426,898,2,21.974854985567724,1.0,0.487,0.525145014432276
