time,transition,failed,working,spares,busy_repairers,repair_queue
0.0,initial,0,10,3,0,0
1.9471860169745714,interval_end,0,10,3,0,0
1.9471860169745714,machine_failure,1,10,2,1,0
2.8835316378933307,interval_end,1,10,2,1,0
2.8835316378933307,repair_complete,0,10,3,0,0
4.909391417365321,interval_end,0,10,3,0,0
4.909391417365321,machine_failure,1,10,2,1,0
5.042745441249656,interval_end,1,10,2,1,0
5.042745441249656,repair_complete,0,10,3,0,0
12.879043734350644,interval_end,0,10,3,0,0
12.879043734350644,machine_failure,1,10,2,1,0
14.389374062203727,interval_end,1,10,2,1,0
14.389374062203727,repair_complete,0,10,3,0,0
17.23350596840299,interval_end,0,10,3,0,0
17.23350596840299,machine_failure,1,10,2,1,0
17.616851111075526,interval_end,1,10,2,1,0
17.616851111075526,repair_complete,0,10,3,0,0
31.2356672580811,interval_end,0,10,3,0,0
31.2356672580811,machine_failure,1,10,2,1,0
34.706986060018146,interval_end,1,10,2,1,0
34.706986060018146,repair_complete,0,10,3,0,0
35.22100113915473,interval_end,0,10,3,0,0
35.22100113915473,machine_failure,1,10,2,1,0
35.53554736140028,interval_end,1,10,2,1,0
35.53554736140028,machine_failure,2,10,1,1,1
35.79650828736491,interval_end,2,10,1,1,1
35.79650828736491,repair_complete,1,10,2,1,0
36.08401473709741,interval_end,1,10,2,1,0
36.08401473709741,repair_complete,0,10,3,0,0
44.90676139993513,interval_end,0,10,3,0,0
44.90676139993513,machine_failure,1,10,2,1,0
45.40222238386895,interval_end,1,10,2,1,0
45.40222238386895,repair_complete,0,10,3,0,0
46.74878102703358,interval_end,0,10,3,0,0
46.74878102703358,machine_failure,1,10,2,1,0
47.88754403611037,interval_end,1,10,2,1,0
47.88754403611037,machine_failure,2,10,1,1,1
48.12438395598876,interval_end,2,10,1,1,1
48.12438395598876,repair_complete,1,10,2,1,0
48.55902042923259,interval_end,1,10,2,1,0
48.55902042923259,repair_complete,0,10,3,0,0
61.94687295387648,interval_end,0,10,3,0,0
61.94687295387648,machine_failure,1,10,2,1,0
62.40161553098869,interval_end,1,10,2,1,0
62.40161553098869,repair_complete,0,10,3,0,0
67.0327326132433,interval_end,0,10,3,0,0
67.0327326132433,machine_failure,1,10,2,1,0
68.2281522522037,interval_end,1,10,2,1,0
68.2281522522037,repair_complete,0,10,3,0,0
71.90868789118646,interval_end,0,10,3,0,0
71.90868789118646,machine_failure,1,10,2,1,0
72.06152841161891,interval_end,1,10,2,1,0
72.06152841161891,repair_complete,0,10,3,0,0
80.41647808000779,interval_end,0,10,3,0,0
80.41647808000779,machine_failure,1,10,2,1,0
80.5845221655166,interval_end,1,10,2,1,0
80.5845221655166,repair_complete,0,10,3,0,0
91.00298065418207,interval_end,0,10,3,0,0
91.00298065418207,machine_failure,1,10,2,1,0
91.26991907025509,interval_end,1,10,2,1,0
91.26991907025509,repair_complete,0,10,3,0,0
99.38182254015025,interval_end,0,10,3,0,0
99.38182254015025,machine_failure,1,10,2,1,0
99.71678222172815,interval_end,1,10,2,1,0
99.71678222172815,repair_complete,0,10,3,0,0
104.57572935885821,interval_end,0,10,3,0,0
104.57572935885821,machine_failure,1,10,2,1,0
104.82225900129275,interval_end,1,10,2,1,0
104.82225900129275,repair_complete,0,10,3,0,0
119.29004803605281,interval_end,0,10,3,0,0
119.29004803605281,machine_failure,1,10,2,1,0
121.0823756891421,interval_end,1,10,2,1,0
121.0823756891421,repair_complete,0,10,3,0,0
126.31520072857926,interval_end,0,10,3,0,0
126.31520072857926,machine_failure,1,10,2,1,0
127.64613908665754,interval_end,1,10,2,1,0
127.64613908665754,repair_complete,0,10,3,0,0
139.21825375315598,interval_end,0,10,3,0,0
139.21825375315598,machine_failure,1,10,2,1,0
141.5175570630226,interval_end,1,10,2,1,0
141.5175570630226,repair_complete,0,10,3,0,0
168.27325815538995,interval_end,0,10,3,0,0
168.27325815538995,machine_failure,1,10,2,1,0
170.04492654111345,interval_end,1,10,2,1,0
170.04492654111345,machine_failure,2,10,1,1,1
170.1938879406459,interval_end,2,10,1,1,1
170.1938879406459,repair_complete,1,10,2,1,0
170.7023661948536,interval_end,1,10,2,1,0
170.7023661948536,repair_complete,0,10,3,0,0
170.73585916161633,interval_end,0,10,3,0,0
170.73585916161633,machine_failure,1,10,2,1,0
170.88153503238013,interval_end,1,10,2,1,0
170.88153503238013,repair_complete,0,10,3,0,0
174.2391851010051,interval_end,0,10,3,0,0
174.2391851010051,machine_failure,1,10,2,1,0
175.60091359152074,interval_end,1,10,2,1,0
175.60091359152074,repair_complete,0,10,3,0,0
207.7858516000827,interval_end,0,10,3,0,0
207.7858516000827,machine_failure,1,10,2,1,0
209.0135129368314,interval_end,1,10,2,1,0
209.0135129368314,repair_complete,0,10,3,0,0
211.99541614771667,interval_end,0,10,3,0,0
211.99541614771667,machine_failure,1,10,2,1,0
212.80293063921968,interval_end,1,10,2,1,0
212.80293063921968,repair_complete,0,10,3,0,0
214.1075394449093,interval_end,0,10,3,0,0
214.1075394449093,machine_failure,1,10,2,1,0
214.64603857666933,interval_end,1,10,2,1,0
214.64603857666933,repair_complete,0,10,3,0,0
234.76004893746116,interval_end,0,10,3,0,0
234.76004893746116,machine_failure,1,10,2,1,0
235.31211742022305,interval_end,1,10,2,1,0
235.31211742022305,repair_complete,0,10,3,0,0
286.1033192986542,interval_end,0,10,3,0,0
286.1033192986542,machine_failure,1,10,2,1,0
286.32823500854226,interval_end,1,10,2,1,0
286.32823500854226,repair_complete,0,10,3,0,0
313.97358905625117,interval_end,0,10,3,0,0
313.97358905625117,machine_failure,1,10,2,1,0
314.9344382521392,interval_end,1,10,2,1,0
314.9344382521392,repair_complete,0,10,3,0,0
318.8955053920016,interval_end,0,10,3,0,0
318.8955053920016,machine_failure,1,10,2,1,0
319.8075725617634,interval_end,1,10,2,1,0
319.8075725617634,repair_complete,0,10,3,0,0
320.303605979829,interval_end,0,10,3,0,0
320.303605979829,machine_failure,1,10,2,1,0
320.9477354912904,interval_end,1,10,2,1,0
320.9477354912904,repair_complete,0,10,3,0,0
322.6215098713,interval_end,0,10,3,0,0
322.6215098713,machine_failure,1,10,2,1,0
322.8309975448239,interval_end,1,10,2,1,0
322.8309975448239,repair_complete,0,10,3,0,0
324.7642133256569,interval_end,0,10,3,0,0
324.7642133256569,machine_failure,1,10,2,1,0
326.5515603006651,interval_end,1,10,2,1,0
326.5515603006651,repair_complete,0,10,3,0,0
339.8806869423395,interval_end,0,10,3,0,0
339.8806869423395,machine_failure,1,10,2,1,0
340.1249972730158,interval_end,1,10,2,1,0
340.1249972730158,machine_failure,2,10,1,1,1
341.64855137402213,interval_end,2,10,1,1,1
341.64855137402213,repair_complete,1,10,2,1,0
341.78116527331537,interval_end,1,10,2,1,0
341.78116527331537,repair_complete,0,10,3,0,0
343.8921613690675,interval_end,0,10,3,0,0
343.8921613690675,machine_failure,1,10,2,1,0
344.29767445605296,interval_end,1,10,2,1,0
344.29767445605296,repair_complete,0,10,3,0,0
346.6823841663977,interval_end,0,10,3,0,0
346.6823841663977,machine_failure,1,10,2,1,0
347.30455063613067,interval_end,1,10,2,1,0
347.30455063613067,repair_complete,0,10,3,0,0
348.96177789854846,interval_end,0,10,3,0,0
348.96177789854846,machine_failure,1,10,2,1,0
350.0575437974841,interval_end,1,10,2,1,0
350.0575437974841,repair_complete,0,10,3,0,0
358.63582174978694,interval_end,0,10,3,0,0
358.63582174978694,machine_failure,1,10,2,1,0
359.81637043424445,interval_end,1,10,2,1,0
359.81637043424445,repair_complete,0,10,3,0,0
360.89354050197994,interval_end,0,10,3,0,0
360.89354050197994,machine_failure,1,10,2,1,0
360.98274942257467,interval_end,1,10,2,1,0
360.98274942257467,repair_complete,0,10,3,0,0
376.69648378475017,interval_end,0,10,3,0,0
376.69648378475017,machine_failure,1,10,2,1,0
378.31826723250555,interval_end,1,10,2,1,0
378.31826723250555,repair_complete,0,10,3,0,0
379.64431030677656,interval_end,0,10,3,0,0
379.64431030677656,machine_failure,1,10,2,1,0
380.40984051336704,interval_end,1,10,2,1,0
380.40984051336704,repair_complete,0,10,3,0,0
382.21519650428564,interval_end,0,10,3,0,0
382.21519650428564,machine_failure,1,10,2,1,0
382.25195457485995,interval_end,1,10,2,1,0
382.25195457485995,repair_complete,0,10,3,0,0
385.711822039983,interval_end,0,10,3,0,0
385.711822039983,machine_failure,1,10,2,1,0
386.61121500489406,interval_end,1,10,2,1,0
386.61121500489406,repair_complete,0,10,3,0,0
403.93997669814763,interval_end,0,10,3,0,0
403.93997669814763,machine_failure,1,10,2,1,0
404.14862314354866,interval_end,1,10,2,1,0
404.14862314354866,repair_complete,0,10,3,0,0
408.8611948151428,interval_end,0,10,3,0,0
408.8611948151428,machine_failure,1,10,2,1,0
411.4436015728784,interval_end,1,10,2,1,0
411.4436015728784,repair_complete,0,10,3,0,0
434.308126016807,interval_end,0,10,3,0,0
434.308126016807,machine_failure,1,10,2,1,0
434.64782004971613,interval_end,1,10,2,1,0
434.64782004971613,repair_complete,0,10,3,0,0
442.2310349127656,interval_end,0,10,3,0,0
442.2310349127656,machine_failure,1,10,2,1,0
443.4037258397048,interval_end,1,10,2,1,0
443.4037258397048,repair_complete,0,10,3,0,0
444.99192597746617,interval_end,0,10,3,0,0
444.99192597746617,machine_failure,1,10,2,1,0
445.0481370470439,interval_end,1,10,2,1,0
445.0481370470439,repair_complete,0,10,3,0,0
467.44197563703307,interval_end,0,10,3,0,0
467.44197563703307,machine_failure,1,10,2,1,0
467.9509120317122,interval_end,1,10,2,1,0
467.9509120317122,repair_complete,0,10,3,0,0
468.59293051485514,interval_end,0,10,3,0,0
468.59293051485514,machine_failure,1,10,2,1,0
469.56661900353475,interval_end,1,10,2,1,0
469.56661900353475,repair_complete,0,10,3,0,0
478.65871524107143,interval_end,0,10,3,0,0
478.65871524107143,machine_failure,1,10,2,1,0
479.6199928811926,interval_end,1,10,2,1,0
479.6199928811926,repair_complete,0,10,3,0,0
482.6769863676951,interval_end,0,10,3,0,0
482.6769863676951,machine_failure,1,10,2,1,0
482.8947863517302,interval_end,1,10,2,1,0
482.8947863517302,repair_complete,0,10,3,0,0
500.46628067149766,interval_end,0,10,3,0,0
500.46628067149766,machine_failure,1,10,2,1,0
501.73726261291,interval_end,1,10,2,1,0
501.73726261291,repair_complete,0,10,3,0,0
517.1005733789731,interval_end,0,10,3,0,0
517.1005733789731,machine_failure,1,10,2,1,0
518.3231972832715,interval_end,1,10,2,1,0
518.3231972832715,repair_complete,0,10,3,0,0
525.3102049308027,interval_end,0,10,3,0,0
525.3102049308027,machine_failure,1,10,2,1,0
525.9306162577503,interval_end,1,10,2,1,0
525.9306162577503,repair_complete,0,10,3,0,0
531.7833483856433,interval_end,0,10,3,0,0
531.7833483856433,machine_failure,1,10,2,1,0
532.0355033921221,interval_end,1,10,2,1,0
532.0355033921221,repair_complete,0,10,3,0,0
544.9903733416927,interval_end,0,10,3,0,0
544.9903733416927,machine_failure,1,10,2,1,0
545.1620942689044,interval_end,1,10,2,1,0
545.1620942689044,repair_complete,0,10,3,0,0
555.4264848734167,interval_end,0,10,3,0,0
555.4264848734167,machine_failure,1,10,2,1,0
555.6532677073453,interval_end,1,10,2,1,0
555.6532677073453,repair_complete,0,10,3,0,0
559.1505255231034,interval_end,0,10,3,0,0
559.1505255231034,machine_failure,1,10,2,1,0
559.470635534614,interval_end,1,10,2,1,0
559.470635534614,repair_complete,0,10,3,0,0
561.1702378482374,interval_end,0,10,3,0,0
561.1702378482374,machine_failure,1,10,2,1,0
561.4467943966664,interval_end,1,10,2,1,0
561.4467943966664,repair_complete,0,10,3,0,0
578.6562025742236,interval_end,0,10,3,0,0
578.6562025742236,machine_failure,1,10,2,1,0
579.4409894515383,interval_end,1,10,2,1,0
579.4409894515383,repair_complete,0,10,3,0,0
585.8641221097267,interval_end,0,10,3,0,0
585.8641221097267,machine_failure,1,10,2,1,0
586.3442719800685,interval_end,1,10,2,1,0
586.3442719800685,repair_complete,0,10,3,0,0
592.9716604215458,interval_end,0,10,3,0,0
592.9716604215458,machine_failure,1,10,2,1,0
595.2387130472083,interval_end,1,10,2,1,0
595.2387130472083,repair_complete,0,10,3,0,0
603.7500031099972,interval_end,0,10,3,0,0
603.7500031099972,machine_failure,1,10,2,1,0
603.7650408749638,interval_end,1,10,2,1,0
603.7650408749638,repair_complete,0,10,3,0,0
618.7111406240538,interval_end,0,10,3,0,0
618.7111406240538,machine_failure,1,10,2,1,0
620.4742417041717,interval_end,1,10,2,1,0
620.4742417041717,repair_complete,0,10,3,0,0
628.7067947048977,interval_end,0,10,3,0,0
628.7067947048977,machine_failure,1,10,2,1,0
631.0367609401177,interval_end,1,10,2,1,0
631.0367609401177,repair_complete,0,10,3,0,0
648.324891730904,interval_end,0,10,3,0,0
648.324891730904,machine_failure,1,10,2,1,0
649.1859269319677,interval_end,1,10,2,1,0
649.1859269319677,repair_complete,0,10,3,0,0
652.4073267810959,interval_end,0,10,3,0,0
652.4073267810959,machine_failure,1,10,2,1,0
653.1148209642794,interval_end,1,10,2,1,0
653.1148209642794,machine_failure,2,10,1,1,1
653.38967802075,interval_end,2,10,1,1,1
653.38967802075,repair_complete,1,10,2,1,0
653.7119509566687,interval_end,1,10,2,1,0
653.7119509566687,repair_complete,0,10,3,0,0
653.959695653319,interval_end,0,10,3,0,0
653.959695653319,machine_failure,1,10,2,1,0
655.9638413319736,interval_end,1,10,2,1,0
655.9638413319736,repair_complete,0,10,3,0,0
673.1401265579149,interval_end,0,10,3,0,0
673.1401265579149,machine_failure,1,10,2,1,0
674.8193907215681,interval_end,1,10,2,1,0
674.8193907215681,repair_complete,0,10,3,0,0
685.69934029307,interval_end,0,10,3,0,0
685.69934029307,machine_failure,1,10,2,1,0
686.3014954147578,interval_end,1,10,2,1,0
686.3014954147578,repair_complete,0,10,3,0,0
687.2816675755436,interval_end,0,10,3,0,0
687.2816675755436,machine_failure,1,10,2,1,0
688.191609372238,interval_end,1,10,2,1,0
688.191609372238,repair_complete,0,10,3,0,0
702.5688545990367,interval_end,0,10,3,0,0
702.5688545990367,machine_failure,1,10,2,1,0
703.4052881799555,interval_end,1,10,2,1,0
703.4052881799555,repair_complete,0,10,3,0,0
706.7627974024647,interval_end,0,10,3,0,0
706.7627974024647,machine_failure,1,10,2,1,0
708.8888977734042,interval_end,1,10,2,1,0
708.8888977734042,repair_complete,0,10,3,0,0
709.7081540012416,interval_end,0,10,3,0,0
709.7081540012416,machine_failure,1,10,2,1,0
711.8680683939101,interval_end,1,10,2,1,0
711.8680683939101,repair_complete,0,10,3,0,0
714.8234805192403,interval_end,0,10,3,0,0
714.8234805192403,machine_failure,1,10,2,1,0
716.2890760641176,interval_end,1,10,2,1,0
716.2890760641176,repair_complete,0,10,3,0,0
739.0070935462052,interval_end,0,10,3,0,0
739.0070935462052,machine_failure,1,10,2,1,0
739.4421056587715,interval_end,1,10,2,1,0
739.4421056587715,repair_complete,0,10,3,0,0
742.1050872459801,interval_end,0,10,3,0,0
742.1050872459801,machine_failure,1,10,2,1,0
743.495542966143,interval_end,1,10,2,1,0
743.495542966143,machine_failure,2,10,1,1,1
744.5312140829211,interval_end,2,10,1,1,1
744.5312140829211,repair_complete,1,10,2,1,0
745.1702636796282,interval_end,1,10,2,1,0
745.1702636796282,repair_complete,0,10,3,0,0
752.8587705197908,interval_end,0,10,3,0,0
752.8587705197908,machine_failure,1,10,2,1,0
753.2293918827926,interval_end,1,10,2,1,0
753.2293918827926,repair_complete,0,10,3,0,0
792.473252222255,interval_end,0,10,3,0,0
792.473252222255,machine_failure,1,10,2,1,0
793.1350112680531,interval_end,1,10,2,1,0
793.1350112680531,repair_complete,0,10,3,0,0
804.1144154378383,interval_end,0,10,3,0,0
804.1144154378383,machine_failure,1,10,2,1,0
804.4863905834941,interval_end,1,10,2,1,0
804.4863905834941,repair_complete,0,10,3,0,0
812.5894220943673,interval_end,0,10,3,0,0
812.5894220943673,machine_failure,1,10,2,1,0
813.8285555760592,interval_end,1,10,2,1,0
813.8285555760592,repair_complete,0,10,3,0,0
816.209160920163,interval_end,0,10,3,0,0
816.209160920163,machine_failure,1,10,2,1,0
816.476836850343,interval_end,1,10,2,1,0
816.476836850343,machine_failure,2,10,1,1,1
817.2063285263354,interval_end,2,10,1,1,1
817.2063285263354,repair_complete,1,10,2,1,0
817.2378986815961,interval_end,1,10,2,1,0
817.2378986815961,repair_complete,0,10,3,0,0
836.9155539990106,interval_end,0,10,3,0,0
836.9155539990106,machine_failure,1,10,2,1,0
837.7783841686021,interval_end,1,10,2,1,0
837.7783841686021,repair_complete,0,10,3,0,0
843.3049660437159,interval_end,0,10,3,0,0
843.3049660437159,machine_failure,1,10,2,1,0
846.3858032052037,interval_end,1,10,2,1,0
846.3858032052037,repair_complete,0,10,3,0,0
852.170932731987,interval_end,0,10,3,0,0
852.170932731987,machine_failure,1,10,2,1,0
853.7108386758446,interval_end,1,10,2,1,0
853.7108386758446,repair_complete,0,10,3,0,0
886.7357442894662,interval_end,0,10,3,0,0
886.7357442894662,machine_failure,1,10,2,1,0
886.9418934533365,interval_end,1,10,2,1,0
886.9418934533365,repair_complete,0,10,3,0,0
892.9505800180953,interval_end,0,10,3,0,0
892.9505800180953,machine_failure,1,10,2,1,0
894.8609121467377,interval_end,1,10,2,1,0
894.8609121467377,repair_complete,0,10,3,0,0
970.0892798015229,interval_end,0,10,3,0,0
970.0892798015229,machine_failure,1,10,2,1,0
970.2204952407003,interval_end,1,10,2,1,0
970.2204952407003,machine_failure,2,10,1,1,1
971.8561542152421,interval_end,2,10,1,1,1
971.8561542152421,repair_complete,1,10,2,1,0
971.9118461643304,interval_end,1,10,2,1,0
971.9118461643304,machine_failure,2,10,1,1,1
973.5970006240015,interval_end,2,10,1,1,1
973.5970006240015,repair_complete,1,10,2,1,0
973.6611045889304,interval_end,1,10,2,1,0
973.6611045889304,repair_complete,0,10,3,0,0
979.5149573192801,interval_end,0,10,3,0,0
979.5149573192801,machine_failure,1,10,2,1,0
980.8020039275917,interval_end,1,10,2,1,0
980.8020039275917,repair_complete,0,10,3,0,0
992.3360850378241,interval_end,0,10,3,0,0
992.3360850378241,machine_failure,1,10,2,1,0
992.5225083712774,interval_end,1,10,2,1,0
992.5225083712774,repair_complete,0,10,3,0,0
993.2253888267668,interval_end,0,10,3,0,0
993.2253888267668,machine_failure,1,10,2,1,0
994.6022958825511,interval_end,1,10,2,1,0
994.6022958825511,repair_complete,0,10,3,0,0
1002.639331964146,interval_end,0,10,3,0,0
1002.639331964146,machine_failure,1,10,2,1,0
1004.0904245332799,interval_end,1,10,2,1,0
1004.0904245332799,repair_complete,0,10,3,0,0
1016.5698722287466,interval_end,0,10,3,0,0
1016.5698722287466,machine_failure,1,10,2,1,0
1018.1713167328704,interval_end,1,10,2,1,0
1018.1713167328704,repair_complete,0,10,3,0,0
1025.949261561958,interval_end,0,10,3,0,0
1025.949261561958,machine_failure,1,10,2,1,0
1026.22670539473,interval_end,1,10,2,1,0
1026.22670539473,repair_complete,0,10,3,0,0
1030.8511927504649,interval_end,0,10,3,0,0
1030.8511927504649,machine_failure,1,10,2,1,0
1031.7630465391062,interval_end,1,10,2,1,0
1031.7630465391062,repair_complete,0,10,3,0,0
1032.1400881222114,interval_end,0,10,3,0,0
1032.1400881222114,machine_failure,1,10,2,1,0
1033.2612903447862,interval_end,1,10,2,1,0
1033.2612903447862,repair_complete,0,10,3,0,0
1059.7352032486788,interval_end,0,10,3,0,0
1059.7352032486788,machine_failure,1,10,2,1,0
1059.981972205009,interval_end,1,10,2,1,0
1059.981972205009,repair_complete,0,10,3,0,0
1077.0967146471958,interval_end,0,10,3,0,0
1077.0967146471958,machine_failure,1,10,2,1,0
1077.0993826977312,interval_end,1,10,2,1,0
1077.0993826977312,repair_complete,0,10,3,0,0
1085.4782108456402,interval_end,0,10,3,0,0
1085.4782108456402,machine_failure,1,10,2,1,0
1085.6440303441457,interval_end,1,10,2,1,0
1085.6440303441457,repair_complete,0,10,3,0,0
1089.3888796407434,interval_end,0,10,3,0,0
1089.3888796407434,machine_failure,1,10,2,1,0
1089.4116996556063,interval_end,1,10,2,1,0
1089.4116996556063,repair_complete,0,10,3,0,0
1122.8596972937107,interval_end,0,10,3,0,0
1122.8596972937107,machine_failure,1,10,2,1,0
1123.0493549076264,interval_end,1,10,2,1,0
1123.0493549076264,repair_complete,0,10,3,0,0
1127.302723700557,interval_end,0,10,3,0,0
1127.302723700557,machine_failure,1,10,2,1,0
1127.9294992383504,interval_end,1,10,2,1,0
1127.9294992383504,repair_complete,0,10,3,0,0
1141.8878960830202,interval_end,0,10,3,0,0
1141.8878960830202,machine_failure,1,10,2,1,0
1141.9513446240928,interval_end,1,10,2,1,0
1141.9513446240928,machine_failure,2,10,1,1,1
1145.3264705270162,interval_end,2,10,1,1,1
1145.3264705270162,repair_complete,1,10,2,1,0
1146.6458768990497,interval_end,1,10,2,1,0
1146.6458768990497,repair_complete,0,10,3,0,0
1169.428497842893,interval_end,0,10,3,0,0
1169.428497842893,machine_failure,1,10,2,1,0
1170.2581042207519,interval_end,1,10,2,1,0
1170.2581042207519,repair_complete,0,10,3,0,0
1195.0440792536797,interval_end,0,10,3,0,0
1195.0440792536797,machine_failure,1,10,2,1,0
1196.445055092525,interval_end,1,10,2,1,0
1196.445055092525,repair_complete,0,10,3,0,0
1202.269052116869,interval_end,0,10,3,0,0
1202.269052116869,machine_failure,1,10,2,1,0
1203.2978335175642,interval_end,1,10,2,1,0
1203.2978335175642,repair_complete,0,10,3,0,0
1216.4857804779285,interval_end,0,10,3,0,0
1216.4857804779285,machine_failure,1,10,2,1,0
1218.472629053155,interval_end,1,10,2,1,0
1218.472629053155,repair_complete,0,10,3,0,0
1221.6165592103137,interval_end,0,10,3,0,0
1221.6165592103137,machine_failure,1,10,2,1,0
1222.5710203819383,interval_end,1,10,2,1,0
1222.5710203819383,repair_complete,0,10,3,0,0
1249.4664783053213,interval_end,0,10,3,0,0
1249.4664783053213,machine_failure,1,10,2,1,0
1249.5415656292319,interval_end,1,10,2,1,0
1249.5415656292319,repair_complete,0,10,3,0,0
1261.654304657776,interval_end,0,10,3,0,0
1261.654304657776,machine_failure,1,10,2,1,0
1262.2790540360884,interval_end,1,10,2,1,0
1262.2790540360884,repair_complete,0,10,3,0,0
1293.2828928700437,interval_end,0,10,3,0,0
1293.2828928700437,machine_failure,1,10,2,1,0
1294.0316637943838,interval_end,1,10,2,1,0
1294.0316637943838,repair_complete,0,10,3,0,0
1295.6454228339808,interval_end,0,10,3,0,0
1295.6454228339808,machine_failure,1,10,2,1,0
1295.7655828989818,interval_end,1,10,2,1,0
1295.7655828989818,repair_complete,0,10,3,0,0
1299.7742718302948,interval_end,0,10,3,0,0
1299.7742718302948,machine_failure,1,10,2,1,0
1300.2067379653624,interval_end,1,10,2,1,0
1300.2067379653624,repair_complete,0,10,3,0,0
1319.2762050644892,interval_end,0,10,3,0,0
1319.2762050644892,machine_failure,1,10,2,1,0
1320.3643461014742,interval_end,1,10,2,1,0
1320.3643461014742,repair_complete,0,10,3,0,0
1330.7729715351513,interval_end,0,10,3,0,0
1330.7729715351513,machine_failure,1,10,2,1,0
1330.8886093065223,interval_end,1,10,2,1,0
1330.8886093065223,repair_complete,0,10,3,0,0
1353.1113209266173,interval_end,0,10,3,0,0
1353.1113209266173,machine_failure,1,10,2,1,0
1353.690280609868,interval_end,1,10,2,1,0
1353.690280609868,repair_complete,0,10,3,0,0
1374.5259553275025,interval_end,0,10,3,0,0
1374.5259553275025,machine_failure,1,10,2,1,0
1374.8230368185891,interval_end,1,10,2,1,0
1374.8230368185891,repair_complete,0,10,3,0,0
1391.233530398096,interval_end,0,10,3,0,0
1391.233530398096,machine_failure,1,10,2,1,0
1391.604533725297,interval_end,1,10,2,1,0
1391.604533725297,repair_complete,0,10,3,0,0
1402.3925474628697,interval_end,0,10,3,0,0
1402.3925474628697,machine_failure,1,10,2,1,0
1403.9552499653778,interval_end,1,10,2,1,0
1403.9552499653778,repair_complete,0,10,3,0,0
1433.9212037478442,interval_end,0,10,3,0,0
1433.9212037478442,machine_failure,1,10,2,1,0
1435.5161119252052,interval_end,1,10,2,1,0
1435.5161119252052,machine_failure,2,10,1,1,1
1436.2373134730615,interval_end,2,10,1,1,1
1436.2373134730615,repair_complete,1,10,2,1,0
1436.838638157556,interval_end,1,10,2,1,0
1436.838638157556,repair_complete,0,10,3,0,0
1447.9045689287505,interval_end,0,10,3,0,0
1447.9045689287505,machine_failure,1,10,2,1,0
1447.9514887211221,interval_end,1,10,2,1,0
1447.9514887211221,repair_complete,0,10,3,0,0
1449.3700340940825,interval_end,0,10,3,0,0
1449.3700340940825,machine_failure,1,10,2,1,0
1449.4509259748693,interval_end,1,10,2,1,0
1449.4509259748693,repair_complete,0,10,3,0,0
1450.0895025177126,interval_end,0,10,3,0,0
1450.0895025177126,machine_failure,1,10,2,1,0
1450.2240262093972,interval_end,1,10,2,1,0
1450.2240262093972,repair_complete,0,10,3,0,0
1477.0034927677773,interval_end,0,10,3,0,0
1477.0034927677773,machine_failure,1,10,2,1,0
1478.324816618939,interval_end,1,10,2,1,0
1478.324816618939,repair_complete,0,10,3,0,0
1536.824732381058,interval_end,0,10,3,0,0
1536.824732381058,machine_failure,1,10,2,1,0
1537.6243527737502,interval_end,1,10,2,1,0
1537.6243527737502,repair_complete,0,10,3,0,0
1555.8345838206474,interval_end,0,10,3,0,0
1555.8345838206474,machine_failure,1,10,2,1,0
1557.032230232434,interval_end,1,10,2,1,0
1557.032230232434,repair_complete,0,10,3,0,0
1562.4416980012224,interval_end,0,10,3,0,0
1562.4416980012224,machine_failure,1,10,2,1,0
1563.8421195587227,interval_end,1,10,2,1,0
1563.8421195587227,repair_complete,0,10,3,0,0
1589.226497235576,interval_end,0,10,3,0,0
1589.226497235576,machine_failure,1,10,2,1,0
1589.5204693744301,interval_end,1,10,2,1,0
1589.5204693744301,machine_failure,2,10,1,1,1
1590.266305192127,interval_end,2,10,1,1,1
1590.266305192127,repair_complete,1,10,2,1,0
1590.9819789673925,interval_end,1,10,2,1,0
1590.9819789673925,repair_complete,0,10,3,0,0
1591.2390756113236,interval_end,0,10,3,0,0
1591.2390756113236,machine_failure,1,10,2,1,0
1591.4665183292086,interval_end,1,10,2,1,0
1591.4665183292086,repair_complete,0,10,3,0,0
1602.7839739483177,interval_end,0,10,3,0,0
1602.7839739483177,machine_failure,1,10,2,1,0
1603.5889002706685,interval_end,1,10,2,1,0
1603.5889002706685,repair_complete,0,10,3,0,0
1608.2620397065207,interval_end,0,10,3,0,0
1608.2620397065207,machine_failure,1,10,2,1,0
1608.2739968398253,interval_end,1,10,2,1,0
1608.2739968398253,repair_complete,0,10,3,0,0
1611.069666015467,interval_end,0,10,3,0,0
1611.069666015467,machine_failure,1,10,2,1,0
1612.807377178129,interval_end,1,10,2,1,0
1612.807377178129,repair_complete,0,10,3,0,0
1625.9333808058188,interval_end,0,10,3,0,0
1625.9333808058188,machine_failure,1,10,2,1,0
1626.3672434680393,interval_end,1,10,2,1,0
1626.3672434680393,repair_complete,0,10,3,0,0
1630.4362605968254,interval_end,0,10,3,0,0
1630.4362605968254,machine_failure,1,10,2,1,0
1630.6443165294872,interval_end,1,10,2,1,0
1630.6443165294872,repair_complete,0,10,3,0,0
1642.5173437109854,interval_end,0,10,3,0,0
1642.5173437109854,machine_failure,1,10,2,1,0
1642.9099330688666,interval_end,1,10,2,1,0
1642.9099330688666,repair_complete,0,10,3,0,0
1645.1810540165968,interval_end,0,10,3,0,0
1645.1810540165968,machine_failure,1,10,2,1,0
1645.2547980315096,interval_end,1,10,2,1,0
1645.2547980315096,repair_complete,0,10,3,0,0
1665.1958899499214,interval_end,0,10,3,0,0
1665.1958899499214,machine_failure,1,10,2,1,0
1666.8573776669,interval_end,1,10,2,1,0
1666.8573776669,repair_complete,0,10,3,0,0
1667.485748505842,interval_end,0,10,3,0,0
1667.485748505842,machine_failure,1,10,2,1,0
1667.7077856305996,interval_end,1,10,2,1,0
1667.7077856305996,repair_complete,0,10,3,0,0
1668.9249385356673,interval_end,0,10,3,0,0
1668.9249385356673,machine_failure,1,10,2,1,0
1669.3262413741163,interval_end,1,10,2,1,0
1669.3262413741163,repair_complete,0,10,3,0,0
1682.0988336355974,interval_end,0,10,3,0,0
1682.0988336355974,machine_failure,1,10,2,1,0
1683.3850966986402,interval_end,1,10,2,1,0
1683.3850966986402,repair_complete,0,10,3,0,0
1693.5237762332918,interval_end,0,10,3,0,0
1693.5237762332918,machine_failure,1,10,2,1,0
1693.987013035419,interval_end,1,10,2,1,0
1693.987013035419,repair_complete,0,10,3,0,0
1696.4530013285232,interval_end,0,10,3,0,0
1696.4530013285232,machine_failure,1,10,2,1,0
1696.593939028012,interval_end,1,10,2,1,0
1696.593939028012,repair_complete,0,10,3,0,0
1704.1977132487143,interval_end,0,10,3,0,0
1704.1977132487143,machine_failure,1,10,2,1,0
1704.4986106802617,interval_end,1,10,2,1,0
1704.4986106802617,repair_complete,0,10,3,0,0
1742.0922131797984,interval_end,0,10,3,0,0
1742.0922131797984,machine_failure,1,10,2,1,0
1743.4623110046703,interval_end,1,10,2,1,0
1743.4623110046703,repair_complete,0,10,3,0,0
1767.6988749329353,interval_end,0,10,3,0,0
1767.6988749329353,machine_failure,1,10,2,1,0
1767.7195915278066,interval_end,1,10,2,1,0
1767.7195915278066,repair_complete,0,10,3,0,0
1773.0556155783447,interval_end,0,10,3,0,0
1773.0556155783447,machine_failure,1,10,2,1,0
1773.560797351655,interval_end,1,10,2,1,0
1773.560797351655,repair_complete,0,10,3,0,0
1807.9860243086935,interval_end,0,10,3,0,0
1807.9860243086935,machine_failure,1,10,2,1,0
1808.7044927357417,interval_end,1,10,2,1,0
1808.7044927357417,repair_complete,0,10,3,0,0
1835.594325297817,interval_end,0,10,3,0,0
1835.594325297817,machine_failure,1,10,2,1,0
1836.4547157215197,interval_end,1,10,2,1,0
1836.4547157215197,repair_complete,0,10,3,0,0
1838.8642483434662,interval_end,0,10,3,0,0
1838.8642483434662,machine_failure,1,10,2,1,0
1839.143906694843,interval_end,1,10,2,1,0
1839.143906694843,repair_complete,0,10,3,0,0
1839.9024887833136,interval_end,0,10,3,0,0
1839.9024887833136,machine_failure,1,10,2,1,0
1842.5362045423094,interval_end,1,10,2,1,0
1842.5362045423094,machine_failure,2,10,1,1,1
1842.5831160807538,interval_end,2,10,1,1,1
1842.5831160807538,repair_complete,1,10,2,1,0
1842.7223674416596,interval_end,1,10,2,1,0
1842.7223674416596,repair_complete,0,10,3,0,0
1887.9354962018513,interval_end,0,10,3,0,0
1887.9354962018513,machine_failure,1,10,2,1,0
1888.6772313078443,interval_end,1,10,2,1,0
1888.6772313078443,repair_complete,0,10,3,0,0
1889.0591922041076,interval_end,0,10,3,0,0
1889.0591922041076,machine_failure,1,10,2,1,0
1889.2741722133972,interval_end,1,10,2,1,0
1889.2741722133972,repair_complete,0,10,3,0,0
1895.4129330771439,interval_end,0,10,3,0,0
1895.4129330771439,machine_failure,1,10,2,1,0
1895.6692321546543,interval_end,1,10,2,1,0
1895.6692321546543,repair_complete,0,10,3,0,0
1896.240500194082,interval_end,0,10,3,0,0
1896.240500194082,machine_failure,1,10,2,1,0
1896.7966477962336,interval_end,1,10,2,1,0
1896.7966477962336,repair_complete,0,10,3,0,0
1900.0189462947274,interval_end,0,10,3,0,0
1900.0189462947274,machine_failure,1,10,2,1,0
1901.1441290615783,interval_end,1,10,2,1,0
1901.1441290615783,repair_complete,0,10,3,0,0
1902.211151467165,interval_end,0,10,3,0,0
1902.211151467165,machine_failure,1,10,2,1,0
1903.3500153844982,interval_end,1,10,2,1,0
1903.3500153844982,machine_failure,2,10,1,1,1
1904.1572025302266,interval_end,2,10,1,1,1
1904.1572025302266,repair_complete,1,10,2,1,0
1905.876621866165,interval_end,1,10,2,1,0
1905.876621866165,repair_complete,0,10,3,0,0
1922.5636471440746,interval_end,0,10,3,0,0
1922.5636471440746,machine_failure,1,10,2,1,0
1922.8996807899875,interval_end,1,10,2,1,0
1922.8996807899875,repair_complete,0,10,3,0,0
1925.2389980358932,interval_end,0,10,3,0,0
1925.2389980358932,machine_failure,1,10,2,1,0
1925.2698230993756,interval_end,1,10,2,1,0
1925.2698230993756,repair_complete,0,10,3,0,0
1936.8067748257502,interval_end,0,10,3,0,0
1936.8067748257502,machine_failure,1,10,2,1,0
1936.9820149046907,interval_end,1,10,2,1,0
1936.9820149046907,repair_complete,0,10,3,0,0
1962.0590614212056,interval_end,0,10,3,0,0
1962.0590614212056,machine_failure,1,10,2,1,0
1964.0531100000933,interval_end,1,10,2,1,0
1964.0531100000933,repair_complete,0,10,3,0,0
1968.5044516229818,interval_end,0,10,3,0,0
1968.5044516229818,machine_failure,1,10,2,1,0
1969.2519228425724,interval_end,1,10,2,1,0
1969.2519228425724,repair_complete,0,10,3,0,0
1976.4457904118738,interval_end,0,10,3,0,0
1976.4457904118738,machine_failure,1,10,2,1,0
1976.8097607713971,interval_end,1,10,2,1,0
1976.8097607713971,repair_complete,0,10,3,0,0
1985.147521720236,interval_end,0,10,3,0,0
1985.147521720236,machine_failure,1,10,2,1,0
1985.8038431120235,interval_end,1,10,2,1,0
1985.8038431120235,repair_complete,0,10,3,0,0
2005.675583246106,interval_end,0,10,3,0,0
2005.675583246106,machine_failure,1,10,2,1,0
2006.1016550997842,interval_end,1,10,2,1,0
2006.1016550997842,machine_failure,2,10,1,1,1
2006.364757085174,interval_end,2,10,1,1,1
2006.364757085174,repair_complete,1,10,2,1,0
2006.8230009024567,interval_end,1,10,2,1,0
2006.8230009024567,repair_complete,0,10,3,0,0
2014.7846871880129,interval_end,0,10,3,0,0
2014.7846871880129,machine_failure,1,10,2,1,0
2017.5659689721076,interval_end,1,10,2,1,0
2017.5659689721076,repair_complete,0,10,3,0,0
2039.07985319443,interval_end,0,10,3,0,0
2039.07985319443,machine_failure,1,10,2,1,0
2039.576214625019,interval_end,1,10,2,1,0
2039.576214625019,repair_complete,0,10,3,0,0
2046.4765849273278,interval_end,0,10,3,0,0
2046.4765849273278,machine_failure,1,10,2,1,0
2046.7029803924554,interval_end,1,10,2,1,0
2046.7029803924554,repair_complete,0,10,3,0,0
2047.2098651398069,interval_end,0,10,3,0,0
2047.2098651398069,machine_failure,1,10,2,1,0
2048.4643001795494,interval_end,1,10,2,1,0
2048.4643001795494,repair_complete,0,10,3,0,0
2050.587778812828,interval_end,0,10,3,0,0
2050.587778812828,machine_failure,1,10,2,1,0
2051.3124628568085,interval_end,1,10,2,1,0
2051.3124628568085,repair_complete,0,10,3,0,0
2055.0250794191,interval_end,0,10,3,0,0
2055.0250794191,machine_failure,1,10,2,1,0
2055.4819320642605,interval_end,1,10,2,1,0
2055.4819320642605,repair_complete,0,10,3,0,0
2056.8320517613124,interval_end,0,10,3,0,0
2056.8320517613124,machine_failure,1,10,2,1,0
2057.0035129431435,interval_end,1,10,2,1,0
2057.0035129431435,repair_complete,0,10,3,0,0
2067.8218337704548,interval_end,0,10,3,0,0
2067.8218337704548,machine_failure,1,10,2,1,0
2068.4311134337254,interval_end,1,10,2,1,0
2068.4311134337254,repair_complete,0,10,3,0,0
2073.299732952056,interval_end,0,10,3,0,0
2073.299732952056,machine_failure,1,10,2,1,0
2073.6706611592585,interval_end,1,10,2,1,0
2073.6706611592585,repair_complete,0,10,3,0,0
2090.304810293583,interval_end,0,10,3,0,0
2090.304810293583,machine_failure,1,10,2,1,0
2090.4879683546637,interval_end,1,10,2,1,0
2090.4879683546637,repair_complete,0,10,3,0,0
2095.8218118012132,interval_end,0,10,3,0,0
2095.8218118012132,machine_failure,1,10,2,1,0
2096.036064990166,interval_end,1,10,2,1,0
2096.036064990166,repair_complete,0,10,3,0,0
2101.2236323875873,interval_end,0,10,3,0,0
2101.2236323875873,machine_failure,1,10,2,1,0
2102.6043934315794,interval_end,1,10,2,1,0
2102.6043934315794,repair_complete,0,10,3,0,0
2135.426133023161,interval_end,0,10,3,0,0
2135.426133023161,machine_failure,1,10,2,1,0
2136.4564792687843,interval_end,1,10,2,1,0
2136.4564792687843,repair_complete,0,10,3,0,0
2144.9532412589365,interval_end,0,10,3,0,0
2144.9532412589365,machine_failure,1,10,2,1,0
2145.134061598307,interval_end,1,10,2,1,0
2145.134061598307,repair_complete,0,10,3,0,0
2151.0197241886895,interval_end,0,10,3,0,0
2151.0197241886895,machine_failure,1,10,2,1,0
2151.635831492035,interval_end,1,10,2,1,0
2151.635831492035,repair_complete,0,10,3,0,0
2184.094320992466,interval_end,0,10,3,0,0
2184.094320992466,machine_failure,1,10,2,1,0
2184.2840567546796,interval_end,1,10,2,1,0
2184.2840567546796,repair_complete,0,10,3,0,0
2185.1276389370646,interval_end,0,10,3,0,0
2185.1276389370646,machine_failure,1,10,2,1,0
2185.777879402173,interval_end,1,10,2,1,0
2185.777879402173,machine_failure,2,10,1,1,1
2186.40586270699,interval_end,2,10,1,1,1
2186.40586270699,repair_complete,1,10,2,1,0
2187.5340975002873,interval_end,1,10,2,1,0
2187.5340975002873,repair_complete,0,10,3,0,0
2200.3995745855273,interval_end,0,10,3,0,0
2200.3995745855273,machine_failure,1,10,2,1,0
2200.7337723358014,interval_end,1,10,2,1,0
2200.7337723358014,repair_complete,0,10,3,0,0
2218.287542798819,interval_end,0,10,3,0,0
2218.287542798819,machine_failure,1,10,2,1,0
2218.8890372258215,interval_end,1,10,2,1,0
2218.8890372258215,repair_complete,0,10,3,0,0
2224.8215091824013,interval_end,0,10,3,0,0
2224.8215091824013,machine_failure,1,10,2,1,0
2225.3946715280454,interval_end,1,10,2,1,0
2225.3946715280454,repair_complete,0,10,3,0,0
2230.6140717509543,interval_end,0,10,3,0,0
2230.6140717509543,machine_failure,1,10,2,1,0
2230.81019011283,interval_end,1,10,2,1,0
2230.81019011283,repair_complete,0,10,3,0,0
2236.524909749366,interval_end,0,10,3,0,0
2236.524909749366,machine_failure,1,10,2,1,0
2237.0046379940386,interval_end,1,10,2,1,0
2237.0046379940386,repair_complete,0,10,3,0,0
2239.115105372101,interval_end,0,10,3,0,0
2239.115105372101,machine_failure,1,10,2,1,0
2240.727753431751,interval_end,1,10,2,1,0
2240.727753431751,repair_complete,0,10,3,0,0
2241.8182163124684,interval_end,0,10,3,0,0
2241.8182163124684,machine_failure,1,10,2,1,0
2243.0661287175476,interval_end,1,10,2,1,0
2243.0661287175476,repair_complete,0,10,3,0,0
2260.4073547785574,interval_end,0,10,3,0,0
2260.4073547785574,machine_failure,1,10,2,1,0
2261.1203385698946,interval_end,1,10,2,1,0
2261.1203385698946,machine_failure,2,10,1,1,1
2262.0702907760015,interval_end,2,10,1,1,1
2262.0702907760015,repair_complete,1,10,2,1,0
2262.134701628291,interval_end,1,10,2,1,0
2262.134701628291,machine_failure,2,10,1,1,1
2262.9673224532758,interval_end,2,10,1,1,1
2262.9673224532758,repair_complete,1,10,2,1,0
2263.465511051031,interval_end,1,10,2,1,0
2263.465511051031,repair_complete,0,10,3,0,0
2264.9698482903,interval_end,0,10,3,0,0
2264.9698482903,machine_failure,1,10,2,1,0
2265.348720231493,interval_end,1,10,2,1,0
2265.348720231493,repair_complete,0,10,3,0,0
2283.961267812787,interval_end,0,10,3,0,0
2283.961267812787,machine_failure,1,10,2,1,0
2285.0452771448277,interval_end,1,10,2,1,0
2285.0452771448277,repair_complete,0,10,3,0,0
2298.5120897387687,interval_end,0,10,3,0,0
2298.5120897387687,machine_failure,1,10,2,1,0
2298.87998042663,interval_end,1,10,2,1,0
2298.87998042663,repair_complete,0,10,3,0,0
2301.9159399790833,interval_end,0,10,3,0,0
2301.9159399790833,machine_failure,1,10,2,1,0
2305.055318332173,interval_end,1,10,2,1,0
2305.055318332173,machine_failure,2,10,1,1,1
2306.2346107960702,interval_end,2,10,1,1,1
2306.2346107960702,repair_complete,1,10,2,1,0
2306.687537157704,interval_end,1,10,2,1,0
2306.687537157704,repair_complete,0,10,3,0,0
2315.919754913683,interval_end,0,10,3,0,0
2315.919754913683,machine_failure,1,10,2,1,0
2317.073962245686,interval_end,1,10,2,1,0
2317.073962245686,repair_complete,0,10,3,0,0
2324.2298940883647,interval_end,0,10,3,0,0
2324.2298940883647,machine_failure,1,10,2,1,0
2324.8922925567326,interval_end,1,10,2,1,0
2324.8922925567326,repair_complete,0,10,3,0,0
2334.3189530156023,interval_end,0,10,3,0,0
2334.3189530156023,machine_failure,1,10,2,1,0
2334.394650890183,interval_end,1,10,2,1,0
2334.394650890183,repair_complete,0,10,3,0,0
2344.135152888051,interval_end,0,10,3,0,0
2344.135152888051,machine_failure,1,10,2,1,0
2345.4251726662415,interval_end,1,10,2,1,0
2345.4251726662415,repair_complete,0,10,3,0,0
2346.0295024411976,interval_end,0,10,3,0,0
2346.0295024411976,machine_failure,1,10,2,1,0
2346.297597720711,interval_end,1,10,2,1,0
2346.297597720711,repair_complete,0,10,3,0,0
2351.1126083786244,interval_end,0,10,3,0,0
2351.1126083786244,machine_failure,1,10,2,1,0
2351.511422970231,interval_end,1,10,2,1,0
2351.511422970231,repair_complete,0,10,3,0,0
2371.9611626097553,interval_end,0,10,3,0,0
2371.9611626097553,machine_failure,1,10,2,1,0
2372.81995652119,interval_end,1,10,2,1,0
2372.81995652119,repair_complete,0,10,3,0,0
2376.377727944943,interval_end,0,10,3,0,0
2376.377727944943,machine_failure,1,10,2,1,0
2378.409176668731,interval_end,1,10,2,1,0
2378.409176668731,repair_complete,0,10,3,0,0
2381.023635036339,interval_end,0,10,3,0,0
2381.023635036339,machine_failure,1,10,2,1,0
2381.2455076367996,interval_end,1,10,2,1,0
2381.2455076367996,repair_complete,0,10,3,0,0
2389.413596074576,interval_end,0,10,3,0,0
2389.413596074576,machine_failure,1,10,2,1,0
2391.379805562373,interval_end,1,10,2,1,0
2391.379805562373,repair_complete,0,10,3,0,0
2393.8880258169847,interval_end,0,10,3,0,0
2393.8880258169847,machine_failure,1,10,2,1,0
2394.627246051242,interval_end,1,10,2,1,0
2394.627246051242,repair_complete,0,10,3,0,0
2397.121311720975,interval_end,0,10,3,0,0
2397.121311720975,machine_failure,1,10,2,1,0
2397.811894161609,interval_end,1,10,2,1,0
2397.811894161609,repair_complete,0,10,3,0,0
2400.056533295321,interval_end,0,10,3,0,0
2400.056533295321,machine_failure,1,10,2,1,0
2400.348689738967,interval_end,1,10,2,1,0
2400.348689738967,repair_complete,0,10,3,0,0
2403.595847973827,interval_end,0,10,3,0,0
2403.595847973827,machine_failure,1,10,2,1,0
2403.978342071908,interval_end,1,10,2,1,0
2403.978342071908,repair_complete,0,10,3,0,0
2409.6223285725923,interval_end,0,10,3,0,0
2409.6223285725923,machine_failure,1,10,2,1,0
2409.9457601054073,interval_end,1,10,2,1,0
2409.9457601054073,repair_complete,0,10,3,0,0
2412.1857891316636,interval_end,0,10,3,0,0
2412.1857891316636,machine_failure,1,10,2,1,0
2413.1091550755755,interval_end,1,10,2,1,0
2413.1091550755755,repair_complete,0,10,3,0,0
2415.8122158535157,interval_end,0,10,3,0,0
2415.8122158535157,machine_failure,1,10,2,1,0
2416.231426904106,interval_end,1,10,2,1,0
2416.231426904106,repair_complete,0,10,3,0,0
2419.297718656704,interval_end,0,10,3,0,0
2419.297718656704,machine_failure,1,10,2,1,0
2419.9706579115914,interval_end,1,10,2,1,0
2419.9706579115914,repair_complete,0,10,3,0,0
2433.1446903081405,interval_end,0,10,3,0,0
2433.1446903081405,machine_failure,1,10,2,1,0
2433.589921083503,interval_end,1,10,2,1,0
2433.589921083503,repair_complete,0,10,3,0,0
2443.8026088326433,interval_end,0,10,3,0,0
2443.8026088326433,machine_failure,1,10,2,1,0
2444.3110761398475,interval_end,1,10,2,1,0
2444.3110761398475,repair_complete,0,10,3,0,0
2456.02122313946,interval_end,0,10,3,0,0
2456.02122313946,machine_failure,1,10,2,1,0
2456.044929494111,interval_end,1,10,2,1,0
2456.044929494111,repair_complete,0,10,3,0,0
2461.624493393943,interval_end,0,10,3,0,0
2461.624493393943,machine_failure,1,10,2,1,0
2465.593526518067,interval_end,1,10,2,1,0
2465.593526518067,repair_complete,0,10,3,0,0
2478.603585336983,interval_end,0,10,3,0,0
2478.603585336983,machine_failure,1,10,2,1,0
2479.329733194015,interval_end,1,10,2,1,0
2479.329733194015,repair_complete,0,10,3,0,0
2487.847724321248,interval_end,0,10,3,0,0
2487.847724321248,machine_failure,1,10,2,1,0
2489.730107276565,interval_end,1,10,2,1,0
2489.730107276565,repair_complete,0,10,3,0,0
2499.645730546022,interval_end,0,10,3,0,0
2499.645730546022,machine_failure,1,10,2,1,0
2499.819762270315,interval_end,1,10,2,1,0
2499.819762270315,repair_complete,0,10,3,0,0
2502.7034494410846,interval_end,0,10,3,0,0
2502.7034494410846,machine_failure,1,10,2,1,0
2502.776775129729,interval_end,1,10,2,1,0
2502.776775129729,repair_complete,0,10,3,0,0
2514.91845066408,interval_end,0,10,3,0,0
2514.91845066408,machine_failure,1,10,2,1,0
2515.4900776205914,interval_end,1,10,2,1,0
2515.4900776205914,repair_complete,0,10,3,0,0
2524.587569778993,interval_end,0,10,3,0,0
2524.587569778993,machine_failure,1,10,2,1,0
2525.450195530508,interval_end,1,10,2,1,0
2525.450195530508,repair_complete,0,10,3,0,0
2525.8416730152594,interval_end,0,10,3,0,0
2525.8416730152594,machine_failure,1,10,2,1,0
2525.9711564569784,interval_end,1,10,2,1,0
2525.9711564569784,repair_complete,0,10,3,0,0
2528.1563544055894,interval_end,0,10,3,0,0
2528.1563544055894,machine_failure,1,10,2,1,0
2528.973115564513,interval_end,1,10,2,1,0
2528.973115564513,repair_complete,0,10,3,0,0
2533.6825554024317,interval_end,0,10,3,0,0
2533.6825554024317,machine_failure,1,10,2,1,0
2533.708564741546,interval_end,1,10,2,1,0
2533.708564741546,repair_complete,0,10,3,0,0
2558.6974772861886,interval_end,0,10,3,0,0
2558.6974772861886,machine_failure,1,10,2,1,0
2558.8973776996663,interval_end,1,10,2,1,0
2558.8973776996663,repair_complete,0,10,3,0,0
2573.5724618277122,interval_end,0,10,3,0,0
2573.5724618277122,machine_failure,1,10,2,1,0
2574.478270357,interval_end,1,10,2,1,0
2574.478270357,repair_complete,0,10,3,0,0
2585.7145719766654,interval_end,0,10,3,0,0
2585.7145719766654,machine_failure,1,10,2,1,0
2588.111484218101,interval_end,1,10,2,1,0
2588.111484218101,repair_complete,0,10,3,0,0
2592.379754147228,interval_end,0,10,3,0,0
2592.379754147228,machine_failure,1,10,2,1,0
2592.6026942855374,interval_end,1,10,2,1,0
2592.6026942855374,repair_complete,0,10,3,0,0
2623.714055176977,interval_end,0,10,3,0,0
2623.714055176977,machine_failure,1,10,2,1,0
2623.930457859224,interval_end,1,10,2,1,0
2623.930457859224,repair_complete,0,10,3,0,0
2634.4418029081476,interval_end,0,10,3,0,0
2634.4418029081476,machine_failure,1,10,2,1,0
2637.129312053895,interval_end,1,10,2,1,0
2637.129312053895,repair_complete,0,10,3,0,0
2663.50884878757,interval_end,0,10,3,0,0
2663.50884878757,machine_failure,1,10,2,1,0
2663.585918120797,interval_end,1,10,2,1,0
2663.585918120797,machine_failure,2,10,1,1,1
2665.491263398651,interval_end,2,10,1,1,1
2665.491263398651,repair_complete,1,10,2,1,0
2665.8921744954673,interval_end,1,10,2,1,0
2665.8921744954673,repair_complete,0,10,3,0,0
2692.598399321297,interval_end,0,10,3,0,0
2692.598399321297,machine_failure,1,10,2,1,0
2694.5726738633,interval_end,1,10,2,1,0
2694.5726738633,repair_complete,0,10,3,0,0
2723.5794155098934,interval_end,0,10,3,0,0
2723.5794155098934,machine_failure,1,10,2,1,0
2723.5798069345165,interval_end,1,10,2,1,0
2723.5798069345165,repair_complete,0,10,3,0,0
2728.6870392550354,interval_end,0,10,3,0,0
2728.6870392550354,machine_failure,1,10,2,1,0
2730.177772939146,interval_end,1,10,2,1,0
2730.177772939146,repair_complete,0,10,3,0,0
2732.3966961818687,interval_end,0,10,3,0,0
2732.3966961818687,machine_failure,1,10,2,1,0
2733.8328923340678,interval_end,1,10,2,1,0
2733.8328923340678,repair_complete,0,10,3,0,0
2738.0877954368507,interval_end,0,10,3,0,0
2738.0877954368507,machine_failure,1,10,2,1,0
2738.609922537404,interval_end,1,10,2,1,0
2738.609922537404,repair_complete,0,10,3,0,0
2744.1822404297072,interval_end,0,10,3,0,0
2744.1822404297072,machine_failure,1,10,2,1,0
2744.9218284742524,interval_end,1,10,2,1,0
2744.9218284742524,repair_complete,0,10,3,0,0
2752.930692582051,interval_end,0,10,3,0,0
2752.930692582051,machine_failure,1,10,2,1,0
2753.989617122503,interval_end,1,10,2,1,0
2753.989617122503,repair_complete,0,10,3,0,0
2784.6350901515457,interval_end,0,10,3,0,0
2784.6350901515457,machine_failure,1,10,2,1,0
2784.68862003026,interval_end,1,10,2,1,0
2784.68862003026,repair_complete,0,10,3,0,0
2786.875169761446,interval_end,0,10,3,0,0
2786.875169761446,machine_failure,1,10,2,1,0
2787.369351672373,interval_end,1,10,2,1,0
2787.369351672373,repair_complete,0,10,3,0,0
2802.705580974407,interval_end,0,10,3,0,0
2802.705580974407,machine_failure,1,10,2,1,0
2803.1968783304683,interval_end,1,10,2,1,0
2803.1968783304683,repair_complete,0,10,3,0,0
2810.489234126608,interval_end,0,10,3,0,0
2810.489234126608,machine_failure,1,10,2,1,0
2811.977671269754,interval_end,1,10,2,1,0
2811.977671269754,repair_complete,0,10,3,0,0
2821.4210815245556,interval_end,0,10,3,0,0
2821.4210815245556,machine_failure,1,10,2,1,0
2822.452530220498,interval_end,1,10,2,1,0
2822.452530220498,repair_complete,0,10,3,0,0
2826.103161138745,interval_end,0,10,3,0,0
2826.103161138745,machine_failure,1,10,2,1,0
2827.279077593202,interval_end,1,10,2,1,0
2827.279077593202,machine_failure,2,10,1,1,1
2829.225719838559,interval_end,2,10,1,1,1
2829.225719838559,machine_failure,3,10,0,1,2
2830.111732048019,interval_end,3,10,0,1,2
2830.111732048019,repair_complete,2,10,1,1,1
2830.791971044951,interval_end,2,10,1,1,1
2830.791971044951,machine_failure,3,10,0,1,2
2831.584676408461,interval_end,3,10,0,1,2
2831.584676408461,repair_complete,2,10,1,1,1
2832.9533246859146,interval_end,2,10,1,1,1
2832.9533246859146,repair_complete,1,10,2,1,0
2835.7373011065133,interval_end,1,10,2,1,0
2835.7373011065133,repair_complete,0,10,3,0,0
2853.723493069147,interval_end,0,10,3,0,0
2853.723493069147,machine_failure,1,10,2,1,0
2854.026678026664,interval_end,1,10,2,1,0
2854.026678026664,repair_complete,0,10,3,0,0
2875.5594648138554,interval_end,0,10,3,0,0
2875.5594648138554,machine_failure,1,10,2,1,0
2875.6742705235147,interval_end,1,10,2,1,0
2875.6742705235147,repair_complete,0,10,3,0,0
2895.427662469826,interval_end,0,10,3,0,0
2895.427662469826,machine_failure,1,10,2,1,0
2897.747000830081,interval_end,1,10,2,1,0
2897.747000830081,repair_complete,0,10,3,0,0
2900.6503691524395,interval_end,0,10,3,0,0
2900.6503691524395,machine_failure,1,10,2,1,0
2900.7703650443414,interval_end,1,10,2,1,0
2900.7703650443414,repair_complete,0,10,3,0,0
2921.98521271579,interval_end,0,10,3,0,0
2921.98521271579,machine_failure,1,10,2,1,0
2922.4572869037997,interval_end,1,10,2,1,0
2922.4572869037997,repair_complete,0,10,3,0,0
2936.046252347153,interval_end,0,10,3,0,0
2936.046252347153,machine_failure,1,10,2,1,0
2936.6571096040043,interval_end,1,10,2,1,0
2936.6571096040043,repair_complete,0,10,3,0,0
2936.8510267234356,interval_end,0,10,3,0,0
2936.8510267234356,machine_failure,1,10,2,1,0
2937.4665497803776,interval_end,1,10,2,1,0
2937.4665497803776,repair_complete,0,10,3,0,0
2953.758352313286,interval_end,0,10,3,0,0
2953.758352313286,machine_failure,1,10,2,1,0
2954.0646167254936,interval_end,1,10,2,1,0
2954.0646167254936,repair_complete,0,10,3,0,0
2956.938375696335,interval_end,0,10,3,0,0
2956.938375696335,machine_failure,1,10,2,1,0
2958.89200049078,interval_end,1,10,2,1,0
2958.89200049078,repair_complete,0,10,3,0,0
2992.8982740539795,interval_end,0,10,3,0,0
2992.8982740539795,machine_failure,1,10,2,1,0
2993.4316034154094,interval_end,1,10,2,1,0
2993.4316034154094,repair_complete,0,10,3,0,0
3003.801747771654,interval_end,0,10,3,0,0
3003.801747771654,machine_failure,1,10,2,1,0
3003.9977385624625,interval_end,1,10,2,1,0
3003.9977385624625,repair_complete,0,10,3,0,0
3007.156866190265,interval_end,0,10,3,0,0
3007.156866190265,machine_failure,1,10,2,1,0
3009.512201622792,interval_end,1,10,2,1,0
3009.512201622792,repair_complete,0,10,3,0,0
3010.819120820237,interval_end,0,10,3,0,0
3010.819120820237,machine_failure,1,10,2,1,0
3011.0655552579974,interval_end,1,10,2,1,0
3011.0655552579974,repair_complete,0,10,3,0,0
3021.9536854815756,interval_end,0,10,3,0,0
3021.9536854815756,machine_failure,1,10,2,1,0
3023.41956672567,interval_end,1,10,2,1,0
3023.41956672567,repair_complete,0,10,3,0,0
3045.0807522428618,interval_end,0,10,3,0,0
3045.0807522428618,machine_failure,1,10,2,1,0
3046.4913620066895,interval_end,1,10,2,1,0
3046.4913620066895,repair_complete,0,10,3,0,0
3058.349103666554,interval_end,0,10,3,0,0
3058.349103666554,machine_failure,1,10,2,1,0
3058.660746424313,interval_end,1,10,2,1,0
3058.660746424313,repair_complete,0,10,3,0,0
3060.119250393204,interval_end,0,10,3,0,0
3060.119250393204,machine_failure,1,10,2,1,0
3060.7602170106175,interval_end,1,10,2,1,0
3060.7602170106175,repair_complete,0,10,3,0,0
3088.149358037883,interval_end,0,10,3,0,0
3088.149358037883,machine_failure,1,10,2,1,0
3088.77187766703,interval_end,1,10,2,1,0
3088.77187766703,repair_complete,0,10,3,0,0
3092.868438340434,interval_end,0,10,3,0,0
3092.868438340434,machine_failure,1,10,2,1,0
3094.140843190452,interval_end,1,10,2,1,0
3094.140843190452,repair_complete,0,10,3,0,0
3102.965552418267,interval_end,0,10,3,0,0
3102.965552418267,machine_failure,1,10,2,1,0
3105.1156086099227,interval_end,1,10,2,1,0
3105.1156086099227,repair_complete,0,10,3,0,0
3105.6419959931245,interval_end,0,10,3,0,0
3105.6419959931245,machine_failure,1,10,2,1,0
3106.0141336114607,interval_end,1,10,2,1,0
3106.0141336114607,repair_complete,0,10,3,0,0
3128.569958290874,interval_end,0,10,3,0,0
3128.569958290874,machine_failure,1,10,2,1,0
3128.9280167752904,interval_end,1,10,2,1,0
3128.9280167752904,repair_complete,0,10,3,0,0
3132.370021162223,interval_end,0,10,3,0,0
3132.370021162223,machine_failure,1,10,2,1,0
3132.9595496167203,interval_end,1,10,2,1,0
3132.9595496167203,repair_complete,0,10,3,0,0
3138.0871833526926,interval_end,0,10,3,0,0
3138.0871833526926,machine_failure,1,10,2,1,0
3138.605779368753,interval_end,1,10,2,1,0
3138.605779368753,repair_complete,0,10,3,0,0
3138.7959414444767,interval_end,0,10,3,0,0
3138.7959414444767,machine_failure,1,10,2,1,0
3141.5104422764566,interval_end,1,10,2,1,0
3141.5104422764566,repair_complete,0,10,3,0,0
3144.9035549498003,interval_end,0,10,3,0,0
3144.9035549498003,machine_failure,1,10,2,1,0
3145.51470606937,interval_end,1,10,2,1,0
3145.51470606937,repair_complete,0,10,3,0,0
3187.084058580845,interval_end,0,10,3,0,0
3187.084058580845,machine_failure,1,10,2,1,0
3189.7567468074853,interval_end,1,10,2,1,0
3189.7567468074853,repair_complete,0,10,3,0,0
3203.7586617292773,interval_end,0,10,3,0,0
3203.7586617292773,machine_failure,1,10,2,1,0
3203.992690304186,interval_end,1,10,2,1,0
3203.992690304186,machine_failure,2,10,1,1,1
3205.14247670507,interval_end,2,10,1,1,1
3205.14247670507,repair_complete,1,10,2,1,0
3205.535925191057,interval_end,1,10,2,1,0
3205.535925191057,repair_complete,0,10,3,0,0
3210.7597957647986,interval_end,0,10,3,0,0
3210.7597957647986,machine_failure,1,10,2,1,0
3211.003846707323,interval_end,1,10,2,1,0
3211.003846707323,repair_complete,0,10,3,0,0
3218.6199072332943,interval_end,0,10,3,0,0
3218.6199072332943,machine_failure,1,10,2,1,0
3219.179854696358,interval_end,1,10,2,1,0
3219.179854696358,repair_complete,0,10,3,0,0
3219.2523723297745,interval_end,0,10,3,0,0
3219.2523723297745,machine_failure,1,10,2,1,0
3225.7213247592776,interval_end,1,10,2,1,0
3225.7213247592776,repair_complete,0,10,3,0,0
3227.20892362421,interval_end,0,10,3,0,0
3227.20892362421,machine_failure,1,10,2,1,0
3229.92845235492,interval_end,1,10,2,1,0
3229.92845235492,repair_complete,0,10,3,0,0
3240.9124256181626,interval_end,0,10,3,0,0
3240.9124256181626,machine_failure,1,10,2,1,0
3241.6032882481295,interval_end,1,10,2,1,0
3241.6032882481295,repair_complete,0,10,3,0,0
3249.330308308649,interval_end,0,10,3,0,0
3249.330308308649,machine_failure,1,10,2,1,0
3249.627178435864,interval_end,1,10,2,1,0
3249.627178435864,repair_complete,0,10,3,0,0
3257.308317649452,interval_end,0,10,3,0,0
3257.308317649452,machine_failure,1,10,2,1,0
3257.5098226481405,interval_end,1,10,2,1,0
3257.5098226481405,repair_complete,0,10,3,0,0
3277.1084568671354,interval_end,0,10,3,0,0
3277.1084568671354,machine_failure,1,10,2,1,0
3277.730890144018,interval_end,1,10,2,1,0
3277.730890144018,repair_complete,0,10,3,0,0
3282.745267970736,interval_end,0,10,3,0,0
3282.745267970736,machine_failure,1,10,2,1,0
3283.109758365195,interval_end,1,10,2,1,0
3283.109758365195,repair_complete,0,10,3,0,0
3301.7331154179037,interval_end,0,10,3,0,0
3301.7331154179037,machine_failure,1,10,2,1,0
3304.568315490948,interval_end,1,10,2,1,0
3304.568315490948,repair_complete,0,10,3,0,0
3304.6380973619375,interval_end,0,10,3,0,0
3304.6380973619375,machine_failure,1,10,2,1,0
3304.7452204328733,interval_end,1,10,2,1,0
3304.7452204328733,repair_complete,0,10,3,0,0
3321.5159611256818,interval_end,0,10,3,0,0
3321.5159611256818,machine_failure,1,10,2,1,0
3322.293091854134,interval_end,1,10,2,1,0
3322.293091854134,machine_failure,2,10,1,1,1
3324.130888577402,interval_end,2,10,1,1,1
3324.130888577402,repair_complete,1,10,2,1,0
3325.752565100183,interval_end,1,10,2,1,0
3325.752565100183,repair_complete,0,10,3,0,0
3333.2324351878306,interval_end,0,10,3,0,0
3333.2324351878306,machine_failure,1,10,2,1,0
3335.6471808797833,interval_end,1,10,2,1,0
3335.6471808797833,repair_complete,0,10,3,0,0
3339.9446709500908,interval_end,0,10,3,0,0
3339.9446709500908,machine_failure,1,10,2,1,0
3340.0670305726053,interval_end,1,10,2,1,0
3340.0670305726053,repair_complete,0,10,3,0,0
3363.203779652986,interval_end,0,10,3,0,0
3363.203779652986,machine_failure,1,10,2,1,0
3364.3814157476536,interval_end,1,10,2,1,0
3364.3814157476536,repair_complete,0,10,3,0,0
3381.8247710718397,interval_end,0,10,3,0,0
3381.8247710718397,machine_failure,1,10,2,1,0
3384.0587178581436,interval_end,1,10,2,1,0
3384.0587178581436,repair_complete,0,10,3,0,0
3387.9271189473734,interval_end,0,10,3,0,0
3387.9271189473734,machine_failure,1,10,2,1,0
3388.026612854608,interval_end,1,10,2,1,0
3388.026612854608,machine_failure,2,10,1,1,1
3388.2517829906164,interval_end,2,10,1,1,1
3388.2517829906164,repair_complete,1,10,2,1,0
3388.2945046224845,interval_end,1,10,2,1,0
3388.2945046224845,machine_failure,2,10,1,1,1
3388.38734372587,interval_end,2,10,1,1,1
3388.38734372587,repair_complete,1,10,2,1,0
3390.5601615962837,interval_end,1,10,2,1,0
3390.5601615962837,repair_complete,0,10,3,0,0
3400.5723224125145,interval_end,0,10,3,0,0
3400.5723224125145,machine_failure,1,10,2,1,0
3400.6909239583106,interval_end,1,10,2,1,0
3400.6909239583106,machine_failure,2,10,1,1,1
3401.1431225725396,interval_end,2,10,1,1,1
3401.1431225725396,machine_failure,3,10,0,1,2
3401.220758300642,interval_end,3,10,0,1,2
3401.220758300642,repair_complete,2,10,1,1,1
3402.028495827906,interval_end,2,10,1,1,1
3402.028495827906,repair_complete,1,10,2,1,0
3403.2883894772804,interval_end,1,10,2,1,0
3403.2883894772804,repair_complete,0,10,3,0,0
3406.742960876577,interval_end,0,10,3,0,0
3406.742960876577,machine_failure,1,10,2,1,0
3407.6999901390327,interval_end,1,10,2,1,0
3407.6999901390327,machine_failure,2,10,1,1,1
3409.945015175129,interval_end,2,10,1,1,1
3409.945015175129,repair_complete,1,10,2,1,0
3410.0499084097687,interval_end,1,10,2,1,0
3410.0499084097687,repair_complete,0,10,3,0,0
3410.0519564550277,interval_end,0,10,3,0,0
3410.0519564550277,machine_failure,1,10,2,1,0
3410.941485130309,interval_end,1,10,2,1,0
3410.941485130309,repair_complete,0,10,3,0,0
3419.1270606380867,interval_end,0,10,3,0,0
3419.1270606380867,machine_failure,1,10,2,1,0
3419.503179200468,interval_end,1,10,2,1,0
3419.503179200468,repair_complete,0,10,3,0,0
3457.463078673302,interval_end,0,10,3,0,0
3457.463078673302,machine_failure,1,10,2,1,0
3457.6681107737954,interval_end,1,10,2,1,0
3457.6681107737954,machine_failure,2,10,1,1,1
3458.1811110282997,interval_end,2,10,1,1,1
3458.1811110282997,repair_complete,1,10,2,1,0
3458.3905351847243,interval_end,1,10,2,1,0
3458.3905351847243,repair_complete,0,10,3,0,0
3479.339596265774,interval_end,0,10,3,0,0
3479.339596265774,machine_failure,1,10,2,1,0
3479.4933663509237,interval_end,1,10,2,1,0
3479.4933663509237,repair_complete,0,10,3,0,0
3485.1134163586844,interval_end,0,10,3,0,0
3485.1134163586844,machine_failure,1,10,2,1,0
3485.8572674207817,interval_end,1,10,2,1,0
3485.8572674207817,machine_failure,2,10,1,1,1
3486.4392330664214,interval_end,2,10,1,1,1
3486.4392330664214,repair_complete,1,10,2,1,0
3486.6304052764285,interval_end,1,10,2,1,0
3486.6304052764285,repair_complete,0,10,3,0,0
3488.866438683203,interval_end,0,10,3,0,0
3488.866438683203,machine_failure,1,10,2,1,0
3488.954387173542,interval_end,1,10,2,1,0
3488.954387173542,repair_complete,0,10,3,0,0
3509.6559150394237,interval_end,0,10,3,0,0
3509.6559150394237,machine_failure,1,10,2,1,0
3510.5816622308016,interval_end,1,10,2,1,0
3510.5816622308016,repair_complete,0,10,3,0,0
3517.151729335886,interval_end,0,10,3,0,0
3517.151729335886,machine_failure,1,10,2,1,0
3517.4700787126294,interval_end,1,10,2,1,0
3517.4700787126294,repair_complete,0,10,3,0,0
3529.8835817595796,interval_end,0,10,3,0,0
3529.8835817595796,machine_failure,1,10,2,1,0
3530.459772728005,interval_end,1,10,2,1,0
3530.459772728005,machine_failure,2,10,1,1,1
3531.729077195649,interval_end,2,10,1,1,1
3531.729077195649,repair_complete,1,10,2,1,0
3533.3615030570763,interval_end,1,10,2,1,0
3533.3615030570763,repair_complete,0,10,3,0,0
3547.3457657507633,interval_end,0,10,3,0,0
3547.3457657507633,machine_failure,1,10,2,1,0
3548.885368696438,interval_end,1,10,2,1,0
3548.885368696438,repair_complete,0,10,3,0,0
3549.9701109162525,interval_end,0,10,3,0,0
3549.9701109162525,machine_failure,1,10,2,1,0
3553.8643121074024,interval_end,1,10,2,1,0
3553.8643121074024,repair_complete,0,10,3,0,0
3558.206534152108,interval_end,0,10,3,0,0
3558.206534152108,machine_failure,1,10,2,1,0
3560.8817651729178,interval_end,1,10,2,1,0
3560.8817651729178,repair_complete,0,10,3,0,0
3585.6126190773584,interval_end,0,10,3,0,0
3585.6126190773584,machine_failure,1,10,2,1,0
3588.4552796892294,interval_end,1,10,2,1,0
3588.4552796892294,repair_complete,0,10,3,0,0
3598.389252861867,interval_end,0,10,3,0,0
3598.389252861867,machine_failure,1,10,2,1,0
3598.739040854753,interval_end,1,10,2,1,0
3598.739040854753,repair_complete,0,10,3,0,0
3604.3876449546606,interval_end,0,10,3,0,0
3604.3876449546606,machine_failure,1,10,2,1,0
3604.4459955772704,interval_end,1,10,2,1,0
3604.4459955772704,repair_complete,0,10,3,0,0
3613.550545193672,interval_end,0,10,3,0,0
3613.550545193672,machine_failure,1,10,2,1,0
3614.7639522092795,interval_end,1,10,2,1,0
3614.7639522092795,repair_complete,0,10,3,0,0
3614.797997037302,interval_end,0,10,3,0,0
3614.797997037302,machine_failure,1,10,2,1,0
3615.5266377828393,interval_end,1,10,2,1,0
3615.5266377828393,repair_complete,0,10,3,0,0
3615.6243834533043,interval_end,0,10,3,0,0
3615.6243834533043,machine_failure,1,10,2,1,0
3616.97822342008,interval_end,1,10,2,1,0
3616.97822342008,repair_complete,0,10,3,0,0
3624.6394807661313,interval_end,0,10,3,0,0
3624.6394807661313,machine_failure,1,10,2,1,0
3626.772883818385,interval_end,1,10,2,1,0
3626.772883818385,repair_complete,0,10,3,0,0
3652.790323860316,interval_end,0,10,3,0,0
3652.790323860316,machine_failure,1,10,2,1,0
3653.2658764885177,interval_end,1,10,2,1,0
3653.2658764885177,repair_complete,0,10,3,0,0
3656.0745341835086,interval_end,0,10,3,0,0
3656.0745341835086,machine_failure,1,10,2,1,0
3656.831904588464,interval_end,1,10,2,1,0
3656.831904588464,repair_complete,0,10,3,0,0
3658.8762283098663,interval_end,0,10,3,0,0
3658.8762283098663,machine_failure,1,10,2,1,0
3659.569336661601,interval_end,1,10,2,1,0
3659.569336661601,repair_complete,0,10,3,0,0
3674.0969048342718,interval_end,0,10,3,0,0
3674.0969048342718,machine_failure,1,10,2,1,0
3674.5384018716527,interval_end,1,10,2,1,0
3674.5384018716527,repair_complete,0,10,3,0,0
3675.6876503453714,interval_end,0,10,3,0,0
3675.6876503453714,machine_failure,1,10,2,1,0
3675.722647833341,interval_end,1,10,2,1,0
3675.722647833341,repair_complete,0,10,3,0,0
3688.9059306094136,interval_end,0,10,3,0,0
3688.9059306094136,machine_failure,1,10,2,1,0
3689.2621113290666,interval_end,1,10,2,1,0
3689.2621113290666,repair_complete,0,10,3,0,0
3692.3585113565214,interval_end,0,10,3,0,0
3692.3585113565214,machine_failure,1,10,2,1,0
3693.618659432604,interval_end,1,10,2,1,0
3693.618659432604,repair_complete,0,10,3,0,0
3716.741987517229,interval_end,0,10,3,0,0
3716.741987517229,machine_failure,1,10,2,1,0
3717.0194066907143,interval_end,1,10,2,1,0
3717.0194066907143,repair_complete,0,10,3,0,0
3751.506283850048,interval_end,0,10,3,0,0
3751.506283850048,machine_failure,1,10,2,1,0
3751.840970564769,interval_end,1,10,2,1,0
3751.840970564769,repair_complete,0,10,3,0,0
3769.116633557723,interval_end,0,10,3,0,0
3769.116633557723,machine_failure,1,10,2,1,0
3769.3786463867477,interval_end,1,10,2,1,0
3769.3786463867477,repair_complete,0,10,3,0,0
3775.8305937890177,interval_end,0,10,3,0,0
3775.8305937890177,machine_failure,1,10,2,1,0
3775.8941808473896,interval_end,1,10,2,1,0
3775.8941808473896,repair_complete,0,10,3,0,0
3788.7061341785693,interval_end,0,10,3,0,0
3788.7061341785693,machine_failure,1,10,2,1,0
3789.2621006215904,interval_end,1,10,2,1,0
3789.2621006215904,repair_complete,0,10,3,0,0
3798.72872837515,interval_end,0,10,3,0,0
3798.72872837515,machine_failure,1,10,2,1,0
3799.0871414394032,interval_end,1,10,2,1,0
3799.0871414394032,repair_complete,0,10,3,0,0
3808.1144240036215,interval_end,0,10,3,0,0
3808.1144240036215,machine_failure,1,10,2,1,0
3808.6972637553718,interval_end,1,10,2,1,0
3808.6972637553718,repair_complete,0,10,3,0,0
3812.3456724031025,interval_end,0,10,3,0,0
3812.3456724031025,machine_failure,1,10,2,1,0
3815.030721552146,interval_end,1,10,2,1,0
3815.030721552146,repair_complete,0,10,3,0,0
3820.6075879941372,interval_end,0,10,3,0,0
3820.6075879941372,machine_failure,1,10,2,1,0
3820.9694976640826,interval_end,1,10,2,1,0
3820.9694976640826,repair_complete,0,10,3,0,0
3831.076549156693,interval_end,0,10,3,0,0
3831.076549156693,machine_failure,1,10,2,1,0
3832.8344153111207,interval_end,1,10,2,1,0
3832.8344153111207,repair_complete,0,10,3,0,0
3849.6688298871945,interval_end,0,10,3,0,0
3849.6688298871945,machine_failure,1,10,2,1,0
3851.0978910464382,interval_end,1,10,2,1,0
3851.0978910464382,repair_complete,0,10,3,0,0
3854.654021011191,interval_end,0,10,3,0,0
3854.654021011191,machine_failure,1,10,2,1,0
3854.961615716458,interval_end,1,10,2,1,0
3854.961615716458,repair_complete,0,10,3,0,0
3855.1005472491875,interval_end,0,10,3,0,0
3855.1005472491875,machine_failure,1,10,2,1,0
3857.3313474816505,interval_end,1,10,2,1,0
3857.3313474816505,repair_complete,0,10,3,0,0
3863.6097721665155,interval_end,0,10,3,0,0
3863.6097721665155,machine_failure,1,10,2,1,0
3863.7523485576658,interval_end,1,10,2,1,0
3863.7523485576658,repair_complete,0,10,3,0,0
3875.3848500989902,interval_end,0,10,3,0,0
3875.3848500989902,machine_failure,1,10,2,1,0
3877.5478452736816,interval_end,1,10,2,1,0
3877.5478452736816,repair_complete,0,10,3,0,0
3896.7829947710306,interval_end,0,10,3,0,0
3896.7829947710306,machine_failure,1,10,2,1,0
3897.6258663847548,interval_end,1,10,2,1,0
3897.6258663847548,repair_complete,0,10,3,0,0
3898.153648758011,interval_end,0,10,3,0,0
3898.153648758011,machine_failure,1,10,2,1,0
3898.276375459557,interval_end,1,10,2,1,0
3898.276375459557,repair_complete,0,10,3,0,0
3906.2116652108384,interval_end,0,10,3,0,0
3906.2116652108384,machine_failure,1,10,2,1,0
3906.4373257837788,interval_end,1,10,2,1,0
3906.4373257837788,repair_complete,0,10,3,0,0
3913.8085197050113,interval_end,0,10,3,0,0
3913.8085197050113,machine_failure,1,10,2,1,0
3913.997382215734,interval_end,1,10,2,1,0
3913.997382215734,repair_complete,0,10,3,0,0
3914.5812128555076,interval_end,0,10,3,0,0
3914.5812128555076,machine_failure,1,10,2,1,0
3917.7041511416005,interval_end,1,10,2,1,0
3917.7041511416005,machine_failure,2,10,1,1,1
3917.927083659706,interval_end,2,10,1,1,1
3917.927083659706,repair_complete,1,10,2,1,0
3918.221871680878,interval_end,1,10,2,1,0
3918.221871680878,repair_complete,0,10,3,0,0
3922.612783714569,interval_end,0,10,3,0,0
3922.612783714569,machine_failure,1,10,2,1,0
3925.2231664358183,interval_end,1,10,2,1,0
3925.2231664358183,repair_complete,0,10,3,0,0
3927.614142113088,interval_end,0,10,3,0,0
3927.614142113088,machine_failure,1,10,2,1,0
3928.3104402336626,interval_end,1,10,2,1,0
3928.3104402336626,repair_complete,0,10,3,0,0
3933.722028229897,interval_end,0,10,3,0,0
3933.722028229897,machine_failure,1,10,2,1,0
3934.6583566906156,interval_end,1,10,2,1,0
3934.6583566906156,repair_complete,0,10,3,0,0
3942.895842903456,interval_end,0,10,3,0,0
3942.895842903456,machine_failure,1,10,2,1,0
3943.4916579405126,interval_end,1,10,2,1,0
3943.4916579405126,repair_complete,0,10,3,0,0
3945.1328699782694,interval_end,0,10,3,0,0
3945.1328699782694,machine_failure,1,10,2,1,0
3945.2430599530903,interval_end,1,10,2,1,0
3945.2430599530903,repair_complete,0,10,3,0,0
3955.6620426705836,interval_end,0,10,3,0,0
3955.6620426705836,machine_failure,1,10,2,1,0
3956.4430678392478,interval_end,1,10,2,1,0
3956.4430678392478,repair_complete,0,10,3,0,0
3970.4454968711902,interval_end,0,10,3,0,0
3970.4454968711902,machine_failure,1,10,2,1,0
3971.98469374691,interval_end,1,10,2,1,0
3971.98469374691,machine_failure,2,10,1,1,1
3972.728972140449,interval_end,2,10,1,1,1
3972.728972140449,repair_complete,1,10,2,1,0
3972.8564852598943,interval_end,1,10,2,1,0
3972.8564852598943,repair_complete,0,10,3,0,0
3978.5202921447635,interval_end,0,10,3,0,0
3978.5202921447635,machine_failure,1,10,2,1,0
3978.583520096664,interval_end,1,10,2,1,0
3978.583520096664,repair_complete,0,10,3,0,0
3997.082115333665,interval_end,0,10,3,0,0
3997.082115333665,machine_failure,1,10,2,1,0
3998.094345856869,interval_end,1,10,2,1,0
3998.094345856869,machine_failure,2,10,1,1,1
3998.6070031656022,interval_end,2,10,1,1,1
3998.6070031656022,repair_complete,1,10,2,1,0
3999.5920492908936,interval_end,1,10,2,1,0
3999.5920492908936,repair_complete,0,10,3,0,0
4001.2255336101516,interval_end,0,10,3,0,0
4001.2255336101516,machine_failure,1,10,2,1,0
4001.7126492640487,interval_end,1,10,2,1,0
4001.7126492640487,repair_complete,0,10,3,0,0
4003.735311180774,interval_end,0,10,3,0,0
4003.735311180774,machine_failure,1,10,2,1,0
4003.8605677720534,interval_end,1,10,2,1,0
4003.8605677720534,repair_complete,0,10,3,0,0
4025.3082490465545,interval_end,0,10,3,0,0
4025.3082490465545,machine_failure,1,10,2,1,0
4025.84795325819,interval_end,1,10,2,1,0
4025.84795325819,repair_complete,0,10,3,0,0
4036.001484538539,interval_end,0,10,3,0,0
4036.001484538539,machine_failure,1,10,2,1,0
4036.4038828230355,interval_end,1,10,2,1,0
4036.4038828230355,repair_complete,0,10,3,0,0
4039.1697611149266,interval_end,0,10,3,0,0
4039.1697611149266,machine_failure,1,10,2,1,0
4041.4819806589912,interval_end,1,10,2,1,0
4041.4819806589912,machine_failure,2,10,1,1,1
4041.836816523277,interval_end,2,10,1,1,1
4041.836816523277,repair_complete,1,10,2,1,0
4042.838015797655,interval_end,1,10,2,1,0
4042.838015797655,repair_complete,0,10,3,0,0
4048.1964140766,interval_end,0,10,3,0,0
4048.1964140766,machine_failure,1,10,2,1,0
4048.251101805737,interval_end,1,10,2,1,0
4048.251101805737,repair_complete,0,10,3,0,0
4052.567463658303,interval_end,0,10,3,0,0
4052.567463658303,machine_failure,1,10,2,1,0
4053.341289504444,interval_end,1,10,2,1,0
4053.341289504444,repair_complete,0,10,3,0,0
4071.664179943421,interval_end,0,10,3,0,0
4071.664179943421,machine_failure,1,10,2,1,0
4072.3740585944424,interval_end,1,10,2,1,0
4072.3740585944424,repair_complete,0,10,3,0,0
4079.34551304981,interval_end,0,10,3,0,0
4079.34551304981,machine_failure,1,10,2,1,0
4079.963330826816,interval_end,1,10,2,1,0
4079.963330826816,repair_complete,0,10,3,0,0
4085.346606708534,interval_end,0,10,3,0,0
4085.346606708534,machine_failure,1,10,2,1,0
4085.5279483328754,interval_end,1,10,2,1,0
4085.5279483328754,repair_complete,0,10,3,0,0
4086.722375672215,interval_end,0,10,3,0,0
4086.722375672215,machine_failure,1,10,2,1,0
4089.1891038785225,interval_end,1,10,2,1,0
4089.1891038785225,repair_complete,0,10,3,0,0
4089.939331824413,interval_end,0,10,3,0,0
4089.939331824413,machine_failure,1,10,2,1,0
4090.0838317915955,interval_end,1,10,2,1,0
4090.0838317915955,repair_complete,0,10,3,0,0
4092.248533151222,interval_end,0,10,3,0,0
4092.248533151222,machine_failure,1,10,2,1,0
4094.8626738444696,interval_end,1,10,2,1,0
4094.8626738444696,repair_complete,0,10,3,0,0
4096.109775176222,interval_end,0,10,3,0,0
4096.109775176222,machine_failure,1,10,2,1,0
4096.141202296294,interval_end,1,10,2,1,0
4096.141202296294,repair_complete,0,10,3,0,0
4110.412175896971,interval_end,0,10,3,0,0
4110.412175896971,machine_failure,1,10,2,1,0
4111.588833282143,interval_end,1,10,2,1,0
4111.588833282143,repair_complete,0,10,3,0,0
4116.546034202861,interval_end,0,10,3,0,0
4116.546034202861,machine_failure,1,10,2,1,0
4116.902699855449,interval_end,1,10,2,1,0
4116.902699855449,repair_complete,0,10,3,0,0
4142.305836974928,interval_end,0,10,3,0,0
4142.305836974928,machine_failure,1,10,2,1,0
4142.616303262746,interval_end,1,10,2,1,0
4142.616303262746,repair_complete,0,10,3,0,0
4144.409570878231,interval_end,0,10,3,0,0
4144.409570878231,machine_failure,1,10,2,1,0
4144.501170475156,interval_end,1,10,2,1,0
4144.501170475156,repair_complete,0,10,3,0,0
4151.024574175769,interval_end,0,10,3,0,0
4151.024574175769,machine_failure,1,10,2,1,0
4154.867329803493,interval_end,1,10,2,1,0
4154.867329803493,repair_complete,0,10,3,0,0
4159.551013835871,interval_end,0,10,3,0,0
4159.551013835871,machine_failure,1,10,2,1,0
4160.012213441385,interval_end,1,10,2,1,0
4160.012213441385,repair_complete,0,10,3,0,0
4169.616808878209,interval_end,0,10,3,0,0
4169.616808878209,machine_failure,1,10,2,1,0
4170.711171529264,interval_end,1,10,2,1,0
4170.711171529264,repair_complete,0,10,3,0,0
4170.998855799494,interval_end,0,10,3,0,0
4170.998855799494,machine_failure,1,10,2,1,0
4171.027327332441,interval_end,1,10,2,1,0
4171.027327332441,repair_complete,0,10,3,0,0
4190.839432074966,interval_end,0,10,3,0,0
4190.839432074966,machine_failure,1,10,2,1,0
4192.159486536343,interval_end,1,10,2,1,0
4192.159486536343,repair_complete,0,10,3,0,0
4196.482084428612,interval_end,0,10,3,0,0
4196.482084428612,machine_failure,1,10,2,1,0
4196.626875602678,interval_end,1,10,2,1,0
4196.626875602678,machine_failure,2,10,1,1,1
4196.922296714482,interval_end,2,10,1,1,1
4196.922296714482,machine_failure,3,10,0,1,2
4196.934258777265,interval_end,3,10,0,1,2
4196.934258777265,system_failure,4,9,0,1,3
