t,S,I,R
0.0,990.0,10.0,0.0
0.25,988.7233163342495,10.63212302984128,0.6445606359091478
0.5,987.3678478138428,11.302343172629103,1.3298090135275646
0.75,985.9290974985432,12.01271258048795,2.0581899209682155
1.0,984.4023592721826,12.765361864530783,2.832278863285894
1.25,982.7827144104532,13.562498664298792,3.6547869252469325
1.5,981.0650290392717,14.40640543980453,4.5285655209227444
1.75,979.2439526407575,15.299436380968634,5.456610978272965
2.0,977.313917778441,16.24401332149289,6.442068900065078
2.25,975.2691412280153,17.242620536800164,7.488238235183605
2.5,973.1036267145229,18.297798298834774,8.59857498664148
2.75,970.8111694709929,19.41213505454249,9.776695474463855
3.0,968.3853628467898,20.588258090075055,11.026379063134337
3.25,965.8196072058568,21.828822539579917,12.351570254562516
3.5,963.107121365048,23.13649859628844,13.756380038662865
3.75,960.2409568302245,24.513956785004062,15.245086384770781
4.0,957.2140150919914,25.96385115957007,16.822133748437825
4.25,954.0190682430795,27.488800297063786,18.49213145985632
4.5,950.6487831745271,29.091365972958876,20.259850852513768
4.75,947.0957495970562,30.77402941898225,22.130220983961404
5.0,943.3525121163319,32.53916508853705,24.10832279513118
5.25,939.4116065651572,34.38901188401721,26.199381550825866
5.5,935.2656007610434,36.32564183670569,28.40875740225125
5.75,930.9071398130532,38.350926273740654,30.741933913206477
6.0,926.3289960464892,40.466499558236094,33.204504395274924
6.25,921.5241235471836,42.6737205482571,35.80215590455953
6.5,916.485717248379,44.97363198793758,38.540650763683594
6.75,911.2072763923235,47.366918119254926,41.425805488421844
7.0,905.6826720959614,49.853860885147256,44.46346701889156
7.25,899.9062186362135,52.43429518266059,47.65948618112618
7.5,893.8727479465547,55.10756371705898,51.01968833638622
7.75,887.5776866848345,57.87247210222442,54.54984121294112
8.0,881.0171350950886,60.72724494657804,58.255619958333334
8.25,874.1879467468148,63.66948375399889,62.14256949918627
8.5,867.0878080977743,66.69612755212663,66.21606435009906
8.75,859.7153166956077,69.80341723189225,70.48126607250005
9.0,852.0700567146637,72.98686463768452,74.9430786476516
9.25,844.1526704232142,76.24122748260912,79.60610209417649
9.5,835.9649240986828,79.56049117323514,84.47458472808196
9.75,827.5097668606966,82.93785860871542,89.55237453058763
10.0,818.791380879433,86.36574896641538,94.84287015415119
10.25,809.8152214450201,89.8358063972203,100.34897215775908
10.5,800.5880454568362,93.33891942668426,106.07303511647918
10.75,791.1179270122252,96.86525169271398,112.01682129506052
11.0,781.4142589435648,100.40428444779778,118.1814566086372
11.25,771.4877393699046,103.94487101698486,124.56738961311059
11.5,761.3503425915254,107.47530313691486,131.17435427155982
11.75,751.0152739574103,110.98338881313494,138.00133722945463
12.0,740.4969086691794,114.4565410314263,145.04655029939386
12.25,729.8107148408726,117.88187635408741,152.30740880503984
12.5,718.9731615006287,121.24632213536374,159.7805163640074
12.75,708.001612585127,124.53673081330766,167.46165660156518
13.0,696.914208327196,127.7399994900763,175.34579218272742
13.25,685.729735757894,130.84319281011926,183.42707143198632
13.5,674.4674903238771,133.83366699558522,191.69884268053772
13.75,663.1471308477327,136.69919280834466,200.15367634392283
14.0,651.788530223968,139.42807518355372,208.78339459247883
14.25,640.4116243398622,142.00926732308616,217.57910833705216
14.5,629.036261734885,144.4324771478029,226.5312611173126
14.75,617.6820564643763,146.68826418180635,235.62967935381798
15.0,606.3682465155284,148.76812517297333,244.8636283114988
15.25,595.1135599421614,150.66456703308916,254.22187302474987
15.5,583.9360906477501,152.37116599676867,263.69274335548164
15.75,572.8531854641466,153.88261223862952,273.264202297224
16.0,561.8813438583537,155.19473953983882,282.92391660180743
16.25,551.0361312642594,156.3045399451722,292.6593287905685
16.5,540.3321066931935,157.21016368784964,302.457729618957
16.75,529.782764938706,157.9109049706632,312.30633009063087
17.0,519.4004933681305,158.4071744691007,322.1923321627687
17.25,509.196542995777,158.7004596581838,332.10299734603905
17.5,499.18101326755607,158.79327425473147,342.02571247771243
17.75,489.3628497600198,158.6890982081749,351.9480520318052
18.0,479.74985381163424,158.39230976550678,361.857836422859
18.25,470.3487029620173,157.90811118102675,371.74318585695573
18.5,461.1649809755056,157.24244964250866,381.5925693819856
18.75,452.2032161667876,156.4019349468174,391.39484888639447
19.0,443.4669267252797,155.39375538537143,401.1393178893485
19.25,434.95867174724475,154.22559319924653,410.8157350535081
19.5,426.680106725638,152.90554084148752,420.414352432874
19.75,418.6320423121757,151.4420191465518,429.925938541272
20.0,410.81450524908246,149.84369835968525,439.34179639123187
20.25,403.2268004643416,148.1194228278138,448.6537767078441
20.5,395.86757342947755,146.27814000296326,457.8542865675586
20.75,388.7348719887156,144.3288342632973,466.93629374798644
21.0,381.82620697921493,142.28046591881633,475.8933271019683
21.25,375.1386110708726,140.14191564106108,484.719473288066
21.5,368.6686953585346,137.92193444055263,493.4093702009126
21.75,362.41270333741755,135.6290992132648,501.95819744931754
22.0,356.3665619828124,133.27177378867577,510.36166422851187
22.25,350.52592973681686,130.85807533690172,518.6159949262812
22.5,344.8862412774711,128.3958459306888,526.7179127918397
22.75,339.4427490091176,125.8926290089554,534.6646219819266
23.0,334.19056126724564,123.35565045119586,542.4537882815584
23.25,329.12467727686703,120.79180394532584,550.0835187778074
23.5,324.2400189411558,118.20764031428817,557.5523407445563
23.75,319.5314595673008,115.60936045776147,564.8591799749378
24.0,314.99384965997655,113.00281156342267,572.0033387766006
24.25,310.6220399302972,110.39348624626487,578.9844738234381
24.5,306.41090168028296,107.78652428338162,585.8025740363354
24.75,302.35534473051246,105.18671662440248,592.4579386450852
25.0,298.45033306239947,102.5985113735001,598.9511555641004
25.25,294.6908983470919,100.02602145679015,605.2830801961181
25.5,291.07215153091136,97.47303370831064,611.4548147607784
25.75,287.5892926430626,94.94301912800057,617.4676882289373
26.0,284.23761898551834,92.43914408569543,623.3232369287865
26.25,281.01253185791444,89.96428226569996,629.0231858763858
26.5,277.9095419623521,87.52102716665375,634.5694308709944
26.75,274.92427362446483,85.11170499090366,639.9640213846319
27.0,272.0524679582397,82.73838777624196,645.209144265519
27.25,269.289985093088,80.40290664050619,650.3071082664064
27.5,266.6328055726883,78.1068650260732,655.2603294012395
27.75,264.0770310263372,75.85165184664837,660.0713171270153
28.0,261.6188842050146,73.63845445292745,664.742661342059
28.25,259.25470846619146,71.46827134668723,669.2770201871223
28.5,256.98096678363606,69.34192458466548,673.6771086316993
28.75,254.79424035113576,67.26007182425172,677.9456878246132
29.0,252.69122684217908,65.22321797257962,682.085555185242
29.25,250.66873838123635,63.231726409144265,686.09953520962
29.5,248.723699276347,61.28582975962607,689.9904709640275
29.75,246.8531435572506,59.38564020525548,693.7612162374943
30.0,245.0542123582814,57.531159317864144,697.4146283238547
30.25,243.3241511806563,55.72228741581088,700.9535614035331
30.5,241.66030706461274,53.95883244030803,704.3808604950798
30.75,240.06012569806367,52.240518355372366,707.6993559465643
31.0,238.52114848501242,50.566993077747775,710.91185843724
31.25,237.04100959388714,48.93783594574969,714.0211544603633
31.5,235.61743300318153,47.35256473812481,717.0300022586941
31.75,234.2482295593105,45.810642255749585,719.9411281849401
32.0,232.9312940593731,44.31148248035971,722.7572234602676
32.25,231.66460236954543,42.854456325551936,725.480941304903
32.5,230.44620858807872,41.43889699606995,728.1148944158516
32.75,229.27424226032875,40.06410497191407,730.6616527677577
33.0,228.14690565188155,38.72935263413412,733.1237417139849
33.25,227.06247108464004,37.43388854930404,735.5036403660569
33.5,226.01927833968577,36.17694142966511,737.8037802306502
33.75,225.01573212981407,34.957723785783216,740.0265440844041
34.0,224.0502996438428,33.77543528831697,742.1742650678418
34.25,223.1215081641051,32.629265855157776,744.2492259807385
34.5,222.22794275793981,31.518398479793362,746.2536587622683
34.75,221.36824404348457,30.442011816281312,748.1897441402357
35.0,220.5411060296388,29.39928253570862,750.0596114346545
35.25,219.74527402969662,28.38938746846931,751.8653385018358
35.5,218.9795426478371,27.411505546125216,753.6089518060395
35.75,218.24275383740238,26.46481955603116,755.2924266065683
36.0,217.53379502967883,25.54851772131427,756.9176872490087
36.25,216.85159733172458,24.661795118202832,758.4866075500744
36.5,216.1951337916447,23.803854942107748,760.0010112662495
36.75,215.5634177296097,22.9739096332744,761.4626726371179
37.0,214.955501132828,22.171181872247494,762.8733169949267
37.25,214.3704731126239,21.394905454828635,764.2346214325496
37.5,213.80745842173164,20.644326055659434,765.548215522611
37.75,213.26561602989324,19.918701889032427,766.8156820810764
38.0,212.74413775583642,19.21730427502004,768.0385579691452
38.25,212.24224695371495,18.539418118518924,769.218334927768
38.5,211.75919725210204,17.88434230833433,770.3564604395656
38.75,211.2942713436538,17.25139004297662,771.4543386133715
39.0,210.8467798235842,16.639889089409998,772.5133310870079
39.25,210.41606007513008,16.049181980582194,773.53475794429
39.5,210.00147520022185,15.478626157172982,774.5198986426078
39.75,209.6024129936201,14.927594058628067,775.4699929477545
40.0,209.21828495882255,14.395473168193988,776.3862418729861
40.25,208.84852536409468,13.881666016337352,777.2698086195705
40.5,208.49259033702603,13.38559014661828,778.1218195163585
40.75,208.1499569960647,12.906678047792479,778.9433649561457
41.0,207.8201226175351,12.444377055638265,779.7355003268294
41.25,207.50260383669195,11.998149227743314,780.4992469355674
41.5,207.19693588141794,11.56747119424064,781.2355929243442
41.75,206.9026718372211,11.151833987252926,781.9454941755288
42.0,206.61938194223853,10.750742851588962,782.6298752061753
42.25,206.34665291100188,10.363717039033993,783.289630049967
42.5,206.0840872857683,9.990289588387439,783.9256231258472
42.75,205.83130281426816,9.63000709322532,784.5386900925092
43.0,205.58793185276556,9.282429459200472,785.1296386880365
43.25,205.35362079337324,8.947129652540717,785.6992495540883
43.5,205.12802951460546,8.623693441262649,786.2482770441342
43.75,204.9108308541959,8.31171913048616,786.7774500153201
44.0,204.7017101032465,8.010817293111794,787.2874726036438
44.25,204.50036452081355,7.720610497008601,787.7790249821799
44.5,204.30650286807355,7.440733029754218,788.2527641021741
44.75,204.1198449612492,7.170830621870638,788.7093244168822
45.0,203.9401212425092,6.9105601694080985,789.149318588085
45.25,203.76707236809048,6.659589456645459,789.5733381752663
45.5,203.600448812923,6.417596879597611,789.9819543074818
45.75,203.44001049106757,6.184271170948734,790.3757183379861
46.0,203.28552639130803,5.959311126963926,790.7551624817307
46.25,203.13677422726676,5.742425336870769,791.120800435865
46.5,202.9935401014399,5.533331915146265,791.4731279834165
46.75,202.8556181825746,5.331758237092844,791.8126235803351
47.0,202.72281039583524,5.137440678039802,792.1397489261275
47.25,202.59492612523118,4.950124356462979,792.4549495183082
47.5,202.47178192779842,4.76956288127562,792.7586551909284
47.75,202.35320125905235,4.595518103506872,793.0512806374431
48.0,202.23901420924744,4.427759872551038,793.3332259182035
48.25,202.1290572500016,4.266065797140247,793.6048769528601
48.5,202.02317299086008,4.110221011165471,793.8666059979765
48.75,201.92120994539334,3.9600179444455823,794.1187721101635
49.0,201.8230223064403,3.81525609852127,794.3617215950411
49.25,201.7284697301259,3.6757418275297593,794.595788442347
49.5,201.63741712829463,3.541288124197551,794.8212947475103
49.75,201.54973446902213,3.411714410971406,795.0385511200088
50.0,201.465296584877,3.286846336292492,795.2478570788329
50.25,201.38398298861983,3.166515576004908,795.449501435378
50.5,201.3056776960415,3.050559639877454,795.643762664084
50.75,201.23026905565416,2.9388216832065797,795.8309092611423
51.0,201.15764958495924,2.8311503234586373,796.0112000915855
51.25,201.08771581303043,2.7273994619009176,796.1848847250718
51.5,201.02036812916043,2.6274281101633155,796.3522037606792
51.75,200.95551063732867,2.5311002216657763,796.5133891410086
52.0,200.89305101625965,2.4382845278408185,796.6686644559023
52.25,200.8329003848503,2.3488543790753997,796.818245236077
52.5,200.77497317275373,2.262687590292029,796.9623392369571
52.75,200.7191869959159,2.179666291085392,797.1011467130018
53.0,200.66546253687014,2.099676780327615,797.2348606828053
53.25,200.61372342960163,2.0226093851528195,797.3636671852487
53.5,200.5638961488039,1.9483583242295293,797.4877455269694
53.75,200.51590990335367,1.876821575227929,797.6072685214212
54.0,200.46969653384002,1.8079007463877657,797.7224027197753
54.25,200.4251904139891,1.7415009520918838,797.8333086339218
54.5,200.38232835583295,1.6775306923498774,797.9401409518198
54.75,200.34104951847638,1.6159017360961834,798.0430487454304
55.0,200.30129532032166,1.55652900820698,798.1421756714745
55.25,200.26300935461836,1.4993304801406178,798.2376601652444
55.5,200.22613730820777,1.4442270641068147,798.3296356276888
55.75,200.19062688333963,1.3911425106705815,798.4182306059928
56.0,200.15642772244217,1.3400033096977397,798.5035689678632
56.25,200.1234913357312,1.290738594549941,798.5857700697221
56.5,200.09177103154937,1.2432800494382592,798.6649489190155
56.75,200.06122184933105,1.197561819845732,798.7412163308265
57.0,200.03180049509047,1.1535204259305976,798.8146790789825
57.25,200.0034652793381,1.111094678823461,798.8854400418418
57.5,199.97617605733157,1.0702255997331633,798.9535983429388
57.75,199.9498941715714,1.0308563417777281,799.0192494866544
58.0,199.92458239645634,0.9929321144584162,799.0824854890889
58.25,199.90020488501597,0.9564001106966338,799.143395004291
58.5,199.8767271176406,0.92120943635513,799.2020634460081
58.75,199.85411585273354,0.8873110421667183,799.2585731051034
59.0,199.83233907921195,0.854657657995484,799.3130032627962
59.25,199.81136597078537,0.8232037293572474,799.3654302998608
59.5,199.79116684194653,0.7929053561278255,799.4159278019291
59.75,199.7717131056071,0.7637202333694213,799.4645666610269
60.0,199.75297723231736,0.7356075942072485,799.5114151734789
60.25,199.73493271101037,0.7085281546902719,799.5565391343027
60.5,199.7175540112112,0.6824440605716985,799.6000019282203
60.75,199.70081654665742,0.6573188359465981,799.6418646173992
61.0,199.68469664027722,0.6331173336857515,799.68218602604
61.25,199.66917149047367,0.6098056876065285,799.721022821923
61.5,199.65421913866544,0.587351266323273,799.7584295950145
61.75,199.63981843803836,0.5657226287213241,799.7944589332435
62.0,199.62594902346012,0.5448894810004299,799.8291614955426
62.25,199.61259128251578,0.5248226352348985,799.8625860822523
62.5,199.59972632762157,0.5054939693994067,799.894779702982
62.75,199.58733596917634,0.48687638881091655,799.9257876420155
63.0,199.575402689712,0.46894378893864874,799.9556535213524
63.25,199.56390961900482,0.4516710195355459,799.9844193614629
63.5,199.5528405101131,0.43503385004608486,800.0121256398442
63.75,199.5421797163041,0.4190089362467093,800.0388113474525
64.0,199.53191216883937,0.4035737880765251,800.0645140430873
64.25,199.52202335558496,0.38870673861724103,800.0892699058013
64.5,199.51249930041556,0.374386914182639,800.1131137854055
64.75,199.50332654338393,0.3605942054791353,800.1360792511407
65.0,199.49449212162617,0.34730923980023215,800.1581986385775
65.25,199.48598355097536,0.33451335421886325,800.1795030948095
65.5,199.4777888082574,0.32218856974281346,800.2000226220034
65.75,199.46989631424418,0.3103175663995324,800.2197861193598
66.0,199.46229491723744,0.2988836592177744,800.2388214235483
66.25,199.454973877263,0.2878707750745714,800.2571553476661
66.5,199.4479228508498,0.27726343037709594,800.274813718777
66.75,199.44113187637328,0.2670467095499879,800.2918214140808
67.0,199.43459135994178,0.2572062442997054,800.3082023957627
67.25,199.42829206180633,0.247728193628417,800.3239797445696
67.5,199.42222508327328,0.23859922457088328,800.3391756921601
67.75,199.41638185410153,0.2298064936286755,800.3538116522739
68.0,199.41075412036685,0.22133762887695235,800.3679082507606
68.25,199.40533393277556,0.213180712719862,800.3814853545091
68.5,199.40011363541035,0.20532426527145822,800.3945620993227
68.75,199.395085854893,0.1977572283398101,800.4071569167718
69.0,199.39024348994786,0.1904689499927578,800.4192875600637
69.25,199.38557970135193,0.1834491696845089,800.4309711289678
69.5,199.3810879022563,0.17668800392299222,800.442224093825
69.75,199.37676174886596,0.17017593245858118,800.4530623186798
70.0,199.3725951314643,0.16390378497547753,800.4635010835644
70.25,199.36858216576928,0.1578627282676949,800.4735551059673
70.5,199.36471718460962,0.15204425388221726,800.4832385615126
70.75,199.3609947299085,0.146440166212514,800.4925651038833
71.0,199.3574095449639,0.14104257102618736,800.5015478840139
71.25,199.353956567014,0.13584386441109694,800.5101995685789
71.5,199.3506309200774,0.13083672212485725,800.5185323578014
71.75,199.34742790805868,0.12601408933314065,800.5265580026116
72.0,199.34434300810764,0.12136917072272838,800.5342878211732
72.25,199.34137186422498,0.1168954209757554,800.5417327148026
72.5,199.33851028110325,0.11258653559207195,800.5489031833083
72.75,199.33575421819654,0.10843644204711161,800.55580933976
73.0,199.3330997840081,0.10443929127310342,800.5624609247224
73.25,199.33054323059005,0.10058944945189889,800.5688673199614
73.5,199.3280809482453,0.09688149010810425,800.57503756165
73.75,199.32570946042603,0.0933101864916109,800.5809803530859
74.0,199.32342541881988,0.08987050423900844,800.5867040769448
74.25,199.32122559861804,0.08655759430374062,800.5922168070819
74.5,199.31910689395806,0.08336678614522795,800.5975263199001
74.75,199.3170663135348,0.08029358116753202,800.602640105301
75.0,199.31510097637363,0.07733364639847456,800.6075653772313
75.25,199.31320810775938,0.07448280840045217,800.6123090838437
75.5,199.311385035316,0.07173704740450142,800.616877917283
75.75,199.30962918523093,0.0690924916594746,800.6212783231132
76.0,199.30793807861835,0.06654541198847942,800.6255165093968
76.25,199.30630932801728,0.06409221654501863,800.6295984554413
76.5,199.30474063401857,0.06172944576154025,800.6335299202232
76.75,199.3032297820167,0.05945376748337045,800.6373164505032
77.0,199.3017746390814,0.05726197228125779,800.6409633886406
77.25,199.30037315094424,0.055150968936000355,800.6444758801229
77.5,199.29902333909754,0.053117780088865585,800.6478588808168
77.75,199.2977232979989,0.05115953805173958,800.6511171639526
78.0,199.29647119238027,0.04927348077116309,800.6542553268517
78.25,199.29526525465562,0.04745694794062332,800.6572777974069
78.5,199.294103782424,0.04570737725567522,800.6601888403233
78.75,199.29298513606582,0.044022300806662994,800.6629925631302
79.0,199.29190773642637,0.04239934160400293,800.6656929219722
79.25,199.29087006258624,0.040836210231171705,800.6682937271853
79.5,199.28987064971295,0.03933070162072124,800.670798648669
79.75,199.28890808699245,0.037880691948811406,800.6732112210613
80.0,199.28798101563675,0.03648413564391621,800.6755348487219
