t,event,person,S,E,I,R,B,D,V,cases
0.0,initial,0,990,0,10,0,0,0,0,10
0.1606834138219505,recovery,993,990,0,9,1,0,0,0,10
0.23518618610893052,recovery,997,990,0,8,2,0,0,0,10
0.25020468011486635,recovery,998,990,0,7,3,0,0,0,10
0.3438561920386354,infection,106,989,0,8,3,0,0,0,11
0.7640810993897187,infection,120,988,0,9,3,0,0,0,12
0.8563352263406512,infection,634,987,0,10,3,0,0,0,13
1.063115705688054,infection,855,986,0,11,3,0,0,0,14
1.3489342973329288,infection,682,985,0,12,3,0,0,0,15
1.3510512702198332,recovery,1000,985,0,11,4,0,0,0,15
1.4491045856021698,recovery,992,985,0,10,5,0,0,0,15
1.5067771773865266,infection,447,984,0,11,5,0,0,0,16
1.511478026252694,recovery,999,984,0,10,6,0,0,0,16
1.5714937668168614,infection,497,983,0,11,6,0,0,0,17
1.573555983131668,recovery,634,983,0,10,7,0,0,0,17
1.6057417632543882,recovery,682,983,0,9,8,0,0,0,17
1.661575852812077,infection,644,982,0,10,8,0,0,0,18
1.709984170847316,infection,433,981,0,11,8,0,0,0,19
1.7648474233092992,infection,880,980,0,12,8,0,0,0,20
1.797483398566006,recovery,433,980,0,11,9,0,0,0,20
2.0701292052553053,recovery,994,980,0,10,10,0,0,0,20
2.209766623356263,infection,645,979,0,11,10,0,0,0,21
2.535188898987081,infection,516,978,0,12,10,0,0,0,22
2.5511093213461637,infection,862,977,0,13,10,0,0,0,23
2.6186027801742138,infection,809,976,0,14,10,0,0,0,24
2.6215843503202096,infection,215,975,0,15,10,0,0,0,25
2.786679836368273,recovery,855,975,0,14,11,0,0,0,25
2.9199275978958066,recovery,106,975,0,13,12,0,0,0,25
3.0135072872720468,infection,968,974,0,14,12,0,0,0,26
3.2957883966106394,recovery,447,974,0,13,13,0,0,0,26
3.329976907036333,recovery,880,974,0,12,14,0,0,0,26
3.4618768527791777,infection,327,973,0,13,14,0,0,0,27
3.5972239348112782,recovery,991,973,0,12,15,0,0,0,27
3.704917105937028,infection,598,972,0,13,15,0,0,0,28
3.74101004212991,infection,329,971,0,14,15,0,0,0,29
3.743137527031477,infection,277,970,0,15,15,0,0,0,30
3.941047934515514,recovery,327,970,0,14,16,0,0,0,30
3.9694540152036004,recovery,598,970,0,13,17,0,0,0,30
4.216585772759185,infection,328,969,0,14,17,0,0,0,31
4.620221602887001,infection,289,968,0,15,17,0,0,0,32
4.622227391707336,infection,865,967,0,16,17,0,0,0,33
4.635933929148985,infection,505,966,0,17,17,0,0,0,34
4.700253305587037,infection,502,965,0,18,17,0,0,0,35
4.7193190402285365,infection,969,964,0,19,17,0,0,0,36
4.72671391245816,infection,641,963,0,20,17,0,0,0,37
4.776236083541407,recovery,995,963,0,19,18,0,0,0,37
4.860685281496385,infection,965,962,0,20,18,0,0,0,38
4.898850640705812,infection,904,961,0,21,18,0,0,0,39
4.900654104891433,infection,302,960,0,22,18,0,0,0,40
5.004517474465259,infection,817,959,0,23,18,0,0,0,41
5.0101529121553146,recovery,645,959,0,22,19,0,0,0,41
5.019185325097467,recovery,502,959,0,21,20,0,0,0,41
5.0487396838903225,recovery,329,959,0,20,21,0,0,0,41
5.088597916016847,infection,820,958,0,21,21,0,0,0,42
5.167384593910835,recovery,328,958,0,20,22,0,0,0,42
5.284477926782644,recovery,120,958,0,19,23,0,0,0,42
5.312488288547644,infection,458,957,0,20,23,0,0,0,43
5.313922499261045,infection,766,956,0,21,23,0,0,0,44
5.357652574040811,infection,87,955,0,22,23,0,0,0,45
5.411381826846474,infection,695,954,0,23,23,0,0,0,46
5.518389266301594,infection,945,953,0,24,23,0,0,0,47
5.594415065072337,infection,810,952,0,25,23,0,0,0,48
5.601585135247077,infection,718,951,0,26,23,0,0,0,49
5.671011335891995,recovery,809,951,0,25,24,0,0,0,49
5.710095973102828,recovery,718,951,0,24,25,0,0,0,49
5.882759901778028,infection,618,950,0,25,25,0,0,0,50
5.906003507831288,recovery,644,950,0,24,26,0,0,0,50
5.93969042117069,infection,43,949,0,25,26,0,0,0,51
5.951980331907256,infection,875,948,0,26,26,0,0,0,52
5.952914074101421,infection,83,947,0,27,26,0,0,0,53
6.0167710515766935,infection,310,946,0,28,26,0,0,0,54
6.077518052562044,recovery,516,946,0,27,27,0,0,0,54
6.137526813489015,infection,97,945,0,28,27,0,0,0,55
6.210729237434624,infection,171,944,0,29,27,0,0,0,56
6.3844836067405115,infection,749,943,0,30,27,0,0,0,57
6.452682074410861,infection,330,942,0,31,27,0,0,0,58
6.472665905619643,recovery,505,942,0,30,28,0,0,0,58
6.479730167980299,infection,367,941,0,31,28,0,0,0,59
6.580167958130194,recovery,969,941,0,30,29,0,0,0,59
6.6797417398391215,recovery,330,941,0,29,30,0,0,0,59
6.720073538324692,recovery,302,941,0,28,31,0,0,0,59
6.855370129679191,recovery,965,941,0,27,32,0,0,0,59
6.858294947400779,recovery,289,941,0,26,33,0,0,0,59
7.031144078481621,infection,537,940,0,27,33,0,0,0,60
7.0359484405246215,recovery,367,940,0,26,34,0,0,0,60
7.074608305326989,recovery,537,940,0,25,35,0,0,0,60
7.254533194445161,recovery,618,940,0,24,36,0,0,0,60
7.325342613330948,infection,195,939,0,25,36,0,0,0,61
7.378690761580856,infection,416,938,0,26,36,0,0,0,62
7.401009203911095,infection,523,937,0,27,36,0,0,0,63
7.428462409748304,infection,25,936,0,28,36,0,0,0,64
7.428500345242303,infection,69,935,0,29,36,0,0,0,65
7.440909213233349,infection,543,934,0,30,36,0,0,0,66
7.443539029835829,infection,536,933,0,31,36,0,0,0,67
7.59477580877165,recovery,749,933,0,30,37,0,0,0,67
7.59829468946286,infection,977,932,0,31,37,0,0,0,68
7.599134188906722,infection,542,931,0,32,37,0,0,0,69
7.6750021139828535,infection,554,930,0,33,37,0,0,0,70
7.694282925041026,recovery,862,930,0,32,38,0,0,0,70
7.697754110718539,infection,266,929,0,33,38,0,0,0,71
7.703284527834224,infection,900,928,0,34,38,0,0,0,72
7.705613880753419,infection,455,927,0,35,38,0,0,0,73
7.727215389556954,infection,74,926,0,36,38,0,0,0,74
7.757156982455218,recovery,83,926,0,35,39,0,0,0,74
7.767056859069852,recovery,865,926,0,34,40,0,0,0,74
7.790336595009372,recovery,968,926,0,33,41,0,0,0,74
7.825478275236959,infection,155,925,0,34,41,0,0,0,75
7.830625376580096,recovery,195,925,0,33,42,0,0,0,75
7.842779125464521,infection,116,924,0,34,42,0,0,0,76
7.873549405042237,recovery,766,924,0,33,43,0,0,0,76
7.875635916104657,recovery,458,924,0,32,44,0,0,0,76
7.883953235559771,recovery,523,924,0,31,45,0,0,0,76
7.895619074057526,infection,906,923,0,32,45,0,0,0,77
8.028720270775501,recovery,171,923,0,31,46,0,0,0,77
8.205924307739602,infection,332,922,0,32,46,0,0,0,78
8.237313907156047,infection,699,921,0,33,46,0,0,0,79
8.253731530761646,recovery,266,921,0,32,47,0,0,0,79
8.254164735156442,infection,264,920,0,33,47,0,0,0,80
8.268956184408726,recovery,977,920,0,32,48,0,0,0,80
8.36691391108704,infection,437,919,0,33,48,0,0,0,81
8.467871920926486,recovery,43,919,0,32,49,0,0,0,81
8.530840316086511,infection,156,918,0,33,49,0,0,0,82
8.554226840473614,infection,92,917,0,34,49,0,0,0,83
8.611172858675078,recovery,875,917,0,33,50,0,0,0,83
8.67904082742592,infection,55,916,0,34,50,0,0,0,84
8.691588578647892,infection,954,915,0,35,50,0,0,0,85
8.790033364336002,infection,481,914,0,36,50,0,0,0,86
8.828181689487097,infection,162,913,0,37,50,0,0,0,87
8.854314387462447,recovery,542,913,0,36,51,0,0,0,87
8.875274853419558,infection,361,912,0,37,51,0,0,0,88
8.895258837423572,infection,780,911,0,38,51,0,0,0,89
8.945034472654024,infection,468,910,0,39,51,0,0,0,90
8.94591064103431,infection,654,909,0,40,51,0,0,0,91
8.965312609186583,infection,281,908,0,41,51,0,0,0,92
9.079722749369708,infection,137,907,0,42,51,0,0,0,93
9.088485201760479,infection,62,906,0,43,51,0,0,0,94
9.161620967318978,infection,876,905,0,44,51,0,0,0,95
9.179717771697117,infection,748,904,0,45,51,0,0,0,96
9.188182843212685,infection,669,903,0,46,51,0,0,0,97
9.226298763630966,recovery,810,903,0,45,52,0,0,0,97
9.239122439992165,infection,679,902,0,46,52,0,0,0,98
9.275626683474249,recovery,416,902,0,45,53,0,0,0,98
9.287081148762365,infection,267,901,0,46,53,0,0,0,99
9.300902024511837,recovery,876,901,0,45,54,0,0,0,99
9.332143488626695,recovery,69,901,0,44,55,0,0,0,99
9.342629557617643,infection,773,900,0,45,55,0,0,0,100
9.350015374176715,recovery,97,900,0,44,56,0,0,0,100
9.389324083964167,infection,489,899,0,45,56,0,0,0,101
9.492881723882874,recovery,820,899,0,44,57,0,0,0,101
9.571733846629861,recovery,156,899,0,43,58,0,0,0,101
9.650762901374726,infection,37,898,0,44,58,0,0,0,102
9.657516793661488,infection,355,897,0,45,58,0,0,0,103
9.704489717006677,infection,974,896,0,46,58,0,0,0,104
9.727631809748479,infection,307,895,0,47,58,0,0,0,105
9.730731878821071,recovery,954,895,0,46,59,0,0,0,105
9.746034921880813,infection,866,894,0,47,59,0,0,0,106
9.808221656051714,infection,209,893,0,48,59,0,0,0,107
9.8124507098801,infection,725,892,0,49,59,0,0,0,108
9.822994071647718,infection,39,891,0,50,59,0,0,0,109
9.836883648296965,infection,986,890,0,51,59,0,0,0,110
9.843723118740224,recovery,455,890,0,50,60,0,0,0,110
9.872152913222097,infection,394,889,0,51,60,0,0,0,111
9.895164439822068,infection,946,888,0,52,60,0,0,0,112
9.925266163951484,infection,265,887,0,53,60,0,0,0,113
9.954962208867494,recovery,265,887,0,52,61,0,0,0,113
9.95550415108523,recovery,267,887,0,51,62,0,0,0,113
9.958472660138257,recovery,866,887,0,50,63,0,0,0,113
10.040216413599167,infection,485,886,0,51,63,0,0,0,114
10.043275417839693,infection,607,885,0,52,63,0,0,0,115
10.0952872427555,infection,349,884,0,53,63,0,0,0,116
10.120713977836743,infection,233,883,0,54,63,0,0,0,117
10.159285006761502,infection,643,882,0,55,63,0,0,0,118
10.164631651740295,infection,227,881,0,56,63,0,0,0,119
10.172210298916797,recovery,974,881,0,55,64,0,0,0,119
10.17469644520397,infection,792,880,0,56,64,0,0,0,120
10.177433455850354,infection,153,879,0,57,64,0,0,0,121
10.191251299720028,infection,274,878,0,58,64,0,0,0,122
10.212698636637393,infection,940,877,0,59,64,0,0,0,123
10.244013088654064,infection,707,876,0,60,64,0,0,0,124
10.253504152169326,recovery,162,876,0,59,65,0,0,0,124
10.316018673085253,recovery,155,876,0,58,66,0,0,0,124
10.452880020919117,recovery,904,876,0,57,67,0,0,0,124
10.45644208476624,infection,79,875,0,58,67,0,0,0,125
10.463425732247256,infection,177,874,0,59,67,0,0,0,126
10.587117999999561,recovery,37,874,0,58,68,0,0,0,126
10.60841270214824,infection,955,873,0,59,68,0,0,0,127
10.665775142184478,recovery,773,873,0,58,69,0,0,0,127
10.689121264466248,infection,530,872,0,59,69,0,0,0,128
10.700352109581148,infection,658,871,0,60,69,0,0,0,129
10.702051423156012,infection,493,870,0,61,69,0,0,0,130
10.717285754623662,recovery,792,870,0,60,70,0,0,0,130
10.748775356988666,infection,363,869,0,61,70,0,0,0,131
10.762632950852113,infection,642,868,0,62,70,0,0,0,132
10.769892295009228,infection,823,867,0,63,70,0,0,0,133
10.778157192861284,infection,196,866,0,64,70,0,0,0,134
10.77853187507586,infection,625,865,0,65,70,0,0,0,135
10.781764395214022,recovery,281,865,0,64,71,0,0,0,135
10.786842428876609,infection,165,864,0,65,71,0,0,0,136
10.788012724363378,recovery,363,864,0,64,72,0,0,0,136
10.799374510840583,infection,767,863,0,65,72,0,0,0,137
10.818069641836455,infection,921,862,0,66,72,0,0,0,138
10.828246654144005,recovery,955,862,0,65,73,0,0,0,138
10.841660400832016,infection,782,861,0,66,73,0,0,0,139
10.85506622685582,infection,908,860,0,67,73,0,0,0,140
10.857955442395122,infection,531,859,0,68,73,0,0,0,141
10.89910035662854,recovery,355,859,0,67,74,0,0,0,141
10.941532438626274,recovery,908,859,0,66,75,0,0,0,141
10.951181284255414,infection,466,858,0,67,75,0,0,0,142
10.99201623272169,infection,469,857,0,68,75,0,0,0,143
11.017456371364625,recovery,497,857,0,67,76,0,0,0,143
11.033440247177305,recovery,466,857,0,66,77,0,0,0,143
11.048827373691555,infection,2,856,0,67,77,0,0,0,144
11.139409071575042,infection,907,855,0,68,77,0,0,0,145
11.175609230664772,recovery,699,855,0,67,78,0,0,0,145
11.181846846901724,recovery,307,855,0,66,79,0,0,0,145
11.237831192410967,infection,868,854,0,67,79,0,0,0,146
11.29350453132719,infection,756,853,0,68,79,0,0,0,147
11.330891882153814,infection,828,852,0,69,79,0,0,0,148
11.332193962426551,recovery,945,852,0,68,80,0,0,0,148
11.35638692294825,infection,158,851,0,69,80,0,0,0,149
11.357077522994304,recovery,707,851,0,68,81,0,0,0,149
11.378172697221775,recovery,274,851,0,67,82,0,0,0,149
11.391654566340332,recovery,437,851,0,66,83,0,0,0,149
11.435458357850472,recovery,158,851,0,65,84,0,0,0,149
11.464679387483372,infection,728,850,0,66,84,0,0,0,150
11.508094977484769,infection,606,849,0,67,84,0,0,0,151
11.511107704320914,infection,342,848,0,68,84,0,0,0,152
11.532622488727537,infection,149,847,0,69,84,0,0,0,153
11.621516568471389,infection,492,846,0,70,84,0,0,0,154
11.645965721802082,recovery,116,846,0,69,85,0,0,0,154
11.65358239709222,recovery,492,846,0,68,86,0,0,0,154
11.672888536419109,recovery,554,846,0,67,87,0,0,0,154
11.68069267278252,recovery,87,846,0,66,88,0,0,0,154
11.681169136022984,infection,112,845,0,67,88,0,0,0,155
11.68245283065389,infection,101,844,0,68,88,0,0,0,156
11.705048401524046,infection,477,843,0,69,88,0,0,0,157
11.74600743322536,infection,340,842,0,70,88,0,0,0,158
11.748809264721835,recovery,641,842,0,69,89,0,0,0,158
11.768193409902425,recovery,828,842,0,68,90,0,0,0,158
11.788548131884008,recovery,2,842,0,67,91,0,0,0,158
11.823435055339667,infection,393,841,0,68,91,0,0,0,159
11.87235024289294,infection,988,840,0,69,91,0,0,0,160
11.877846527997725,infection,400,839,0,70,91,0,0,0,161
11.976780387712735,infection,70,838,0,71,91,0,0,0,162
12.000861526200614,recovery,70,838,0,70,92,0,0,0,162
12.001465934790325,infection,263,837,0,71,92,0,0,0,163
12.017309891914909,infection,941,836,0,72,92,0,0,0,164
12.03457625381215,recovery,477,836,0,71,93,0,0,0,164
12.040840806136561,infection,668,835,0,72,93,0,0,0,165
12.099513347620665,recovery,332,835,0,71,94,0,0,0,165
12.11392010638928,recovery,625,835,0,70,95,0,0,0,165
12.153086179656675,infection,140,834,0,71,95,0,0,0,166
12.15353793603805,recovery,468,834,0,70,96,0,0,0,166
12.183461864214516,recovery,101,834,0,69,97,0,0,0,166
12.185821797043197,recovery,668,834,0,68,98,0,0,0,166
12.20838778393167,infection,86,833,0,69,98,0,0,0,167
12.224849728234648,recovery,86,833,0,68,99,0,0,0,167
12.225268757370488,infection,391,832,0,69,99,0,0,0,168
12.277217284509792,infection,118,831,0,70,99,0,0,0,169
12.277991133724028,infection,474,830,0,71,99,0,0,0,170
12.29950912325905,recovery,196,830,0,70,100,0,0,0,170
12.314018875146827,infection,202,829,0,71,100,0,0,0,171
12.323650737587117,infection,803,828,0,72,100,0,0,0,172
12.351205303384946,infection,901,827,0,73,100,0,0,0,173
12.354095234904534,recovery,393,827,0,72,101,0,0,0,173
12.366779579104783,infection,924,826,0,73,101,0,0,0,174
12.369802352702497,recovery,642,826,0,72,102,0,0,0,174
12.422791855910894,infection,47,825,0,73,102,0,0,0,175
12.428808221581209,infection,983,824,0,74,102,0,0,0,176
12.43394810184749,infection,345,823,0,75,102,0,0,0,177
12.436509115180366,recovery,907,823,0,74,103,0,0,0,177
12.460555055376462,recovery,988,823,0,73,104,0,0,0,177
12.487063766816565,recovery,543,823,0,72,105,0,0,0,177
12.501739603642923,infection,765,822,0,73,105,0,0,0,178
12.543031648247895,infection,595,821,0,74,105,0,0,0,179
12.562518928958402,infection,846,820,0,75,105,0,0,0,180
12.57615153630474,infection,959,819,0,76,105,0,0,0,181
12.578011972306982,recovery,215,819,0,75,106,0,0,0,181
12.600564474771936,recovery,607,819,0,74,107,0,0,0,181
12.601035191515683,infection,200,818,0,75,107,0,0,0,182
12.60519041145454,recovery,654,818,0,74,108,0,0,0,182
12.638333816960337,infection,499,817,0,75,108,0,0,0,183
12.638898316258395,infection,562,816,0,76,108,0,0,0,184
12.6509364113013,infection,587,815,0,77,108,0,0,0,185
12.65422509402029,recovery,137,815,0,76,109,0,0,0,185
12.666857624658784,infection,26,814,0,77,109,0,0,0,186
12.680165896205567,infection,687,813,0,78,109,0,0,0,187
12.69502309935883,infection,59,812,0,79,109,0,0,0,188
12.710495358748764,infection,527,811,0,80,109,0,0,0,189
12.71209584657175,infection,119,810,0,81,109,0,0,0,190
12.745290768064162,infection,56,809,0,82,109,0,0,0,191
12.784616105159955,recovery,263,809,0,81,110,0,0,0,191
12.790348000805086,infection,559,808,0,82,110,0,0,0,192
12.79268294342996,recovery,391,808,0,81,111,0,0,0,192
12.879001224811876,infection,611,807,0,82,111,0,0,0,193
12.911384214903373,infection,953,806,0,83,111,0,0,0,194
12.914479445349473,infection,184,805,0,84,111,0,0,0,195
12.941095723064102,recovery,953,805,0,83,112,0,0,0,195
12.963450857774372,recovery,55,805,0,82,113,0,0,0,195
12.97510377591766,infection,63,804,0,83,113,0,0,0,196
12.980475664412845,recovery,846,804,0,82,114,0,0,0,196
12.989666033250014,infection,847,803,0,83,114,0,0,0,197
13.0329007668031,infection,482,802,0,84,114,0,0,0,198
13.034926997138585,infection,71,801,0,85,114,0,0,0,199
13.067139964229568,infection,958,800,0,86,114,0,0,0,200
13.119136973251056,recovery,941,800,0,85,115,0,0,0,200
13.127866913777979,recovery,47,800,0,84,116,0,0,0,200
13.15973676880078,recovery,25,800,0,83,117,0,0,0,200
13.190419265049849,infection,107,799,0,84,117,0,0,0,201
13.20280299423153,recovery,119,799,0,83,118,0,0,0,201
13.2033916503175,infection,169,798,0,84,118,0,0,0,202
13.206306450163796,recovery,756,798,0,83,119,0,0,0,202
13.216111938550188,recovery,74,798,0,82,120,0,0,0,202
13.251468488751078,infection,913,797,0,83,120,0,0,0,203
13.258759303744876,infection,508,796,0,84,120,0,0,0,204
13.261003018249522,infection,410,795,0,85,120,0,0,0,205
13.26355734805514,recovery,79,795,0,84,121,0,0,0,205
13.268794429060964,recovery,913,795,0,83,122,0,0,0,205
13.269947314775825,infection,24,794,0,84,122,0,0,0,206
13.291534094976878,infection,680,793,0,85,122,0,0,0,207
13.29368201536992,recovery,508,793,0,84,123,0,0,0,207
13.296956560422373,infection,420,792,0,85,123,0,0,0,208
13.297534713335592,recovery,39,792,0,84,124,0,0,0,208
13.313819827069514,infection,916,791,0,85,124,0,0,0,209
13.347013656649631,recovery,342,791,0,84,125,0,0,0,209
13.377796790957893,infection,9,790,0,85,125,0,0,0,210
13.417610417870884,recovery,499,790,0,84,126,0,0,0,210
13.453854192777627,recovery,112,790,0,83,127,0,0,0,210
13.46213059488606,infection,740,789,0,84,127,0,0,0,211
13.474526473275203,infection,596,788,0,85,127,0,0,0,212
13.50095331896364,infection,435,787,0,86,127,0,0,0,213
13.51965271749797,infection,176,786,0,87,127,0,0,0,214
13.536464500697225,infection,737,785,0,88,127,0,0,0,215
13.538948075114305,infection,529,784,0,89,127,0,0,0,216
13.55508846206675,infection,661,783,0,90,127,0,0,0,217
13.586562778929506,recovery,536,783,0,89,128,0,0,0,217
13.620859700885022,recovery,587,783,0,88,129,0,0,0,217
13.630536111852825,infection,721,782,0,89,129,0,0,0,218
13.639085545171435,infection,318,781,0,90,129,0,0,0,219
13.660929575083983,infection,885,780,0,91,129,0,0,0,220
13.69837282260882,infection,407,779,0,92,129,0,0,0,221
13.705259358563636,recovery,153,779,0,91,130,0,0,0,221
13.717904595890804,recovery,559,779,0,90,131,0,0,0,221
13.869814653557818,infection,21,778,0,91,131,0,0,0,222
13.870593227923212,recovery,643,778,0,90,132,0,0,0,222
13.870621795719483,recovery,227,778,0,89,133,0,0,0,222
13.907014599677387,recovery,169,778,0,88,134,0,0,0,222
13.982450037294191,infection,484,777,0,89,134,0,0,0,223
14.02054798437606,recovery,596,777,0,88,135,0,0,0,223
14.050809248498537,infection,306,776,0,89,135,0,0,0,224
14.053715842354698,recovery,740,776,0,88,136,0,0,0,224
14.101370114993177,infection,189,775,0,89,136,0,0,0,225
14.128723726580708,infection,980,774,0,90,136,0,0,0,226
14.152899803669749,infection,398,773,0,91,136,0,0,0,227
14.157515130665036,recovery,9,773,0,90,137,0,0,0,227
14.198846148710938,recovery,767,773,0,89,138,0,0,0,227
14.252143361534129,recovery,420,773,0,88,139,0,0,0,227
14.271145211810607,infection,239,772,0,89,139,0,0,0,228
14.294281722752308,infection,804,771,0,90,139,0,0,0,229
14.321714795821032,recovery,474,771,0,89,140,0,0,0,229
14.3302465834688,infection,700,770,0,90,140,0,0,0,230
14.354109845812168,infection,115,769,0,91,140,0,0,0,231
14.422557777021876,infection,237,768,0,92,140,0,0,0,232
14.449071501233215,infection,16,767,0,93,140,0,0,0,233
14.504704100506627,infection,192,766,0,94,140,0,0,0,234
14.529786993384986,recovery,56,766,0,93,141,0,0,0,234
14.602900881253309,infection,623,765,0,94,141,0,0,0,235
14.718406560818782,infection,726,764,0,95,141,0,0,0,236
14.741588852323353,recovery,728,764,0,94,142,0,0,0,236
14.764856508466702,recovery,484,764,0,93,143,0,0,0,236
14.782418573695075,recovery,780,764,0,92,144,0,0,0,236
14.788826221028547,recovery,531,764,0,91,145,0,0,0,236
14.79113448069289,recovery,817,764,0,90,146,0,0,0,236
14.82765924610145,infection,190,763,0,91,146,0,0,0,237
14.866389302231084,infection,896,762,0,92,146,0,0,0,238
14.900207065695282,recovery,658,762,0,91,147,0,0,0,238
14.911738815503,infection,632,761,0,92,147,0,0,0,239
14.920272822464026,infection,61,760,0,93,147,0,0,0,240
14.920510208328427,infection,336,759,0,94,147,0,0,0,241
14.928628740293949,infection,29,758,0,95,147,0,0,0,242
14.934922890387591,recovery,239,758,0,94,148,0,0,0,242
15.016208241809158,infection,928,757,0,95,148,0,0,0,243
15.024015731783962,recovery,407,757,0,94,149,0,0,0,243
15.040604818527935,infection,108,756,0,95,149,0,0,0,244
15.098918249418272,infection,348,755,0,96,149,0,0,0,245
15.100946810048741,recovery,983,755,0,95,150,0,0,0,245
15.124304551782771,infection,599,754,0,96,150,0,0,0,246
15.152015675655889,infection,811,753,0,97,150,0,0,0,247
15.176240708571768,infection,126,752,0,98,150,0,0,0,248
15.181150214245466,infection,388,751,0,99,150,0,0,0,249
15.199714134889986,recovery,527,751,0,98,151,0,0,0,249
15.204698503419129,infection,520,750,0,99,151,0,0,0,250
15.261490803777052,infection,653,749,0,100,151,0,0,0,251
15.278285321375986,infection,295,748,0,101,151,0,0,0,252
15.297496806517412,infection,547,747,0,102,151,0,0,0,253
15.312663072724728,recovery,336,747,0,101,152,0,0,0,253
15.333702484516625,infection,509,746,0,102,152,0,0,0,254
15.360400885335196,recovery,394,746,0,101,153,0,0,0,254
15.36136907359852,infection,186,745,0,102,153,0,0,0,255
15.377492057448348,recovery,202,745,0,101,154,0,0,0,255
15.40642136239868,recovery,632,745,0,100,155,0,0,0,255
15.40697517055526,infection,911,744,0,101,155,0,0,0,256
15.418736799998157,infection,794,743,0,102,155,0,0,0,257
15.422920966017301,infection,244,742,0,103,155,0,0,0,258
15.431917365121125,infection,690,741,0,104,155,0,0,0,259
15.452436567055319,infection,566,740,0,105,155,0,0,0,260
15.461566193755738,infection,199,739,0,106,155,0,0,0,261
15.493344182121078,infection,878,738,0,107,155,0,0,0,262
15.501019210989037,infection,212,737,0,108,155,0,0,0,263
15.511337952635182,infection,157,736,0,109,155,0,0,0,264
15.529675413364204,recovery,277,736,0,108,156,0,0,0,264
15.547418352765115,infection,628,735,0,109,156,0,0,0,265
15.557292220086593,infection,549,734,0,110,156,0,0,0,266
15.598592274853429,infection,78,733,0,111,156,0,0,0,267
15.626716592231908,infection,586,732,0,112,156,0,0,0,268
15.632109166327982,infection,835,731,0,113,156,0,0,0,269
15.633971833978798,recovery,149,731,0,112,157,0,0,0,269
15.643161762284269,recovery,489,731,0,111,158,0,0,0,269
15.645361990052066,infection,981,730,0,112,158,0,0,0,270
15.663685878735722,infection,443,729,0,113,158,0,0,0,271
15.667758958162132,infection,134,728,0,114,158,0,0,0,272
15.684151205646886,infection,89,727,0,115,158,0,0,0,273
15.715722086122621,infection,93,726,0,116,158,0,0,0,274
15.719920682449606,recovery,811,726,0,115,159,0,0,0,274
15.72464018354435,recovery,653,726,0,114,160,0,0,0,274
15.744297739177252,infection,133,725,0,115,160,0,0,0,275
15.7600682164624,infection,733,724,0,116,160,0,0,0,276
15.77461210248035,infection,824,723,0,117,160,0,0,0,277
15.790171650939833,recovery,946,723,0,116,161,0,0,0,277
15.85232574824441,recovery,794,723,0,115,162,0,0,0,277
15.852990030341338,infection,580,722,0,116,162,0,0,0,278
15.856989903999235,recovery,400,722,0,115,163,0,0,0,278
15.85897039770744,infection,525,721,0,116,163,0,0,0,279
15.886565203910047,infection,575,720,0,117,163,0,0,0,280
15.89011970390921,recovery,575,720,0,116,164,0,0,0,280
15.944246592429577,infection,397,719,0,117,164,0,0,0,281
15.94705426264484,recovery,310,719,0,116,165,0,0,0,281
15.96850420056872,infection,293,718,0,117,165,0,0,0,282
15.9725535051167,infection,629,717,0,118,165,0,0,0,283
15.990240792609505,infection,446,716,0,119,165,0,0,0,284
16.001494116485066,infection,920,715,0,120,165,0,0,0,285
16.005754745501633,infection,33,714,0,121,165,0,0,0,286
16.01322680482642,infection,608,713,0,122,165,0,0,0,287
16.019381224558785,infection,121,712,0,123,165,0,0,0,288
16.020777113578358,recovery,996,712,0,122,166,0,0,0,288
16.026616343869797,recovery,733,712,0,121,167,0,0,0,288
16.027024700472033,infection,197,711,0,122,167,0,0,0,289
16.03777670723704,recovery,690,711,0,121,168,0,0,0,289
16.07114000884071,recovery,293,711,0,120,169,0,0,0,289
16.08365100114147,infection,791,710,0,121,169,0,0,0,290
16.09008540985556,infection,182,709,0,122,169,0,0,0,291
16.10245428883235,infection,677,708,0,123,169,0,0,0,292
16.105677029162813,infection,648,707,0,124,169,0,0,0,293
16.11545598845965,recovery,24,707,0,123,170,0,0,0,293
16.117551500636974,infection,249,706,0,124,170,0,0,0,294
16.125721363513314,infection,257,705,0,125,170,0,0,0,295
16.152149620362923,infection,615,704,0,126,170,0,0,0,296
16.20330684116825,recovery,765,704,0,125,171,0,0,0,296
16.211415996672883,infection,512,703,0,126,171,0,0,0,297
16.22781808702107,recovery,209,703,0,125,172,0,0,0,297
16.233845129074965,infection,873,702,0,126,172,0,0,0,298
16.236828391982463,recovery,126,702,0,125,173,0,0,0,298
16.263708897930318,infection,351,701,0,126,173,0,0,0,299
16.280183856627588,recovery,586,701,0,125,174,0,0,0,299
16.2873453323273,infection,216,700,0,126,174,0,0,0,300
16.306699416153286,infection,665,699,0,127,174,0,0,0,301
16.31480557828172,infection,831,698,0,128,174,0,0,0,302
16.324344431589694,recovery,295,698,0,127,175,0,0,0,302
16.370370653932405,infection,75,697,0,128,175,0,0,0,303
16.38560748579217,infection,788,696,0,129,175,0,0,0,304
16.38950560995072,recovery,29,696,0,128,176,0,0,0,304
16.40928306146081,infection,925,695,0,129,176,0,0,0,305
16.41089518487443,recovery,803,695,0,128,177,0,0,0,305
16.42747847227212,infection,544,694,0,129,177,0,0,0,306
16.432305889793533,recovery,435,694,0,128,178,0,0,0,306
16.432426966619257,infection,172,693,0,129,178,0,0,0,307
16.45100029178447,recovery,925,693,0,128,179,0,0,0,307
16.460582861445605,recovery,509,693,0,127,180,0,0,0,307
16.52369919849939,infection,226,692,0,128,180,0,0,0,308
16.532445971086542,infection,671,691,0,129,180,0,0,0,309
16.533945390613507,infection,973,690,0,130,180,0,0,0,310
16.549425331573797,recovery,71,690,0,129,181,0,0,0,310
16.55020414236148,recovery,257,690,0,128,182,0,0,0,310
16.57751444937708,recovery,199,690,0,127,183,0,0,0,310
16.583076130408443,recovery,623,690,0,126,184,0,0,0,310
16.586021010039556,recovery,628,690,0,125,185,0,0,0,310
16.60778371606187,infection,617,689,0,126,185,0,0,0,311
16.608571044399635,infection,301,688,0,127,185,0,0,0,312
16.622409418744102,recovery,237,688,0,126,186,0,0,0,312
16.651866068214105,recovery,921,688,0,125,187,0,0,0,312
16.65367743340719,recovery,301,688,0,124,188,0,0,0,312
16.66391011792831,infection,683,687,0,125,188,0,0,0,313
16.6738469674963,infection,317,686,0,126,188,0,0,0,314
16.681816031392064,infection,143,685,0,127,188,0,0,0,315
16.683897707844128,infection,539,684,0,128,188,0,0,0,316
16.69970636300065,recovery,906,684,0,127,189,0,0,0,316
16.70474719252892,recovery,959,684,0,126,190,0,0,0,316
16.709332076281235,infection,372,683,0,127,190,0,0,0,317
16.711357642442326,infection,436,682,0,128,190,0,0,0,318
16.738236534623095,recovery,226,682,0,127,191,0,0,0,318
16.740413480654276,infection,764,681,0,128,191,0,0,0,319
16.76412250239579,infection,322,680,0,129,191,0,0,0,320
16.782403136575958,infection,893,679,0,130,191,0,0,0,321
16.789704707120787,recovery,562,679,0,129,192,0,0,0,321
16.796195633110703,infection,564,678,0,130,192,0,0,0,322
16.81760417338586,infection,923,677,0,131,192,0,0,0,323
16.820108166276768,infection,507,676,0,132,192,0,0,0,324
16.824749899910387,infection,205,675,0,133,192,0,0,0,325
16.834785599464492,infection,152,674,0,134,192,0,0,0,326
16.860648840521776,recovery,398,674,0,133,193,0,0,0,326
16.86524992956024,infection,905,673,0,134,193,0,0,0,327
16.867930333289202,infection,151,672,0,135,193,0,0,0,328
16.868134857345826,infection,10,671,0,136,193,0,0,0,329
16.96180011601426,recovery,847,671,0,135,194,0,0,0,329
16.967368438757305,infection,553,670,0,136,194,0,0,0,330
16.97659506968955,recovery,21,670,0,135,195,0,0,0,330
16.989856281494497,infection,491,669,0,136,195,0,0,0,331
17.004641448527618,infection,331,668,0,137,195,0,0,0,332
17.004794081477996,infection,692,667,0,138,195,0,0,0,333
17.011512857563197,recovery,885,667,0,137,196,0,0,0,333
17.015081693719193,infection,495,666,0,138,196,0,0,0,334
17.037691409652577,recovery,911,666,0,137,197,0,0,0,334
17.075665445550865,infection,972,665,0,138,197,0,0,0,335
17.08857772419736,infection,30,664,0,139,197,0,0,0,336
17.111841217101603,infection,333,663,0,140,197,0,0,0,337
17.12723806172566,infection,919,662,0,141,197,0,0,0,338
17.12901394457093,recovery,677,662,0,140,198,0,0,0,338
17.142399297010773,infection,28,661,0,141,198,0,0,0,339
17.166194281193324,infection,198,660,0,142,198,0,0,0,340
17.183046314351934,recovery,143,660,0,141,199,0,0,0,340
17.18417257270939,infection,716,659,0,142,199,0,0,0,341
17.188469795619575,infection,742,658,0,143,199,0,0,0,342
17.193643214150285,infection,297,657,0,144,199,0,0,0,343
17.199491398238486,infection,978,656,0,145,199,0,0,0,344
17.200927428061373,infection,260,655,0,146,199,0,0,0,345
17.215311277784068,recovery,978,655,0,145,200,0,0,0,345
17.220251458201197,recovery,791,655,0,144,201,0,0,0,345
17.235486826778043,recovery,108,655,0,143,202,0,0,0,345
17.24832424813952,infection,964,654,0,144,202,0,0,0,346
17.279064402694935,recovery,482,654,0,143,203,0,0,0,346
17.279999993313584,infection,113,653,0,144,203,0,0,0,347
17.323301017344978,infection,135,652,0,145,203,0,0,0,348
17.33303184784022,infection,541,651,0,146,203,0,0,0,349
17.34234468196977,infection,524,650,0,147,203,0,0,0,350
17.35044119327449,recovery,78,650,0,146,204,0,0,0,350
17.3526629164472,recovery,322,650,0,145,205,0,0,0,350
17.37201712367722,infection,159,649,0,146,205,0,0,0,351
17.3768982108152,recovery,446,649,0,145,206,0,0,0,351
17.377986688250946,recovery,233,649,0,144,207,0,0,0,351
17.391459605623027,infection,760,648,0,145,207,0,0,0,352
17.41814490374907,infection,261,647,0,146,207,0,0,0,353
17.42467223596588,infection,428,646,0,147,207,0,0,0,354
17.440536150307548,infection,753,645,0,148,207,0,0,0,355
17.44603994104048,infection,971,644,0,149,207,0,0,0,356
17.482483985621514,infection,364,643,0,150,207,0,0,0,357
17.496055253965977,recovery,481,643,0,149,208,0,0,0,357
17.496814378052793,recovery,700,643,0,148,209,0,0,0,357
17.504668165866455,recovery,186,643,0,147,210,0,0,0,357
17.519184381836375,recovery,345,643,0,146,211,0,0,0,357
17.52718666201126,recovery,331,643,0,145,212,0,0,0,357
17.540540372279953,infection,456,642,0,146,212,0,0,0,358
17.559628782787836,infection,147,641,0,147,212,0,0,0,359
17.56117409699485,recovery,980,641,0,146,213,0,0,0,359
17.563377907568956,infection,660,640,0,147,213,0,0,0,360
17.56491247493534,recovery,205,640,0,146,214,0,0,0,360
17.57699969818414,recovery,333,640,0,145,215,0,0,0,360
17.584477913881965,recovery,306,640,0,144,216,0,0,0,360
17.618702599364344,infection,626,639,0,145,216,0,0,0,361
17.626728971442517,recovery,683,639,0,144,217,0,0,0,361
17.62785640698569,infection,775,638,0,145,217,0,0,0,362
17.644218392045723,infection,914,637,0,146,217,0,0,0,363
17.64648996265862,recovery,804,637,0,145,218,0,0,0,363
17.667348930460406,recovery,868,637,0,144,219,0,0,0,363
17.72114911344911,recovery,753,637,0,143,220,0,0,0,363
17.723814909751024,recovery,10,637,0,142,221,0,0,0,363
17.724178057169837,recovery,919,637,0,141,222,0,0,0,363
17.736098510506846,infection,148,636,0,142,222,0,0,0,364
17.74060198278525,recovery,972,636,0,141,223,0,0,0,364
17.756850427422226,infection,769,635,0,142,223,0,0,0,365
17.770878351747964,infection,556,634,0,143,223,0,0,0,366
17.813791499374595,infection,402,633,0,144,223,0,0,0,367
17.818078953089937,infection,825,632,0,145,223,0,0,0,368
17.8217536474221,infection,897,631,0,146,223,0,0,0,369
17.848155759012794,recovery,580,631,0,145,224,0,0,0,369
17.855215706912748,infection,300,630,0,146,224,0,0,0,370
17.860018349528175,infection,735,629,0,147,224,0,0,0,371
17.865941797025627,recovery,348,629,0,146,225,0,0,0,371
17.919750792881423,infection,452,628,0,147,225,0,0,0,372
17.92744949216999,infection,369,627,0,148,225,0,0,0,373
17.93974296722001,recovery,135,627,0,147,226,0,0,0,373
17.960163921691386,recovery,410,627,0,146,227,0,0,0,373
17.96819672161099,recovery,788,627,0,145,228,0,0,0,373
17.98046732458255,recovery,924,627,0,144,229,0,0,0,373
18.01603388405156,recovery,495,627,0,143,230,0,0,0,373
18.02074876306161,recovery,351,627,0,142,231,0,0,0,373
18.022065824270076,recovery,349,627,0,141,232,0,0,0,373
18.03716253104169,infection,326,626,0,142,232,0,0,0,374
18.05493280680359,infection,299,625,0,143,232,0,0,0,375
18.05928497262606,infection,125,624,0,144,232,0,0,0,376
18.06972005895822,recovery,372,624,0,143,233,0,0,0,376
18.101788501485558,infection,58,623,0,144,233,0,0,0,377
18.101993582959853,recovery,595,623,0,143,234,0,0,0,377
18.11715901368435,recovery,140,623,0,142,235,0,0,0,377
18.15783784980369,recovery,873,623,0,141,236,0,0,0,377
18.15983839639239,infection,234,622,0,142,236,0,0,0,378
18.16572552252151,recovery,93,622,0,141,237,0,0,0,378
18.18403297813716,infection,858,621,0,142,237,0,0,0,379
18.2048642975775,recovery,28,621,0,141,238,0,0,0,379
18.239216672235155,recovery,764,621,0,140,239,0,0,0,379
18.243384417882528,infection,870,620,0,141,239,0,0,0,380
18.262088609284966,recovery,428,620,0,140,240,0,0,0,380
18.270677560564984,infection,461,619,0,141,240,0,0,0,381
18.294175390364167,recovery,687,619,0,140,241,0,0,0,381
18.299217689110986,infection,218,618,0,141,241,0,0,0,382
18.310526830766346,recovery,566,618,0,140,242,0,0,0,382
18.311285376980848,infection,66,617,0,141,242,0,0,0,383
18.311319870951337,infection,899,616,0,142,242,0,0,0,384
18.31825361734378,infection,60,615,0,143,242,0,0,0,385
18.323592277971102,recovery,541,615,0,142,243,0,0,0,385
18.33176497169342,infection,160,614,0,143,243,0,0,0,386
18.353057120882234,recovery,782,614,0,142,244,0,0,0,386
18.357461987355777,recovery,491,614,0,141,245,0,0,0,386
18.360358838267246,infection,366,613,0,142,245,0,0,0,387
18.385241858538862,infection,859,612,0,143,245,0,0,0,388
18.393387920222562,recovery,507,612,0,142,246,0,0,0,388
18.414067237520054,infection,224,611,0,143,246,0,0,0,389
18.428853487283533,infection,577,610,0,144,246,0,0,0,390
18.443754523213645,infection,38,609,0,145,246,0,0,0,391
18.46920257927705,recovery,971,609,0,144,247,0,0,0,391
18.494678262042587,infection,957,608,0,145,247,0,0,0,392
18.502939257895697,recovery,63,608,0,144,248,0,0,0,392
18.538040435457013,recovery,617,608,0,143,249,0,0,0,392
18.540334676505882,recovery,261,608,0,142,250,0,0,0,392
18.561574445750914,recovery,530,608,0,141,251,0,0,0,392
18.573723641330233,recovery,151,608,0,140,252,0,0,0,392
18.585223116460263,infection,790,607,0,141,252,0,0,0,393
18.60190742193568,infection,221,606,0,142,252,0,0,0,394
18.605225660302196,infection,480,605,0,143,252,0,0,0,395
18.61561211186084,recovery,177,605,0,142,253,0,0,0,395
18.628725007542783,recovery,957,605,0,141,254,0,0,0,395
18.640478053917352,recovery,928,605,0,140,255,0,0,0,395
18.64389528652949,recovery,361,605,0,139,256,0,0,0,395
18.66727811912612,infection,194,604,0,140,256,0,0,0,396
18.6814153755214,infection,948,603,0,141,256,0,0,0,397
18.68912254894177,recovery,661,603,0,140,257,0,0,0,397
18.70977914260898,infection,857,602,0,141,257,0,0,0,398
18.723377714449224,infection,684,601,0,142,257,0,0,0,399
18.725616413830977,infection,49,600,0,143,257,0,0,0,400
18.759090293341504,infection,759,599,0,144,257,0,0,0,401
18.762590234234715,recovery,726,599,0,143,258,0,0,0,401
18.781301952529272,infection,585,598,0,144,258,0,0,0,402
18.805590766285118,infection,187,597,0,145,258,0,0,0,403
18.83108594256269,infection,546,596,0,146,258,0,0,0,404
18.83835007280333,recovery,366,596,0,145,259,0,0,0,404
18.86893821372832,infection,77,595,0,146,259,0,0,0,405
18.886025126027636,infection,386,594,0,147,259,0,0,0,406
18.88802576051803,infection,783,593,0,148,259,0,0,0,407
18.890455625595152,recovery,544,593,0,147,260,0,0,0,407
18.894181306473875,infection,450,592,0,148,260,0,0,0,408
18.89525406036378,infection,479,591,0,149,260,0,0,0,409
18.89993573549744,recovery,133,591,0,148,261,0,0,0,409
18.901260228627386,infection,947,590,0,149,261,0,0,0,410
18.904874258791278,recovery,858,590,0,148,262,0,0,0,410
18.92862376043573,infection,246,589,0,149,262,0,0,0,411
18.929044134746565,infection,22,588,0,150,262,0,0,0,412
18.95046454574227,infection,746,587,0,151,262,0,0,0,413
18.956018674106765,infection,419,586,0,152,262,0,0,0,414
18.980605786646027,recovery,986,586,0,151,263,0,0,0,414
19.01749202244791,infection,667,585,0,152,263,0,0,0,415
19.02357088136434,infection,219,584,0,153,263,0,0,0,416
19.027908938110098,infection,483,583,0,154,263,0,0,0,417
19.045624691074398,infection,798,582,0,155,263,0,0,0,418
19.057465327850636,recovery,947,582,0,154,264,0,0,0,418
19.05805194992023,infection,821,581,0,155,264,0,0,0,419
19.062555163507817,recovery,940,581,0,154,265,0,0,0,419
19.06743708325512,infection,723,580,0,155,265,0,0,0,420
19.083999527359488,infection,934,579,0,156,265,0,0,0,421
19.086047381785384,infection,565,578,0,157,265,0,0,0,422
19.10831823567827,infection,719,577,0,158,265,0,0,0,423
19.110506479802908,infection,558,576,0,159,265,0,0,0,424
19.114016106080193,recovery,914,576,0,158,266,0,0,0,424
19.11922557565664,infection,931,575,0,159,266,0,0,0,425
19.132979935222885,recovery,364,575,0,158,267,0,0,0,425
19.144423608898947,infection,777,574,0,159,267,0,0,0,426
19.185111858949032,infection,354,573,0,160,267,0,0,0,427
19.204190387547282,infection,711,572,0,161,267,0,0,0,428
19.209702027357967,recovery,249,572,0,160,268,0,0,0,428
19.21567112819763,recovery,769,572,0,159,269,0,0,0,428
19.216272948211667,infection,685,571,0,160,269,0,0,0,429
19.222093569777087,recovery,480,571,0,159,270,0,0,0,429
19.22475100456719,recovery,665,571,0,158,271,0,0,0,429
19.226040544209688,infection,852,570,0,159,271,0,0,0,430
19.23805792521248,infection,942,569,0,160,271,0,0,0,431
19.2561899831352,infection,675,568,0,161,271,0,0,0,432
19.264949105760923,infection,657,567,0,162,271,0,0,0,433
19.269817964724385,recovery,386,567,0,161,272,0,0,0,433
19.27542966495519,recovery,742,567,0,160,273,0,0,0,433
19.27986557849509,recovery,224,567,0,159,274,0,0,0,433
19.290282858768375,infection,912,566,0,160,274,0,0,0,434
19.306114941217633,recovery,197,566,0,159,275,0,0,0,434
19.308340184569513,recovery,725,566,0,158,276,0,0,0,434
19.332887703290908,infection,929,565,0,159,276,0,0,0,435
19.33367243935634,infection,418,564,0,160,276,0,0,0,436
19.35408096159999,recovery,556,564,0,159,277,0,0,0,436
19.373488148419003,infection,568,563,0,160,277,0,0,0,437
19.379482281500046,infection,248,562,0,161,277,0,0,0,438
19.38432145690339,recovery,520,562,0,160,278,0,0,0,438
19.388312987161246,infection,442,561,0,161,278,0,0,0,439
19.407734373154327,recovery,340,561,0,160,279,0,0,0,439
19.412584535987794,recovery,564,561,0,159,280,0,0,0,439
19.41969830459487,infection,467,560,0,160,280,0,0,0,440
19.421597332941268,infection,779,559,0,161,280,0,0,0,441
19.44893732156309,infection,673,558,0,162,280,0,0,0,442
19.457457431263222,infection,378,557,0,163,280,0,0,0,443
19.45973869762535,infection,754,556,0,164,280,0,0,0,444
19.466671139922216,recovery,418,556,0,163,281,0,0,0,444
19.47202649912507,recovery,115,556,0,162,282,0,0,0,444
19.48543185915315,infection,854,555,0,163,282,0,0,0,445
19.500958834556325,recovery,735,555,0,162,283,0,0,0,445
19.515893291941865,infection,123,554,0,163,283,0,0,0,446
19.518691431721752,recovery,172,554,0,162,284,0,0,0,446
19.518806884747086,recovery,680,554,0,161,285,0,0,0,446
19.551804828339424,recovery,754,554,0,160,286,0,0,0,446
19.55793562184846,recovery,397,554,0,159,287,0,0,0,446
19.58703645090589,recovery,443,554,0,158,288,0,0,0,446
19.59591124539766,recovery,264,554,0,157,289,0,0,0,446
19.601079634618635,infection,984,553,0,158,289,0,0,0,447
19.642222215281482,recovery,493,553,0,157,290,0,0,0,447
19.65862874858926,infection,31,552,0,158,290,0,0,0,448
19.673646508049714,recovery,200,552,0,157,291,0,0,0,448
19.67659113783823,recovery,216,552,0,156,292,0,0,0,448
19.683539177906543,infection,877,551,0,157,292,0,0,0,449
19.691094161546054,recovery,218,551,0,156,293,0,0,0,449
19.697507825645584,recovery,546,551,0,155,294,0,0,0,449
19.71883880163245,infection,534,550,0,156,294,0,0,0,450
19.73103126818227,infection,963,549,0,157,294,0,0,0,451
19.74986284853481,infection,360,548,0,158,294,0,0,0,452
19.76223327227815,recovery,118,548,0,157,295,0,0,0,452
19.787457869508525,infection,11,547,0,158,295,0,0,0,453
19.791175686012348,infection,528,546,0,159,295,0,0,0,454
19.792624669942068,recovery,450,546,0,158,296,0,0,0,454
19.795980445659698,infection,298,545,0,159,296,0,0,0,455
19.79843160695232,recovery,798,545,0,158,297,0,0,0,455
19.810815732207917,infection,601,544,0,159,297,0,0,0,456
19.832141759107746,recovery,469,544,0,158,298,0,0,0,456
19.88420667969084,recovery,611,544,0,157,299,0,0,0,456
19.91371283695262,infection,706,543,0,158,299,0,0,0,457
19.942450029180748,infection,373,542,0,159,299,0,0,0,458
19.944008991016105,infection,647,541,0,160,299,0,0,0,459
19.95379625089738,infection,697,540,0,161,299,0,0,0,460
19.98009120183761,infection,3,539,0,162,299,0,0,0,461
20.018667387950703,recovery,62,539,0,161,300,0,0,0,461
20.0398113620099,recovery,601,539,0,160,301,0,0,0,461
20.062363096658828,infection,979,538,0,161,301,0,0,0,462
20.075806953559866,infection,879,537,0,162,301,0,0,0,463
20.084739959789136,infection,894,536,0,163,301,0,0,0,464
20.1031449712266,infection,353,535,0,164,301,0,0,0,465
20.109313573084687,infection,613,534,0,165,301,0,0,0,466
20.13576295663987,infection,869,533,0,166,301,0,0,0,467
20.13965044600418,recovery,77,533,0,165,302,0,0,0,467
20.14175039513218,recovery,629,533,0,164,303,0,0,0,467
20.15478511234556,recovery,298,533,0,163,304,0,0,0,467
20.163911587358168,infection,871,532,0,164,304,0,0,0,468
20.17454562781093,recovery,706,532,0,163,305,0,0,0,468
20.207718932158024,recovery,759,532,0,162,306,0,0,0,468
20.227684036641843,infection,501,531,0,163,306,0,0,0,469
20.246683886163744,recovery,317,531,0,162,307,0,0,0,469
20.2593612328496,infection,225,530,0,163,307,0,0,0,470
20.26604393954052,recovery,147,530,0,162,308,0,0,0,470
20.277749204766156,infection,136,529,0,163,308,0,0,0,471
20.302528781002806,infection,439,528,0,164,308,0,0,0,472
20.322249715560428,recovery,501,528,0,163,309,0,0,0,472
20.341365888168202,infection,48,527,0,164,309,0,0,0,473
20.341704363519902,infection,884,526,0,165,309,0,0,0,474
20.34338597663736,recovery,534,526,0,164,310,0,0,0,474
20.35131364793027,infection,268,525,0,165,310,0,0,0,475
20.389288276343294,infection,909,524,0,166,310,0,0,0,476
20.42504363582991,recovery,512,524,0,165,311,0,0,0,476
20.429168937585324,infection,705,523,0,166,311,0,0,0,477
20.430658064230112,infection,426,522,0,167,311,0,0,0,478
20.436709356973264,recovery,524,522,0,166,312,0,0,0,478
20.453805007164256,recovery,684,522,0,165,313,0,0,0,478
20.47453421004263,infection,358,521,0,166,313,0,0,0,479
20.481430668994722,recovery,884,521,0,165,314,0,0,0,479
20.482927670170035,infection,132,520,0,166,314,0,0,0,480
20.491719577046187,recovery,354,520,0,165,315,0,0,0,480
20.496257118650384,recovery,61,520,0,164,316,0,0,0,480
20.51973655371891,infection,414,519,0,165,316,0,0,0,481
20.544108904853857,recovery,467,519,0,164,317,0,0,0,481
20.55154642551242,recovery,92,519,0,163,318,0,0,0,481
20.551909381195685,infection,521,518,0,164,318,0,0,0,482
20.554861750782727,infection,517,517,0,165,318,0,0,0,483
20.557414385631755,infection,952,516,0,166,318,0,0,0,484
20.56376217224961,recovery,212,516,0,165,319,0,0,0,484
20.56580894279199,infection,253,515,0,166,319,0,0,0,485
20.60784774902485,infection,96,514,0,167,319,0,0,0,486
20.608618115565733,recovery,253,514,0,166,320,0,0,0,486
20.617531638835032,recovery,877,514,0,165,321,0,0,0,486
20.622730136337314,infection,204,513,0,166,321,0,0,0,487
20.627313122094076,recovery,521,513,0,165,322,0,0,0,487
20.64099298221518,recovery,66,513,0,164,323,0,0,0,487
20.65678062232053,recovery,723,513,0,163,324,0,0,0,487
20.705183692650877,recovery,360,513,0,162,325,0,0,0,487
20.71486121736847,infection,500,512,0,163,325,0,0,0,488
20.722473021906858,infection,421,511,0,164,325,0,0,0,489
20.72319338509451,recovery,300,511,0,163,326,0,0,0,489
20.753254048693144,infection,175,510,0,164,326,0,0,0,490
20.760404414171077,recovery,958,510,0,163,327,0,0,0,490
20.76413109572093,infection,183,509,0,164,327,0,0,0,491
20.769258841275622,infection,313,508,0,165,327,0,0,0,492
20.80208364206397,recovery,775,508,0,164,328,0,0,0,492
20.80779779657175,recovery,835,508,0,163,329,0,0,0,492
20.825691184841045,recovery,679,508,0,162,330,0,0,0,492
20.84240350743726,infection,41,507,0,163,330,0,0,0,493
20.843232001840583,infection,180,506,0,164,330,0,0,0,494
20.844869520035363,infection,288,505,0,165,330,0,0,0,495
20.85102311769893,recovery,647,505,0,164,331,0,0,0,495
20.86388003791332,infection,961,504,0,165,331,0,0,0,496
20.879677148839573,infection,761,503,0,166,331,0,0,0,497
20.919471654794748,recovery,737,503,0,165,332,0,0,0,497
20.950913792198946,recovery,157,503,0,164,333,0,0,0,497
20.982615064154803,infection,473,502,0,165,333,0,0,0,498
20.98847250423959,infection,291,501,0,166,333,0,0,0,499
21.010825998253264,infection,6,500,0,167,333,0,0,0,500
21.02338360482366,infection,930,499,0,168,333,0,0,0,501
21.032076833535072,infection,786,498,0,169,333,0,0,0,502
21.04303439100613,infection,838,497,0,170,333,0,0,0,503
21.04604086652211,recovery,75,497,0,169,334,0,0,0,503
21.052818344381663,recovery,857,497,0,168,335,0,0,0,503
21.065035041131722,infection,409,496,0,169,335,0,0,0,504
21.07183380861976,recovery,979,496,0,168,336,0,0,0,504
21.120087875566924,infection,627,495,0,169,336,0,0,0,505
21.133315309108067,infection,430,494,0,170,336,0,0,0,506
21.13515564199265,infection,603,493,0,171,336,0,0,0,507
21.15249133358076,infection,976,492,0,172,336,0,0,0,508
21.17316117658238,recovery,442,492,0,171,337,0,0,0,508
21.180244574762256,recovery,825,492,0,170,338,0,0,0,508
21.19169932505465,recovery,779,492,0,169,339,0,0,0,508
21.204000826255513,infection,552,491,0,170,339,0,0,0,509
21.207460398366162,infection,271,490,0,171,339,0,0,0,510
21.207698623929307,infection,462,489,0,172,339,0,0,0,511
21.253776385418135,recovery,485,489,0,171,340,0,0,0,511
21.286960260410424,infection,514,488,0,172,340,0,0,0,512
21.301340382839097,recovery,565,488,0,171,341,0,0,0,512
21.301741090851873,recovery,711,488,0,170,342,0,0,0,512
21.330937814158727,infection,94,487,0,171,342,0,0,0,513
21.338339022327457,infection,730,486,0,172,342,0,0,0,514
21.34630964837736,recovery,854,486,0,171,343,0,0,0,514
21.372695897875833,infection,292,485,0,172,343,0,0,0,515
21.377894675789666,infection,702,484,0,173,343,0,0,0,516
21.38894737891768,recovery,552,484,0,172,344,0,0,0,516
21.408333624774333,infection,346,483,0,173,344,0,0,0,517
21.41213128978272,infection,15,482,0,174,344,0,0,0,518
21.416150511665272,infection,23,481,0,175,344,0,0,0,519
21.43158168360903,recovery,26,481,0,174,345,0,0,0,519
21.446684536214065,recovery,685,481,0,173,346,0,0,0,519
21.449925929546325,infection,476,480,0,174,346,0,0,0,520
21.483780477225437,infection,242,479,0,175,346,0,0,0,521
21.49413236223089,recovery,500,479,0,174,347,0,0,0,521
21.51176437046813,recovery,219,479,0,173,348,0,0,0,521
21.521275156082854,infection,739,478,0,174,348,0,0,0,522
21.528317024678675,recovery,613,478,0,173,349,0,0,0,522
21.536234007344152,infection,802,477,0,174,349,0,0,0,523
21.562027995543723,recovery,11,477,0,173,350,0,0,0,523
21.56673789002033,recovery,942,477,0,172,351,0,0,0,523
21.604840346639417,recovery,96,477,0,171,352,0,0,0,523
21.62205784010753,infection,853,476,0,172,352,0,0,0,524
21.639908239796956,recovery,15,476,0,171,353,0,0,0,524
21.64597047559913,recovery,271,476,0,170,354,0,0,0,524
21.657265408650986,recovery,823,476,0,169,355,0,0,0,524
21.66135135252145,infection,652,475,0,170,355,0,0,0,525
21.69150102204059,recovery,899,475,0,169,356,0,0,0,525
21.698292279387847,recovery,673,475,0,168,357,0,0,0,525
21.70320546602043,recovery,893,475,0,167,358,0,0,0,525
21.703409033145867,infection,678,474,0,168,358,0,0,0,526
21.71668422816269,recovery,291,474,0,167,359,0,0,0,526
21.725520911686914,recovery,905,474,0,166,360,0,0,0,526
21.782298840247957,infection,343,473,0,167,360,0,0,0,527
21.782556567499537,recovery,648,473,0,166,361,0,0,0,527
21.79604921229441,recovery,897,473,0,165,362,0,0,0,527
21.80324895929128,infection,129,472,0,166,362,0,0,0,528
21.816367038964316,recovery,225,472,0,165,363,0,0,0,528
21.85093825166004,recovery,923,472,0,164,364,0,0,0,528
21.85926163568181,recovery,136,472,0,163,365,0,0,0,528
21.880187968022998,infection,494,471,0,164,365,0,0,0,529
21.89268388626108,infection,338,470,0,165,365,0,0,0,530
21.9000314773771,recovery,121,470,0,164,366,0,0,0,530
21.90529553256866,infection,818,469,0,165,366,0,0,0,531
21.931938304380065,infection,540,468,0,166,366,0,0,0,532
21.943196011076672,infection,510,467,0,167,366,0,0,0,533
21.943518596502983,recovery,961,467,0,166,367,0,0,0,533
21.94782783049964,infection,561,466,0,167,367,0,0,0,534
21.951007717329233,infection,211,465,0,168,367,0,0,0,535
21.95898720511171,recovery,976,465,0,167,368,0,0,0,535
21.971704433630702,infection,385,464,0,168,368,0,0,0,536
21.98693545416578,recovery,705,464,0,167,369,0,0,0,536
21.987593742329864,infection,902,463,0,168,369,0,0,0,537
22.01303331431272,recovery,660,463,0,167,370,0,0,0,537
22.0284630948746,recovery,549,463,0,166,371,0,0,0,537
22.036638125874415,recovery,268,463,0,165,372,0,0,0,537
22.04983906426312,recovery,973,463,0,164,373,0,0,0,537
22.08591058421076,infection,640,462,0,165,373,0,0,0,538
22.09437277688505,infection,883,461,0,166,373,0,0,0,539
22.096869764199816,infection,252,460,0,167,373,0,0,0,540
22.12297820847746,infection,203,459,0,168,373,0,0,0,541
22.12734299924553,recovery,221,459,0,167,374,0,0,0,541
22.14317107737606,infection,356,458,0,168,374,0,0,0,542
22.15846704275573,infection,163,457,0,169,374,0,0,0,543
22.18289878598335,recovery,547,457,0,168,375,0,0,0,543
22.223916658507576,infection,339,456,0,169,375,0,0,0,544
22.22553312827629,recovery,123,456,0,168,376,0,0,0,544
22.250245392152003,infection,966,455,0,169,376,0,0,0,545
22.257302751325728,recovery,369,455,0,168,377,0,0,0,545
22.284757979580498,recovery,125,455,0,167,378,0,0,0,545
22.291142943360036,infection,141,454,0,168,378,0,0,0,546
22.293910312785044,infection,584,453,0,169,378,0,0,0,547
22.32162508602604,infection,179,452,0,170,378,0,0,0,548
22.32854162845753,infection,272,451,0,171,378,0,0,0,549
22.33779616571487,recovery,529,451,0,170,379,0,0,0,549
22.365789071319526,recovery,385,451,0,169,380,0,0,0,549
22.37905710827983,infection,441,450,0,170,380,0,0,0,550
22.383658689139946,infection,201,449,0,171,380,0,0,0,551
22.402216034477426,recovery,786,449,0,170,381,0,0,0,551
22.409718132965548,infection,376,448,0,171,381,0,0,0,552
22.4178043710719,recovery,929,448,0,170,382,0,0,0,552
22.426283405136928,recovery,824,448,0,169,383,0,0,0,552
22.434080165791933,infection,535,447,0,170,383,0,0,0,553
22.451658008312542,infection,40,446,0,171,383,0,0,0,554
22.471123125229653,infection,638,445,0,172,383,0,0,0,555
22.482968562537106,recovery,252,445,0,171,384,0,0,0,555
22.528426262682604,recovery,40,445,0,170,385,0,0,0,555
22.601960792902823,recovery,38,445,0,169,386,0,0,0,555
22.60975485131443,recovery,517,445,0,168,387,0,0,0,555
22.612528865365647,infection,282,444,0,169,387,0,0,0,556
22.627346988645105,infection,222,443,0,170,387,0,0,0,557
22.63107570517945,recovery,790,443,0,169,388,0,0,0,557
22.665208878458483,infection,396,442,0,170,388,0,0,0,558
22.678718006337558,infection,380,441,0,171,388,0,0,0,559
22.702383409722394,infection,269,440,0,172,388,0,0,0,560
22.709628414821236,recovery,461,440,0,171,389,0,0,0,560
22.712645212238307,infection,161,439,0,172,389,0,0,0,561
22.721986351835945,recovery,388,439,0,171,390,0,0,0,561
22.723253869699274,recovery,821,439,0,170,391,0,0,0,561
22.73150395966273,infection,273,438,0,171,391,0,0,0,562
22.735590746525205,recovery,540,438,0,170,392,0,0,0,562
22.76512640422757,infection,42,437,0,171,392,0,0,0,563
22.772122029226214,recovery,288,437,0,170,393,0,0,0,563
22.79092168493988,recovery,452,437,0,169,394,0,0,0,563
22.795120389841443,recovery,476,437,0,168,395,0,0,0,563
22.823446091979275,infection,359,436,0,169,395,0,0,0,564
22.83073194423986,infection,662,435,0,170,395,0,0,0,565
22.835970013828057,infection,280,434,0,171,395,0,0,0,566
22.849997028548184,recovery,6,434,0,170,396,0,0,0,566
22.875956230607866,infection,693,433,0,171,396,0,0,0,567
22.878929271689497,recovery,934,433,0,170,397,0,0,0,567
22.879031517080623,recovery,964,433,0,169,398,0,0,0,567
22.88681784708899,recovery,134,433,0,168,399,0,0,0,567
22.92168522090533,recovery,41,433,0,167,400,0,0,0,567
22.924722742325386,recovery,175,433,0,166,401,0,0,0,567
22.92550992073303,infection,646,432,0,167,401,0,0,0,568
22.925563590793722,recovery,900,432,0,166,402,0,0,0,568
22.930043451185778,infection,533,431,0,167,402,0,0,0,569
22.930440238469533,infection,949,430,0,168,402,0,0,0,570
22.943273335637247,infection,375,429,0,169,402,0,0,0,571
22.944620453239974,recovery,878,429,0,168,403,0,0,0,571
22.983003450610163,recovery,204,429,0,167,404,0,0,0,571
22.99235547023444,recovery,916,429,0,166,405,0,0,0,571
22.99611265372086,recovery,883,429,0,165,406,0,0,0,571
23.016258601234014,infection,371,428,0,166,406,0,0,0,572
23.036646061946623,infection,832,427,0,167,406,0,0,0,573
23.04131566641337,recovery,646,427,0,166,407,0,0,0,573
23.055475661081207,recovery,22,427,0,165,408,0,0,0,573
23.066817125542897,recovery,190,427,0,164,409,0,0,0,573
23.141615574956216,infection,918,426,0,165,409,0,0,0,574
23.15507437125281,infection,989,425,0,166,409,0,0,0,575
23.160920617522216,recovery,528,425,0,165,410,0,0,0,575
23.163113855312147,infection,551,424,0,166,410,0,0,0,576
23.170215126897542,recovery,42,424,0,165,411,0,0,0,576
23.182411062523013,infection,860,423,0,166,411,0,0,0,577
23.205014425510257,infection,813,422,0,167,411,0,0,0,578
23.216648345347004,recovery,831,422,0,166,412,0,0,0,578
23.236397109975336,recovery,192,422,0,165,413,0,0,0,578
23.260547342670836,infection,727,421,0,166,413,0,0,0,579
23.269572062869262,infection,174,420,0,167,413,0,0,0,580
23.271270138432342,recovery,346,420,0,166,414,0,0,0,580
23.31940109482058,infection,511,419,0,167,414,0,0,0,581
23.348960814042048,recovery,180,419,0,166,415,0,0,0,581
23.35921315458333,recovery,802,419,0,165,416,0,0,0,581
23.36314134868245,infection,67,418,0,166,416,0,0,0,582
23.37227646375906,recovery,894,418,0,165,417,0,0,0,582
23.385404846934637,recovery,160,418,0,164,418,0,0,0,582
23.407334395787707,recovery,585,418,0,163,419,0,0,0,582
23.413361377200747,infection,731,417,0,164,419,0,0,0,583
23.417456572331915,recovery,716,417,0,163,420,0,0,0,583
23.421312491225965,recovery,244,417,0,162,421,0,0,0,583
23.444279828955917,infection,387,416,0,163,421,0,0,0,584
23.464296593812428,recovery,94,416,0,162,422,0,0,0,584
23.466174353931656,recovery,603,416,0,161,423,0,0,0,584
23.476393101429966,recovery,879,416,0,160,424,0,0,0,584
23.482800658347557,infection,99,415,0,161,424,0,0,0,585
23.497243798117413,infection,538,414,0,162,424,0,0,0,586
23.50640858875523,infection,703,413,0,163,424,0,0,0,587
23.506739338796137,infection,593,412,0,164,424,0,0,0,588
23.50917867646853,infection,927,411,0,165,424,0,0,0,589
23.51104752961214,infection,622,410,0,166,424,0,0,0,590
23.526576539052847,recovery,640,410,0,165,425,0,0,0,590
23.52744625696045,recovery,48,410,0,164,426,0,0,0,590
23.538644617364167,recovery,483,410,0,163,427,0,0,0,590
23.540751150726283,recovery,339,410,0,162,428,0,0,0,590
23.5487530426514,infection,750,409,0,163,428,0,0,0,591
23.563007134842294,infection,475,408,0,164,428,0,0,0,592
23.565687854631044,recovery,695,408,0,163,429,0,0,0,592
23.56774631293011,infection,664,407,0,164,429,0,0,0,593
23.57343787512933,infection,633,406,0,165,429,0,0,0,594
23.573602567804933,infection,743,405,0,166,429,0,0,0,595
23.590377828039816,recovery,248,405,0,165,430,0,0,0,595
23.60930190122866,recovery,462,405,0,164,431,0,0,0,595
23.619376519509327,infection,352,404,0,165,431,0,0,0,596
23.64164089504636,infection,841,403,0,166,431,0,0,0,597
23.64429465207673,recovery,930,403,0,165,432,0,0,0,597
23.650275751000265,infection,867,402,0,166,432,0,0,0,598
23.650986534300948,recovery,662,402,0,165,433,0,0,0,598
23.654564258264028,recovery,211,402,0,164,434,0,0,0,598
23.683182193651657,recovery,23,402,0,163,435,0,0,0,598
23.684593763387763,infection,210,401,0,164,435,0,0,0,599
23.6863770905265,recovery,511,401,0,163,436,0,0,0,599
23.689765243963116,recovery,927,401,0,162,437,0,0,0,599
23.71596644852234,recovery,272,401,0,161,438,0,0,0,599
23.73209295617479,recovery,721,401,0,160,439,0,0,0,599
23.75194555550127,infection,464,400,0,161,439,0,0,0,600
23.76547646709083,infection,459,399,0,162,439,0,0,0,601
23.770658118423327,infection,207,398,0,163,439,0,0,0,602
23.771861101360255,infection,605,397,0,164,439,0,0,0,603
23.778152013354834,recovery,748,397,0,163,440,0,0,0,603
23.81347515684749,recovery,234,397,0,162,441,0,0,0,603
23.81401786916767,infection,309,396,0,163,441,0,0,0,604
23.832939017622014,infection,95,395,0,164,441,0,0,0,605
23.83377827464647,recovery,421,395,0,163,442,0,0,0,605
23.868941513766064,infection,104,394,0,164,442,0,0,0,606
23.873754404098335,infection,943,393,0,165,442,0,0,0,607
23.877082768571213,recovery,292,393,0,164,443,0,0,0,607
23.90279675653773,infection,672,392,0,165,443,0,0,0,608
23.903267935806035,recovery,89,392,0,164,444,0,0,0,608
23.922219763934024,infection,594,391,0,165,444,0,0,0,609
23.93094059335006,recovery,984,391,0,164,445,0,0,0,609
23.93326348507341,infection,800,390,0,165,445,0,0,0,610
23.945654975528786,infection,729,389,0,166,445,0,0,0,611
23.966051884593895,infection,399,388,0,167,445,0,0,0,612
23.973809308302155,recovery,132,388,0,166,446,0,0,0,612
23.988833798028512,infection,950,387,0,167,446,0,0,0,613
24.012022190599787,recovery,194,387,0,166,447,0,0,0,613
24.032475114136503,recovery,832,387,0,165,448,0,0,0,613
24.062003708951643,recovery,727,387,0,164,449,0,0,0,613
24.106580101391415,infection,710,386,0,165,449,0,0,0,614
24.1592280473721,infection,612,385,0,166,449,0,0,0,615
24.16732892490964,recovery,246,385,0,165,450,0,0,0,615
24.217379128760278,infection,488,384,0,166,450,0,0,0,616
24.22858851564589,infection,614,383,0,167,450,0,0,0,617
24.257956344738204,recovery,743,383,0,166,451,0,0,0,617
24.26685265003917,recovery,459,383,0,165,452,0,0,0,617
24.306744496753733,infection,763,382,0,166,452,0,0,0,618
24.332436440055098,recovery,371,382,0,165,453,0,0,0,618
24.33264301647471,infection,674,381,0,166,453,0,0,0,619
24.37111662222517,recovery,902,381,0,165,454,0,0,0,619
24.37212491802693,infection,76,380,0,166,454,0,0,0,620
24.4093581392969,recovery,426,380,0,165,455,0,0,0,620
24.477220981883782,recovery,605,380,0,164,456,0,0,0,620
24.480767508901877,recovery,95,380,0,163,457,0,0,0,620
24.497824832269348,recovery,473,380,0,162,458,0,0,0,620
24.50862072782158,recovery,378,380,0,161,459,0,0,0,620
24.529355588351926,recovery,931,380,0,160,460,0,0,0,620
24.532566555704577,infection,845,379,0,161,460,0,0,0,621
24.560052810930028,recovery,67,379,0,160,461,0,0,0,621
24.56390734913133,recovery,399,379,0,159,462,0,0,0,621
24.570165428958262,recovery,59,379,0,158,463,0,0,0,621
24.58084932593296,infection,720,378,0,159,463,0,0,0,622
24.61220073260317,recovery,667,378,0,158,464,0,0,0,622
24.635245857162502,recovery,163,378,0,157,465,0,0,0,622
24.639946704505874,infection,504,377,0,158,465,0,0,0,623
24.683208736810347,recovery,841,377,0,157,466,0,0,0,623
24.692124976653588,infection,347,376,0,158,466,0,0,0,624
24.692411073856782,recovery,347,376,0,157,467,0,0,0,624
24.69399420878995,recovery,989,376,0,156,468,0,0,0,624
24.706881352853934,recovery,638,376,0,155,469,0,0,0,624
24.717991415107196,recovery,207,376,0,154,470,0,0,0,624
24.723626125595,recovery,356,376,0,153,471,0,0,0,624
24.723945726088193,recovery,242,376,0,152,472,0,0,0,624
24.75017588689855,infection,532,375,0,153,472,0,0,0,625
24.765532456174498,infection,44,374,0,154,472,0,0,0,626
24.769126563650204,infection,308,373,0,155,472,0,0,0,627
24.78502399782479,recovery,963,373,0,154,473,0,0,0,627
24.78793589150133,infection,19,372,0,155,473,0,0,0,628
24.8103058357023,infection,649,371,0,156,473,0,0,0,629
24.826542590956702,infection,874,370,0,157,473,0,0,0,630
24.834159932573318,infection,522,369,0,158,473,0,0,0,631
24.839454473472916,infection,515,368,0,159,473,0,0,0,632
24.845394755423676,recovery,710,368,0,158,474,0,0,0,632
24.849916195056323,infection,724,367,0,159,474,0,0,0,633
24.851403637648772,recovery,19,367,0,158,475,0,0,0,633
24.852478810610837,infection,694,366,0,159,475,0,0,0,634
24.859027651797252,recovery,675,366,0,158,476,0,0,0,634
24.92733600788835,recovery,189,366,0,157,477,0,0,0,634
24.991507763672477,recovery,201,366,0,156,478,0,0,0,634
24.99740817718834,recovery,606,366,0,155,479,0,0,0,634
25.010895906224615,infection,799,365,0,156,479,0,0,0,635
25.069580919792802,recovery,533,365,0,155,480,0,0,0,635
25.07974848396169,recovery,818,365,0,154,481,0,0,0,635
25.079750008269247,recovery,532,365,0,153,482,0,0,0,635
25.104101588677537,recovery,464,365,0,152,483,0,0,0,635
25.15127647760939,infection,305,364,0,153,483,0,0,0,636
25.17378301424281,recovery,358,364,0,152,484,0,0,0,636
25.191655736222554,recovery,515,364,0,151,485,0,0,0,636
25.204937827279263,recovery,380,364,0,150,486,0,0,0,636
25.216746464809596,infection,102,363,0,151,486,0,0,0,637
25.23597675263735,infection,412,362,0,152,486,0,0,0,638
25.28030071109275,recovery,430,362,0,151,487,0,0,0,638
25.299742444187356,recovery,694,362,0,150,488,0,0,0,638
25.30582993475858,infection,787,361,0,151,488,0,0,0,639
25.339371680242888,recovery,912,361,0,150,489,0,0,0,639
25.369446987625537,infection,935,360,0,151,489,0,0,0,640
25.373471055631825,recovery,343,360,0,150,490,0,0,0,640
25.400657406227925,recovery,672,360,0,149,491,0,0,0,640
25.415564748664234,recovery,952,360,0,148,492,0,0,0,640
25.44706132025359,infection,84,359,0,149,492,0,0,0,641
25.46219204680191,recovery,402,359,0,148,493,0,0,0,641
25.53272694302577,recovery,622,359,0,147,494,0,0,0,641
25.5345075204184,recovery,318,359,0,146,495,0,0,0,641
25.569082066261938,infection,444,358,0,147,495,0,0,0,642
25.583655732404136,recovery,859,358,0,146,496,0,0,0,642
25.63506471035797,infection,889,357,0,147,496,0,0,0,643
25.652345593186325,recovery,889,357,0,146,497,0,0,0,643
25.679165983579924,infection,651,356,0,147,497,0,0,0,644
25.68374372089815,infection,856,355,0,148,497,0,0,0,645
25.715361137699063,recovery,553,355,0,147,498,0,0,0,645
25.739462877729743,recovery,436,355,0,146,499,0,0,0,645
25.744995050401986,infection,335,354,0,147,499,0,0,0,646
25.766567000684223,recovery,777,354,0,146,500,0,0,0,646
25.78279965234076,infection,57,353,0,147,500,0,0,0,647
25.784348596854244,recovery,494,353,0,146,501,0,0,0,647
25.809179851496665,infection,548,352,0,147,501,0,0,0,648
25.84256658011881,infection,951,351,0,148,501,0,0,0,649
25.86771806211998,recovery,269,351,0,147,502,0,0,0,649
25.892433105916325,infection,962,350,0,148,502,0,0,0,650
25.894561460561725,recovery,335,350,0,147,503,0,0,0,650
25.90219741311317,recovery,113,350,0,146,504,0,0,0,650
25.92934771307617,recovery,981,350,0,145,505,0,0,0,650
25.936432100798136,recovery,412,350,0,144,506,0,0,0,650
25.9718069564566,recovery,935,350,0,143,507,0,0,0,650
25.986881429607273,recovery,187,350,0,142,508,0,0,0,650
26.048434677248757,recovery,739,350,0,141,509,0,0,0,650
26.051943706927325,recovery,479,350,0,140,510,0,0,0,650
26.056059984415363,infection,837,349,0,141,510,0,0,0,651
26.10624116179136,infection,785,348,0,142,510,0,0,0,652
26.134783307687414,recovery,210,348,0,141,511,0,0,0,652
26.164806631045074,recovery,962,348,0,140,512,0,0,0,652
26.185072593055153,recovery,514,348,0,139,513,0,0,0,652
26.220964050270812,recovery,522,348,0,138,514,0,0,0,652
26.243714449459787,recovery,152,348,0,137,515,0,0,0,652
26.2508315797348,infection,259,347,0,138,515,0,0,0,653
26.26236485083996,infection,734,346,0,139,515,0,0,0,654
26.30357577834902,infection,937,345,0,140,515,0,0,0,655
26.31509994700317,infection,401,344,0,141,515,0,0,0,656
26.316238017250633,recovery,174,344,0,140,516,0,0,0,656
26.337878575130382,recovery,30,344,0,139,517,0,0,0,656
26.368495255674098,recovery,568,344,0,138,518,0,0,0,656
26.388181649512454,recovery,943,344,0,137,519,0,0,0,656
26.40630659651386,infection,698,343,0,138,519,0,0,0,657
26.456272990387664,infection,250,342,0,139,519,0,0,0,658
26.471167835252714,infection,350,341,0,140,519,0,0,0,659
26.476225508691535,infection,109,340,0,141,519,0,0,0,660
26.483428465272038,infection,431,339,0,142,519,0,0,0,661
26.555507801143488,infection,5,338,0,143,519,0,0,0,662
26.567740771576652,recovery,612,338,0,142,520,0,0,0,662
26.570173312084098,recovery,488,338,0,141,521,0,0,0,662
26.61024662626183,infection,827,337,0,142,521,0,0,0,663
26.619570558769663,infection,689,336,0,143,521,0,0,0,664
26.706025449096412,recovery,84,336,0,142,522,0,0,0,664
26.75604289088022,recovery,787,336,0,141,523,0,0,0,664
26.8082205291141,recovery,129,336,0,140,524,0,0,0,664
26.82045503445032,recovery,510,336,0,139,525,0,0,0,664
26.83261329757243,infection,65,335,0,140,525,0,0,0,665
26.833614912077664,recovery,184,335,0,139,526,0,0,0,665
26.85916845868403,infection,124,334,0,140,526,0,0,0,666
26.862009034699263,recovery,58,334,0,139,527,0,0,0,666
26.897993999545164,infection,839,333,0,140,527,0,0,0,667
26.90991926415284,recovery,730,333,0,139,528,0,0,0,667
26.912526761480425,recovery,161,333,0,138,529,0,0,0,667
26.91380133431102,recovery,689,333,0,137,530,0,0,0,667
26.931509942710257,recovery,627,333,0,136,531,0,0,0,667
26.934208241314927,infection,768,332,0,137,531,0,0,0,668
26.945902834629145,recovery,504,332,0,136,532,0,0,0,668
26.948881089353897,recovery,5,332,0,135,533,0,0,0,668
26.962655647213825,recovery,649,332,0,134,534,0,0,0,668
26.988399131395855,recovery,697,332,0,133,535,0,0,0,668
27.01736548685112,recovery,838,332,0,132,536,0,0,0,668
27.050958327901654,infection,635,331,0,133,536,0,0,0,669
27.062758204967967,infection,460,330,0,134,536,0,0,0,670
27.06895443179458,recovery,297,330,0,133,537,0,0,0,670
27.070719872709205,recovery,626,330,0,132,538,0,0,0,670
27.070946715069724,recovery,608,330,0,131,539,0,0,0,670
27.077255860114164,infection,503,329,0,132,539,0,0,0,671
27.0892355934834,infection,276,328,0,133,539,0,0,0,672
27.14925791900224,recovery,948,328,0,132,540,0,0,0,672
27.173491195183278,infection,805,327,0,133,540,0,0,0,673
27.178399388411858,infection,154,326,0,134,540,0,0,0,674
27.189594465556613,recovery,419,326,0,133,541,0,0,0,674
27.196226265094072,infection,377,325,0,134,541,0,0,0,675
27.19698545370079,infection,170,324,0,135,541,0,0,0,676
27.199816539447248,infection,781,323,0,136,541,0,0,0,677
27.212399482362652,recovery,720,323,0,135,542,0,0,0,677
27.21527537468248,recovery,305,323,0,134,543,0,0,0,677
27.22481175339146,infection,496,322,0,135,543,0,0,0,678
27.250353152838183,infection,844,321,0,136,543,0,0,0,679
27.254098034582334,recovery,783,321,0,135,544,0,0,0,679
27.337182793972588,recovery,260,321,0,134,545,0,0,0,679
27.353510522241976,recovery,308,321,0,133,546,0,0,0,679
27.356599274793602,recovery,387,321,0,132,547,0,0,0,679
27.361770399068867,recovery,444,321,0,131,548,0,0,0,679
27.396306611659366,recovery,584,321,0,130,549,0,0,0,679
27.400642699749824,recovery,561,321,0,129,550,0,0,0,679
27.405819312292763,infection,518,320,0,130,550,0,0,0,680
27.412324355130593,recovery,827,320,0,129,551,0,0,0,680
27.478596250156286,recovery,901,320,0,128,552,0,0,0,680
27.50037322383396,recovery,652,320,0,127,553,0,0,0,680
27.50280550306619,recovery,376,320,0,126,554,0,0,0,680
27.519877656070882,infection,117,319,0,127,554,0,0,0,681
27.527315258047103,infection,35,318,0,128,554,0,0,0,682
27.531298252396102,infection,663,317,0,129,554,0,0,0,683
27.545542506587235,recovery,76,317,0,128,555,0,0,0,683
27.568566171317453,recovery,326,317,0,127,556,0,0,0,683
27.572719218139277,recovery,141,317,0,126,557,0,0,0,683
27.574760503907033,recovery,222,317,0,125,558,0,0,0,683
27.585249563186597,recovery,377,317,0,124,559,0,0,0,683
27.617953609479223,infection,744,316,0,125,559,0,0,0,684
27.632290015645225,recovery,693,316,0,124,560,0,0,0,684
27.64764939381495,recovery,182,316,0,123,561,0,0,0,684
27.670930113584163,recovery,750,316,0,122,562,0,0,0,684
27.68861024491462,recovery,539,316,0,121,563,0,0,0,684
27.69299759280596,recovery,651,316,0,120,564,0,0,0,684
27.695433825335428,infection,591,315,0,121,564,0,0,0,685
27.703457500719892,infection,17,314,0,122,564,0,0,0,686
27.732214081749007,infection,413,313,0,123,564,0,0,0,687
27.734203264869524,recovery,657,313,0,122,565,0,0,0,687
27.787805388418413,infection,487,312,0,123,565,0,0,0,688
27.793369976155706,recovery,837,312,0,122,566,0,0,0,688
27.803760724129546,infection,188,311,0,123,566,0,0,0,689
27.810065701298857,infection,457,310,0,124,566,0,0,0,690
27.836983689372857,recovery,350,310,0,123,567,0,0,0,690
27.85704916041672,recovery,785,310,0,122,568,0,0,0,690
27.868645443587106,recovery,353,310,0,121,569,0,0,0,690
27.872369167682194,recovery,198,310,0,120,570,0,0,0,690
27.874452683996573,recovery,117,310,0,119,571,0,0,0,690
27.898115848754216,recovery,57,310,0,118,572,0,0,0,690
27.90258155271306,recovery,746,310,0,117,573,0,0,0,690
27.928713895225584,recovery,359,310,0,116,574,0,0,0,690
27.956641216185783,recovery,124,310,0,115,575,0,0,0,690
27.97532077745848,recovery,920,310,0,114,576,0,0,0,690
28.003888524951375,infection,145,309,0,115,576,0,0,0,691
28.064040795009966,infection,254,308,0,116,576,0,0,0,692
28.120465029766386,infection,285,307,0,117,576,0,0,0,693
28.127685588650003,infection,206,306,0,118,576,0,0,0,694
28.139264308749716,infection,917,305,0,119,576,0,0,0,695
28.14876041842382,recovery,949,305,0,118,577,0,0,0,695
28.18135557515684,recovery,719,305,0,117,578,0,0,0,695
28.209580139687862,recovery,744,305,0,116,579,0,0,0,695
28.221085776898725,recovery,844,305,0,115,580,0,0,0,695
28.262105431018025,recovery,373,305,0,114,581,0,0,0,695
28.282744556213828,infection,590,304,0,115,581,0,0,0,696
28.306874925870506,infection,655,303,0,116,581,0,0,0,697
28.319348438411016,recovery,655,303,0,115,582,0,0,0,697
28.348525860292042,infection,337,302,0,116,582,0,0,0,698
28.363600833843584,recovery,375,302,0,115,583,0,0,0,698
28.370111824684493,infection,406,301,0,116,583,0,0,0,699
28.4011603056663,infection,214,300,0,117,583,0,0,0,700
28.412863797883343,infection,987,299,0,118,583,0,0,0,701
28.4212794532812,recovery,987,299,0,117,584,0,0,0,701
28.436554191374164,recovery,60,299,0,116,585,0,0,0,701
28.489137233866295,recovery,853,299,0,115,586,0,0,0,701
28.50072004988771,recovery,159,299,0,114,587,0,0,0,701
28.538631468664715,recovery,250,299,0,113,588,0,0,0,701
28.558817125319116,recovery,781,299,0,112,589,0,0,0,701
28.559494518105865,recovery,664,299,0,111,590,0,0,0,701
28.63092307454157,recovery,614,299,0,110,591,0,0,0,701
28.66599477122789,infection,808,298,0,111,591,0,0,0,702
28.72490152732609,infection,213,297,0,112,591,0,0,0,703
28.729285887018513,recovery,577,297,0,111,592,0,0,0,703
28.750417938873824,recovery,282,297,0,110,593,0,0,0,703
28.816182914213535,recovery,760,297,0,109,594,0,0,0,703
28.837210544938987,recovery,203,297,0,108,595,0,0,0,703
28.840835951244035,recovery,918,297,0,107,596,0,0,0,703
28.846255384914485,infection,688,296,0,108,596,0,0,0,704
28.92291279783742,recovery,431,296,0,107,597,0,0,0,704
28.96516617056669,infection,567,295,0,108,597,0,0,0,705
29.041118970640824,recovery,17,295,0,107,598,0,0,0,705
29.057230678695493,recovery,285,295,0,106,599,0,0,0,705
29.072697576034127,recovery,439,295,0,105,600,0,0,0,705
29.084836984473107,recovery,599,295,0,104,601,0,0,0,705
29.154066962634882,infection,422,294,0,105,601,0,0,0,706
29.171752539334733,recovery,594,294,0,104,602,0,0,0,706
29.218844251892797,recovery,548,294,0,103,603,0,0,0,706
29.230495785061805,recovery,896,294,0,102,604,0,0,0,706
29.250730070535788,recovery,558,294,0,101,605,0,0,0,706
29.2588768058855,recovery,109,294,0,100,606,0,0,0,706
29.283890853385714,recovery,179,294,0,99,607,0,0,0,706
29.36068809416467,recovery,460,294,0,98,608,0,0,0,706
29.395251997517335,recovery,313,294,0,97,609,0,0,0,706
29.413072531371224,infection,686,293,0,98,609,0,0,0,707
29.46348954791346,infection,287,292,0,99,609,0,0,0,708
29.508256710865584,recovery,688,292,0,98,610,0,0,0,708
29.51935504781845,infection,506,291,0,99,610,0,0,0,709
29.57901852858662,infection,128,290,0,100,610,0,0,0,710
29.594158066115074,recovery,874,290,0,99,611,0,0,0,710
29.595949436226796,recovery,845,290,0,98,612,0,0,0,710
29.617326162878467,recovery,951,290,0,97,613,0,0,0,710
29.678348901231324,recovery,406,290,0,96,614,0,0,0,710
29.684915420662634,recovery,456,290,0,95,615,0,0,0,710
29.7261617606989,infection,990,289,0,96,615,0,0,0,711
29.855092293754037,infection,235,288,0,97,615,0,0,0,712
29.86513455981,recovery,768,288,0,96,616,0,0,0,712
29.873530628599568,infection,826,287,0,97,616,0,0,0,713
29.925745694963183,recovery,990,287,0,96,617,0,0,0,713
29.942938808165973,recovery,441,287,0,95,618,0,0,0,713
29.96310067547715,recovery,729,287,0,94,619,0,0,0,713
29.98328977893534,infection,600,286,0,95,619,0,0,0,714
30.05327750801899,recovery,633,286,0,94,620,0,0,0,714
30.11031851424982,recovery,734,286,0,93,621,0,0,0,714
30.11050074296292,recovery,102,286,0,92,622,0,0,0,714
30.13181911295448,infection,650,285,0,93,622,0,0,0,715
30.179862130119005,recovery,538,285,0,92,623,0,0,0,715
30.209461850205823,recovery,299,285,0,91,624,0,0,0,715
30.2277342564197,infection,168,284,0,92,624,0,0,0,716
30.275148913359246,infection,283,283,0,93,624,0,0,0,717
30.31109518237412,recovery,176,283,0,92,625,0,0,0,717
30.43751472254201,infection,405,282,0,93,625,0,0,0,718
30.502727161260086,recovery,678,282,0,92,626,0,0,0,718
30.506917700707174,infection,944,281,0,93,626,0,0,0,719
30.519667199416283,recovery,154,281,0,92,627,0,0,0,719
30.56792825168435,recovery,409,281,0,91,628,0,0,0,719
30.588638216691585,infection,636,280,0,92,628,0,0,0,720
30.635145828711487,recovery,525,280,0,91,629,0,0,0,720
30.662422982597075,recovery,213,280,0,90,630,0,0,0,720
30.732268854130755,recovery,65,280,0,89,631,0,0,0,720
30.74451211790971,recovery,869,280,0,88,632,0,0,0,720
30.75041676064301,recovery,800,280,0,87,633,0,0,0,720
30.831287639639733,recovery,671,280,0,86,634,0,0,0,720
30.867228241523435,recovery,950,280,0,85,635,0,0,0,720
30.98135432660757,infection,131,279,0,86,635,0,0,0,721
31.014674104786657,recovery,663,279,0,85,636,0,0,0,721
31.017501314609305,recovery,731,279,0,84,637,0,0,0,721
31.043501867228514,recovery,280,279,0,83,638,0,0,0,721
31.07070656574166,recovery,503,279,0,82,639,0,0,0,721
31.094409827546194,infection,229,278,0,83,639,0,0,0,722
31.124388456628026,recovery,475,278,0,82,640,0,0,0,722
31.16566041974885,recovery,944,278,0,81,641,0,0,0,722
31.167113155009908,recovery,188,278,0,80,642,0,0,0,722
31.20494161421463,recovery,338,278,0,79,643,0,0,0,722
31.321771867723825,recovery,128,278,0,78,644,0,0,0,722
31.3224337340154,infection,54,277,0,79,644,0,0,0,723
31.34151615663928,recovery,107,277,0,78,645,0,0,0,723
31.372700482445396,infection,751,276,0,79,645,0,0,0,724
31.40068723163776,recovery,674,276,0,78,646,0,0,0,724
31.465832718415978,infection,970,275,0,79,646,0,0,0,725
31.497091762558675,recovery,33,275,0,78,647,0,0,0,725
31.519886891296245,infection,27,274,0,79,647,0,0,0,726
31.52717659844804,recovery,635,274,0,78,648,0,0,0,726
31.53450520912714,recovery,405,274,0,77,649,0,0,0,726
31.537246140503417,infection,423,273,0,78,649,0,0,0,727
31.54511562371202,recovery,99,273,0,77,650,0,0,0,727
31.585667531449914,recovery,852,273,0,76,651,0,0,0,727
31.595516655492176,recovery,702,273,0,75,652,0,0,0,727
31.606912100557114,recovery,214,273,0,74,653,0,0,0,727
31.651987570149732,infection,304,272,0,75,653,0,0,0,728
31.65846040018491,recovery,422,272,0,74,654,0,0,0,728
31.660489197205287,recovery,165,272,0,73,655,0,0,0,728
31.667294813017605,infection,440,271,0,74,655,0,0,0,729
31.700681718468584,recovery,917,271,0,73,656,0,0,0,729
31.734265911465712,recovery,104,271,0,72,657,0,0,0,729
31.74470059098854,infection,472,270,0,73,657,0,0,0,730
31.864176497194286,infection,370,269,0,74,657,0,0,0,731
31.91436698500596,recovery,600,269,0,73,658,0,0,0,731
31.988950888252216,recovery,856,269,0,72,659,0,0,0,731
32.145291697201245,infection,191,268,0,73,659,0,0,0,732
32.206719014088556,infection,604,267,0,74,659,0,0,0,733
32.23988920155094,recovery,703,267,0,73,660,0,0,0,733
32.2533534549796,recovery,44,267,0,72,661,0,0,0,733
32.27480279794251,infection,256,266,0,73,661,0,0,0,734
32.307729628382944,recovery,763,266,0,72,662,0,0,0,734
32.312067912970825,recovery,518,266,0,71,663,0,0,0,734
32.32750808570506,recovery,309,266,0,70,664,0,0,0,734
32.44823306078404,recovery,698,266,0,69,665,0,0,0,734
32.495733085312544,infection,357,265,0,70,665,0,0,0,735
32.50194869003109,recovery,254,265,0,69,666,0,0,0,735
32.50472020444033,recovery,535,265,0,68,667,0,0,0,735
32.516005185021704,infection,819,264,0,69,667,0,0,0,736
32.59389518119418,infection,851,263,0,70,667,0,0,0,737
32.65464147277033,recovery,27,263,0,69,668,0,0,0,737
32.69618307280778,recovery,808,263,0,68,669,0,0,0,737
32.71213823383031,recovery,304,263,0,67,670,0,0,0,737
32.72449424917296,recovery,170,263,0,66,671,0,0,0,737
32.74879015771364,recovery,183,263,0,65,672,0,0,0,737
32.765542866376784,recovery,567,263,0,64,673,0,0,0,737
32.90672617792964,infection,68,262,0,65,673,0,0,0,738
33.00856927789234,infection,526,261,0,66,673,0,0,0,739
33.01240550153373,infection,892,260,0,67,673,0,0,0,740
33.05477861909036,recovery,457,260,0,66,674,0,0,0,740
33.095449243287185,infection,639,259,0,67,674,0,0,0,741
33.1608486876223,recovery,357,259,0,66,675,0,0,0,741
33.25016471373727,infection,294,258,0,67,675,0,0,0,742
33.262921844521046,recovery,472,258,0,66,676,0,0,0,742
33.2685875351749,recovery,49,258,0,65,677,0,0,0,742
33.26966222704862,infection,701,257,0,66,677,0,0,0,743
33.27714268956574,recovery,871,257,0,65,678,0,0,0,743
33.278357672297304,infection,415,256,0,66,678,0,0,0,744
33.38387076936089,recovery,851,256,0,65,679,0,0,0,744
33.424669174931424,recovery,826,256,0,64,680,0,0,0,744
33.45118492317961,infection,395,255,0,65,680,0,0,0,745
33.45571091898067,recovery,799,255,0,64,681,0,0,0,745
33.50917765475498,recovery,148,255,0,63,682,0,0,0,745
33.530566316946995,infection,255,254,0,64,682,0,0,0,746
33.53105291235734,recovery,401,254,0,63,683,0,0,0,746
33.56898194357146,recovery,68,254,0,62,684,0,0,0,746
33.594715923546325,infection,365,253,0,63,684,0,0,0,747
33.60575277374949,recovery,692,253,0,62,685,0,0,0,747
33.65979687455181,infection,747,252,0,63,685,0,0,0,748
33.69922461957938,infection,122,251,0,64,685,0,0,0,749
33.74644375008668,recovery,131,251,0,63,686,0,0,0,749
33.75783463838369,recovery,909,251,0,62,687,0,0,0,749
33.77006674654321,infection,72,250,0,63,687,0,0,0,750
33.7847035654951,infection,758,249,0,64,687,0,0,0,751
33.86107121877717,infection,321,248,0,65,687,0,0,0,752
33.93343436293674,recovery,650,248,0,64,688,0,0,0,752
33.939892019270935,recovery,496,248,0,63,689,0,0,0,752
33.97313137837263,recovery,3,248,0,62,690,0,0,0,752
34.02283522112067,recovery,870,248,0,61,691,0,0,0,752
34.1004466357896,recovery,487,248,0,60,692,0,0,0,752
34.11684867194608,infection,334,247,0,61,692,0,0,0,753
34.258247482022114,infection,240,246,0,62,692,0,0,0,754
34.35129807134084,recovery,54,246,0,61,693,0,0,0,754
34.35162761418973,recovery,145,246,0,60,694,0,0,0,754
34.38164278128734,recovery,229,246,0,59,695,0,0,0,754
34.3859688750928,recovery,255,246,0,58,696,0,0,0,754
34.411219967986305,infection,45,245,0,59,696,0,0,0,755
34.51684210898443,recovery,761,245,0,58,697,0,0,0,755
34.54079465449005,recovery,414,245,0,57,698,0,0,0,755
34.564261446324224,recovery,276,245,0,56,699,0,0,0,755
34.68490804182745,recovery,321,245,0,55,700,0,0,0,755
34.69231652128477,recovery,415,245,0,54,701,0,0,0,755
34.71932717366082,recovery,937,245,0,53,702,0,0,0,755
34.72612461029485,infection,752,244,0,54,702,0,0,0,756
34.83537404863425,recovery,259,244,0,53,703,0,0,0,756
34.85958398712118,recovery,365,244,0,52,704,0,0,0,756
34.979678577664714,recovery,45,244,0,51,705,0,0,0,756
34.98937525225303,infection,368,243,0,52,705,0,0,0,757
35.082798977450025,recovery,440,243,0,51,706,0,0,0,757
35.207740857889966,recovery,970,243,0,50,707,0,0,0,757
35.28023637533195,recovery,413,243,0,49,708,0,0,0,757
35.290674080201825,recovery,334,243,0,48,709,0,0,0,757
35.40519844512348,recovery,604,243,0,47,710,0,0,0,757
35.42462190965264,infection,8,242,0,48,710,0,0,0,758
35.45336784295946,recovery,122,242,0,47,711,0,0,0,758
35.63021884188047,infection,574,241,0,48,711,0,0,0,759
35.64077335380553,recovery,813,241,0,47,712,0,0,0,759
35.728684375417096,recovery,615,241,0,46,713,0,0,0,759
35.75837884956563,infection,114,240,0,47,713,0,0,0,760
35.81805022050117,recovery,256,240,0,46,714,0,0,0,760
35.85075457425931,recovery,819,240,0,45,715,0,0,0,760
35.87514627009963,recovery,593,240,0,44,716,0,0,0,760
35.88566151412628,infection,932,239,0,45,716,0,0,0,761
35.92454164341846,recovery,16,239,0,44,717,0,0,0,761
35.96972507432263,recovery,352,239,0,43,718,0,0,0,761
36.00833948359111,recovery,114,239,0,42,719,0,0,0,761
36.06933985830114,recovery,370,239,0,41,720,0,0,0,761
36.302632445963475,recovery,72,239,0,40,721,0,0,0,761
36.48036808147424,infection,362,238,0,41,721,0,0,0,762
36.557400164892975,recovery,758,238,0,40,722,0,0,0,762
36.60622158978756,recovery,368,238,0,39,723,0,0,0,762
36.796267848007346,infection,7,237,0,40,723,0,0,0,763
36.851155573712326,recovery,747,237,0,39,724,0,0,0,763
36.95967989839433,infection,762,236,0,40,724,0,0,0,764
37.07108186031399,recovery,7,236,0,39,725,0,0,0,764
37.09042727636584,infection,572,235,0,40,725,0,0,0,765
37.19642109781775,infection,967,234,0,41,725,0,0,0,766
37.293650671719405,infection,390,233,0,42,725,0,0,0,767
37.31738950328334,infection,13,232,0,43,725,0,0,0,768
37.430557821197354,recovery,724,232,0,42,726,0,0,0,768
37.4916054976936,infection,105,231,0,43,726,0,0,0,769
37.50056188206104,infection,438,230,0,44,726,0,0,0,770
37.70718532380173,recovery,574,230,0,43,727,0,0,0,770
37.859692062771835,recovery,839,230,0,42,728,0,0,0,770
37.93929719306078,recovery,283,230,0,41,729,0,0,0,770
37.99149287032677,recovery,686,230,0,40,730,0,0,0,770
37.998069064283186,recovery,967,230,0,39,731,0,0,0,770
38.044440335192434,recovery,287,230,0,38,732,0,0,0,770
38.077758839819424,recovery,273,230,0,37,733,0,0,0,770
38.10051035187255,infection,382,229,0,38,733,0,0,0,771
38.28252902502782,infection,64,228,0,39,733,0,0,0,772
38.30211720223011,infection,696,227,0,40,733,0,0,0,773
38.567137912684544,recovery,390,227,0,39,734,0,0,0,773
38.74749733351113,infection,384,226,0,40,734,0,0,0,774
38.760636559729726,recovery,337,226,0,39,735,0,0,0,774
39.00751460175627,recovery,526,226,0,38,736,0,0,0,774
39.04791754313627,infection,732,225,0,39,736,0,0,0,775
39.19915400138672,recovery,423,225,0,38,737,0,0,0,775
39.22529852898398,recovery,8,225,0,37,738,0,0,0,775
39.40924950512524,recovery,438,225,0,36,739,0,0,0,775
39.4266745190832,infection,12,224,0,37,739,0,0,0,776
39.60277662362112,recovery,105,224,0,36,740,0,0,0,776
39.84285574293904,recovery,892,224,0,35,741,0,0,0,776
39.84581380793816,recovery,191,224,0,34,742,0,0,0,776
39.853441365131474,recovery,35,224,0,33,743,0,0,0,776
39.85406079680608,recovery,384,224,0,32,744,0,0,0,776
39.889043693020454,recovery,168,224,0,31,745,0,0,0,776
39.9358036803528,infection,241,223,0,32,745,0,0,0,777
40.005812078569136,recovery,64,223,0,31,746,0,0,0,777
40.05675084208991,recovery,12,223,0,30,747,0,0,0,777
40.086432255072275,recovery,805,223,0,29,748,0,0,0,777
40.24080356823424,recovery,551,223,0,28,749,0,0,0,777
40.25781581134402,recovery,860,223,0,27,750,0,0,0,777
40.76477451659175,infection,582,222,0,28,750,0,0,0,778
40.8321986478235,infection,231,221,0,29,750,0,0,0,779
40.869456948962636,recovery,235,221,0,28,751,0,0,0,779
40.886618038406525,recovery,966,221,0,27,752,0,0,0,779
41.13574277893876,infection,110,220,0,28,752,0,0,0,780
41.15927628902882,infection,717,219,0,29,752,0,0,0,781
41.167910886352445,infection,676,218,0,30,752,0,0,0,782
41.54966527435697,infection,982,217,0,31,752,0,0,0,783
41.68164554989235,infection,861,216,0,32,752,0,0,0,784
41.750288935017934,recovery,701,216,0,31,753,0,0,0,784
41.9109918802091,recovery,572,216,0,30,754,0,0,0,784
42.03856387529514,infection,379,215,0,31,754,0,0,0,785
42.05868055499512,recovery,240,215,0,30,755,0,0,0,785
42.0761102439867,recovery,241,215,0,29,756,0,0,0,785
42.13983809208464,recovery,676,215,0,28,757,0,0,0,785
42.21557079185878,recovery,732,215,0,27,758,0,0,0,785
42.253178818741645,infection,251,214,0,28,758,0,0,0,786
42.268688863143495,recovery,582,214,0,27,759,0,0,0,786
42.338273974990294,recovery,639,214,0,26,760,0,0,0,786
42.39398052573689,recovery,294,214,0,25,761,0,0,0,786
42.400465333089244,recovery,591,214,0,24,762,0,0,0,786
42.43603031605059,infection,738,213,0,25,762,0,0,0,787
42.820568818831596,recovery,395,213,0,24,763,0,0,0,787
42.957735050600725,recovery,506,213,0,23,764,0,0,0,787
43.01042154467865,recovery,861,213,0,22,765,0,0,0,787
43.028170266885404,recovery,738,213,0,21,766,0,0,0,787
43.11478179815062,recovery,636,213,0,20,767,0,0,0,787
43.24775110531002,recovery,982,213,0,19,768,0,0,0,787
43.328967841502,recovery,762,213,0,18,769,0,0,0,787
43.38914781009155,recovery,362,213,0,17,770,0,0,0,787
44.05041861649955,infection,425,212,0,18,770,0,0,0,788
44.09455678875052,recovery,396,212,0,17,771,0,0,0,788
44.94471572512438,recovery,669,212,0,16,772,0,0,0,788
45.0922680531887,recovery,752,212,0,15,773,0,0,0,788
45.37712312992291,infection,755,211,0,16,773,0,0,0,789
45.51816225376964,infection,545,210,0,17,773,0,0,0,790
45.990573493359584,recovery,751,210,0,16,774,0,0,0,790
45.99908752183464,recovery,31,210,0,15,775,0,0,0,790
46.04721055766949,infection,103,209,0,16,775,0,0,0,791
46.83737759708883,recovery,379,209,0,15,776,0,0,0,791
47.12444724894748,infection,315,208,0,16,776,0,0,0,792
47.22680630655455,recovery,590,208,0,15,777,0,0,0,792
47.285988796722364,recovery,755,208,0,14,778,0,0,0,792
47.401989516922356,recovery,315,208,0,13,779,0,0,0,792
47.64755239443978,infection,793,207,0,14,779,0,0,0,793
47.70194048099311,recovery,867,207,0,13,780,0,0,0,793
47.94555808802634,recovery,793,207,0,12,781,0,0,0,793
47.96096883369479,recovery,932,207,0,11,782,0,0,0,793
47.98629122544528,infection,284,206,0,12,782,0,0,0,794
48.59362512940024,recovery,251,206,0,11,783,0,0,0,794
48.82924775862817,recovery,696,206,0,10,784,0,0,0,794
49.177047810235926,infection,320,205,0,11,784,0,0,0,795
49.703481327053694,infection,789,204,0,12,784,0,0,0,796
49.72478887350521,infection,490,203,0,13,784,0,0,0,797
49.88777921703876,recovery,545,203,0,12,785,0,0,0,797
50.04428992153408,recovery,103,203,0,11,786,0,0,0,797
50.05038258541465,infection,872,202,0,12,786,0,0,0,798
50.61871151645955,recovery,789,202,0,11,787,0,0,0,798
50.695914732021066,recovery,206,202,0,10,788,0,0,0,798
50.759701389006494,recovery,872,202,0,9,789,0,0,0,798
50.814497842028466,recovery,490,202,0,8,790,0,0,0,798
50.95613132761564,infection,570,201,0,9,790,0,0,0,799
51.02830624553303,recovery,570,201,0,8,791,0,0,0,799
51.394041337982166,infection,887,200,0,9,791,0,0,0,800
51.531134149357776,recovery,110,200,0,8,792,0,0,0,800
52.76353266684819,infection,848,199,0,9,792,0,0,0,801
52.82313722516204,infection,127,198,0,10,792,0,0,0,802
53.01374832678465,infection,223,197,0,11,792,0,0,0,803
53.39971851573667,recovery,231,197,0,10,793,0,0,0,803
53.702882639018995,recovery,425,197,0,9,794,0,0,0,803
53.909262548263676,recovery,320,197,0,8,795,0,0,0,803
54.65957775241607,recovery,717,197,0,7,796,0,0,0,803
55.33246419558455,recovery,382,197,0,6,797,0,0,0,803
55.37079032967409,recovery,13,197,0,5,798,0,0,0,803
55.87830406811571,infection,50,196,0,6,798,0,0,0,804
56.15632582649266,infection,609,195,0,7,798,0,0,0,805
56.41170807151135,infection,895,194,0,8,798,0,0,0,806
56.59738870781332,recovery,895,194,0,7,799,0,0,0,806
57.300559268009,recovery,50,194,0,6,800,0,0,0,806
57.92648523546515,recovery,887,194,0,5,801,0,0,0,806
58.200072360483986,infection,243,193,0,6,801,0,0,0,807
58.920651628679366,infection,576,192,0,7,801,0,0,0,808
59.656692972874694,recovery,243,192,0,6,802,0,0,0,808
60.023313197945,recovery,284,192,0,5,803,0,0,0,808
60.70079078981519,recovery,127,192,0,4,804,0,0,0,808
60.89514810742448,infection,579,191,0,5,804,0,0,0,809
61.2142052597223,infection,881,190,0,6,804,0,0,0,810
61.94602011836124,recovery,848,190,0,5,805,0,0,0,810
62.05063851846405,recovery,881,190,0,4,806,0,0,0,810
62.83736625690092,recovery,223,190,0,3,807,0,0,0,810
63.46797075308029,infection,111,189,0,4,807,0,0,0,811
64.81499495819247,recovery,579,189,0,3,808,0,0,0,811
65.25928726065841,infection,619,188,0,4,808,0,0,0,812
65.92755913838229,infection,630,187,0,5,808,0,0,0,813
66.65238727751735,recovery,576,187,0,4,809,0,0,0,813
67.16997862965128,recovery,619,187,0,3,810,0,0,0,813
69.11535632409912,recovery,609,187,0,2,811,0,0,0,813
69.3374582018059,recovery,111,187,0,1,812,0,0,0,813
69.62600438749217,infection,316,186,0,2,812,0,0,0,814
70.3284713187366,recovery,630,186,0,1,813,0,0,0,814
73.76968087868217,infection,465,185,0,2,813,0,0,0,815
74.59592728559723,infection,888,184,0,3,813,0,0,0,816
77.49165183050852,recovery,465,184,0,2,814,0,0,0,816
78.02329246571391,recovery,316,184,0,1,815,0,0,0,816
78.90357570755731,infection,278,183,0,2,815,0,0,0,817
80.0,horizon,0,183,0,2,815,0,0,0,817
