generation,candidate,rank,crowding,detection_time,beta_detected,migration,quarantine_threshold,death_fraction,peak_fraction,raw_death_fraction,raw_peak_fraction
1,1,13,Inf,8,0.09794294820090395,0.195869590669218,0.10645791180825373,7.154,8.0,0.154,1.0
1,2,4,Inf,5,0.052000557349575004,0.026070839040293226,0.0631463273538432,7.127774774774775,7.970418918918919,0.15466666666666667,0.9973108108108109
1,3,3,Inf,4,0.13157530240628035,0.011553183529970534,0.08288168115055919,6.653259646984359,7.478518945016128,0.12733333333333333,0.9525926313651025
1,4,6,Inf,4,0.16301176711686924,0.19088048515709352,0.03570156061482131,7.138842135575275,7.988826349132802,0.149,0.9989842135575274
1,5,8,Inf,4,0.06722032687956013,0.1390962186129856,0.12150032187687719,7.145,8.0,0.145,1.0
1,6,14,Inf,4,0.15583717040041364,0.1719214726738456,0.13071131323192786,7.1546666666666665,8.0,0.15466666666666667,1.0
1,7,10,Inf,8,0.15186945332730584,0.08113806424287279,0.16381442227769985,7.148333333333333,8.0,0.14833333333333334,1.0
1,8,4,Inf,5,0.05126653337973684,0.014600131623214246,0.11924327029040023,7.126348122866895,7.984982935153584,0.14,0.9986348122866895
1,9,9,Inf,8,0.08818200398726495,0.17656968706952794,0.10446974109164778,7.146,8.0,0.146,1.0
1,10,2,Inf,9,0.09804864980899027,0.00508784514429822,0.11340002042237025,4.93631670769481,5.6126150451309575,0.10666666666666667,0.7829650041028143
1,11,15,Inf,7,0.12589458731730624,0.11904089587486766,0.17689665188195292,7.156666666666666,8.0,0.15666666666666668,1.0
1,12,1,Inf,2,0.024077824921176442,0.20910328820528848,0.09119240455169242,0.0,0.006333333333333333,0.0,0.006333333333333333
1,13,16,Inf,8,0.1486582375127895,0.141514719278475,0.05917519188872346,7.157666666666667,8.0,0.15766666666666668,1.0
1,14,7,Inf,6,0.11426101827448361,0.02632305137132579,0.1403364283720628,7.140664442961976,7.996330887258173,0.144,0.9996664442961974
1,15,11,Inf,5,0.10672273497131333,0.09017391294240878,0.05378955357384828,7.151,8.0,0.151,1.0
1,16,5,Inf,5,0.041910735988120014,0.09894855762273089,0.13283137496798486,7.1368010872251055,7.9796145292809495,0.15533333333333332,0.9981467753891772
1,17,17,Inf,6,0.0696204857993978,0.16233560587919096,0.11863383379367207,7.167,8.0,0.167,1.0
1,18,12,Inf,10,0.07760243468627911,0.14089409543514217,0.03278792741788756,7.152333333333333,8.0,0.15233333333333332,1.0
2,1,1,Inf,2,0.024077824921176442,0.20910328820528848,0.09119240455169242,0.0,0.006333333333333333,0.0,0.006333333333333333
2,2,2,Inf,9,0.09804864980899027,0.00508784514429822,0.11340002042237025,4.93631670769481,5.6126150451309575,0.10666666666666667,0.7829650041028143
2,3,3,Inf,4,0.13157530240628035,0.011553183529970534,0.08288168115055919,6.653259646984359,7.478518945016128,0.12733333333333333,0.9525926313651025
2,4,5,Inf,5,0.052000557349575004,0.026070839040293226,0.0631463273538432,7.127774774774775,7.970418918918919,0.15466666666666667,0.9973108108108109
2,5,6,Inf,5,0.05126653337973684,0.014600131623214246,0.11924327029040023,7.126348122866895,7.984982935153584,0.14,0.9986348122866895
2,6,6,Inf,5,0.041910735988120014,0.09894855762273089,0.13283137496798486,7.1368010872251055,7.9796145292809495,0.15533333333333332,0.9981467753891772
2,7,7,Inf,4,0.16301176711686924,0.19088048515709352,0.03570156061482131,7.138842135575275,7.988826349132802,0.149,0.9989842135575274
2,8,10,Inf,6,0.11426101827448361,0.02632305137132579,0.1403364283720628,7.140664442961976,7.996330887258173,0.144,0.9996664442961974
2,9,11,Inf,4,0.06722032687956013,0.1390962186129856,0.12150032187687719,7.145,8.0,0.145,1.0
2,10,7,Inf,6,0.09439527283939181,0.040763240414406016,0.12318707295397373,7.134931408832963,7.991857883049593,0.14233333333333334,0.999259807549963
2,11,4,Inf,3,0.02168034388911153,0.10106280187585427,0.12514726245092245,7.027121912769312,7.924234104046243,0.096,0.9931121912769312
2,12,5,Inf,4,0.1365563698388539,0.0768701755932643,0.0485624586974857,7.118940985998798,7.9757350845986785,0.141,0.9977940985998799
2,13,4,Inf,3,0.05761355004375625,0.1286561096253392,0.0929728055681812,7.055839390832099,7.918056663248642,0.13033333333333333,0.9925506057498765
2,14,11,Inf,7,0.06761748200113339,0.016091554748562543,0.12311101406662608,7.145333333333332,7.996333333333332,0.14866666666666667,0.9996666666666667
2,15,10,Inf,4,0.08626481971675667,0.09372128080826865,0.11715061220191939,7.14094120307553,7.996268656716417,0.14433333333333334,0.9996607869742198
2,16,6,2.0,4,0.12513580585926498,0.11489946834986639,0.04158277418099171,7.13521906116643,7.980440967283074,0.153,0.998221906116643
2,17,8,Inf,4,0.16380260551409936,0.1435029338791556,0.06460780585859699,7.135380094288855,7.992351437051074,0.14233333333333334,0.9993046760955521
2,18,9,Inf,5,0.09317258481853738,0.16926592243069002,0.080557692068808,7.137488706365502,7.992470910335387,0.14433333333333334,0.999315537303217
3,1,1,Inf,2,0.024077824921176442,0.20910328820528848,0.09119240455169242,0.0,0.006333333333333333,0.0,0.006333333333333333
3,2,2,Inf,9,0.09804864980899027,0.00508784514429822,0.11340002042237025,4.93631670769481,5.6126150451309575,0.10666666666666667,0.7829650041028143
3,3,5,Inf,4,0.13157530240628035,0.011553183529970534,0.08288168115055919,6.653259646984359,7.478518945016128,0.12733333333333333,0.9525926313651025
3,4,7,Inf,3,0.02168034388911153,0.10106280187585427,0.12514726245092245,7.027121912769312,7.924234104046243,0.096,0.9931121912769312
3,5,7,2.0,3,0.05761355004375625,0.1286561096253392,0.0929728055681812,7.055839390832099,7.918056663248642,0.13033333333333333,0.9925506057498765
3,6,9,Inf,5,0.052000557349575004,0.026070839040293226,0.0631463273538432,7.127774774774775,7.970418918918919,0.15466666666666667,0.9973108108108109
3,7,8,Inf,4,0.1365563698388539,0.0768701755932643,0.0485624586974857,7.118940985998798,7.9757350845986785,0.141,0.9977940985998799
3,8,9,Inf,5,0.05126653337973684,0.014600131623214246,0.11924327029040023,7.126348122866895,7.984982935153584,0.14,0.9986348122866895
3,9,10,Inf,5,0.041910735988120014,0.09894855762273089,0.13283137496798486,7.1368010872251055,7.9796145292809495,0.15533333333333332,0.9981467753891772
3,10,3,Inf,5,0.09375087096143461,0.012219805001069698,0.07710878838507129,6.1153595047934015,6.888295455272742,0.126,0.8989359504793402
3,11,6,Inf,3,0.041448765339479623,0.1285307777290808,0.10306564660836917,7.023958605683893,7.868321132918949,0.14366666666666666,0.9880291939017227
3,12,7,Inf,5,0.03529168988378175,0.019104670252231018,0.10648773975346902,7.064299473681191,7.9130627543826435,0.14333333333333334,0.9920966140347858
3,13,8,Inf,4,0.042004394348390095,0.07868117567601147,0.0634604943415699,7.125435313878203,7.9667455119326895,0.15566666666666668,0.9969768647211535
3,14,12,Inf,4,0.06307587138855744,0.11141442555079012,0.08559793383715678,7.141990196078432,7.995955882352942,0.14566666666666667,0.9996323529411765
3,15,13,Inf,8,0.09013941946253515,0.10614722306265494,0.08860608826403496,7.148666666666666,8.0,0.14866666666666667,1.0
3,16,4,Inf,4,0.0858617983197529,0.03141823282403045,0.05345626506283754,6.474281638624724,7.279809802487197,0.129,0.9345281638624725
3,17,11,Inf,7,0.09568175327268975,0.0174544820271247,0.13700542386999887,7.141427083333334,7.995703125000001,0.14533333333333334,0.999609375
3,18,14,Inf,5,0.07238719762344309,0.1003455996031661,0.0945743958225952,7.152,8.0,0.152,1.0
4,1,1,Inf,2,0.024077824921176442,0.20910328820528848,0.09119240455169242,0.0,0.006333333333333333,0.0,0.006333333333333333
4,2,5,Inf,9,0.09804864980899027,0.00508784514429822,0.11340002042237025,4.93631670769481,5.6126150451309575,0.10666666666666667,0.7829650041028143
4,3,6,Inf,5,0.09375087096143461,0.012219805001069698,0.07710878838507129,6.1153595047934015,6.888295455272742,0.126,0.8989359504793402
4,4,7,Inf,4,0.0858617983197529,0.03141823282403045,0.05345626506283754,6.474281638624724,7.279809802487197,0.129,0.9345281638624725
4,5,8,Inf,4,0.13157530240628035,0.011553183529970534,0.08288168115055919,6.653259646984359,7.478518945016128,0.12733333333333333,0.9525926313651025
4,6,9,Inf,3,0.041448765339479623,0.1285307777290808,0.10306564660836917,7.023958605683893,7.868321132918949,0.14366666666666666,0.9880291939017227
4,7,10,Inf,3,0.02168034388911153,0.10106280187585427,0.12514726245092245,7.027121912769312,7.924234104046243,0.096,0.9931121912769312
4,8,10,Inf,5,0.03529168988378175,0.019104670252231018,0.10648773975346902,7.064299473681191,7.9130627543826435,0.14333333333333334,0.9920966140347858
4,9,10,2.0,3,0.05761355004375625,0.1286561096253392,0.0929728055681812,7.055839390832099,7.918056663248642,0.13033333333333333,0.9925506057498765
4,10,14,Inf,4,0.13041761118047276,0.06811952603285637,0.0447032510249445,7.143666666666666,8.0,0.14366666666666666,1.0
4,11,2,Inf,7,0.06380394673482281,0.0,0.09417185501243426,0.38099999999999995,0.6666666666666665,0.04766666666666667,0.3333333333333333
4,12,3,Inf,3,0.04124434792351286,0.060302074900893086,0.0741230642699985,2.0771620626151015,2.517411602209945,0.06133333333333333,0.5015828729281768
4,13,4,Inf,5,0.04670328797068087,0.006128676888594271,0.10925082563452353,3.6502315729608914,4.222488063590314,0.08433333333333333,0.6565898239627558
4,14,11,Inf,6,0.11968084746976784,0.02283064418080017,0.09482289734838388,7.129362061381727,7.977298267519899,0.15,0.9979362061381727
4,15,13,Inf,4,0.04153103683792117,0.10162892782152609,0.07070755952651563,7.143281426314601,7.996276235612728,0.14666666666666667,0.9996614759647935
4,16,9,Inf,3,0.03887034956576117,0.16626718827284134,0.09554609400933861,7.00940307498894,7.8823767158211675,0.11633333333333333,0.9893069741655606
4,17,15,Inf,9,0.0925342854311674,0.03997330840647952,0.109838984057567,7.155,8.0,0.155,1.0
4,18,12,Inf,5,0.13601726834509129,0.033820925307536054,0.0732525392517754,7.141286116983791,7.992248062015503,0.14833333333333334,0.9992952783650457
5,1,2,Inf,2,0.024077824921176442,0.20910328820528848,0.09119240455169242,0.0,0.006333333333333333,0.0,0.006333333333333333
5,2,3,Inf,7,0.06380394673482281,0.0,0.09417185501243426,0.38099999999999995,0.6666666666666665,0.04766666666666667,0.3333333333333333
5,3,6,Inf,3,0.04124434792351286,0.060302074900893086,0.0741230642699985,2.0771620626151015,2.517411602209945,0.06133333333333333,0.5015828729281768
5,4,7,Inf,5,0.04670328797068087,0.006128676888594271,0.10925082563452353,3.6502315729608914,4.222488063590314,0.08433333333333333,0.6565898239627558
5,5,8,Inf,9,0.09804864980899027,0.00508784514429822,0.11340002042237025,4.93631670769481,5.6126150451309575,0.10666666666666667,0.7829650041028143
5,6,9,Inf,5,0.09375087096143461,0.012219805001069698,0.07710878838507129,6.1153595047934015,6.888295455272742,0.126,0.8989359504793402
5,7,10,Inf,4,0.0858617983197529,0.03141823282403045,0.05345626506283754,6.474281638624724,7.279809802487197,0.129,0.9345281638624725
5,8,11,Inf,4,0.13157530240628035,0.011553183529970534,0.08288168115055919,6.653259646984359,7.478518945016128,0.12733333333333333,0.9525926313651025
5,9,14,Inf,3,0.041448765339479623,0.1285307777290808,0.10306564660836917,7.023958605683893,7.868321132918949,0.14366666666666666,0.9880291939017227
5,10,1,Inf,2,0.01601791598100073,0.20323671300693968,0.10198848581858364,0.0,0.003,0.0,0.003
5,11,15,Inf,4,0.04597532698378361,0.08972724943428663,0.07736408136164752,7.117845718329795,7.984430290162774,0.132,0.9985845718329796
5,12,12,Inf,5,0.043431222958005,0.022313737829950046,0.0862504221156272,6.745653944020357,7.580152671755726,0.12733333333333333,0.9618320610687023
5,13,16,Inf,4,0.12044604795814827,0.02980631888274478,0.10774373676528069,7.133472450404589,7.988786362111715,0.14366666666666666,0.9989805783737923
5,14,15,Inf,4,0.08949926332501225,0.03798856295861085,0.10453610709279071,7.119449621475216,7.975927916956071,0.14133333333333334,0.9978116288141883
5,15,13,Inf,5,0.10041377170281066,0.042400151066183646,0.057742577406377865,6.833696787148595,7.664533132530122,0.13866666666666666,0.9695030120481928
5,16,5,Inf,5,0.04349034883158841,0.0,0.0917213683006178,0.38333333333333325,0.6666666666666665,0.05,0.3333333333333333
5,17,16,Inf,5,0.0742880959263757,0.1479514603348788,0.09224234429443579,7.123657765910102,7.992656875834445,0.13033333333333333,0.9993324432576769
5,18,4,Inf,5,0.09530430004562167,0.0,0.0721397530718554,0.3819999999999999,0.6666666666666665,0.048666666666666664,0.3333333333333333
6,1,1,Inf,2,0.01601791598100073,0.20323671300693968,0.10198848581858364,0.0,0.003,0.0,0.003
6,2,3,Inf,2,0.024077824921176442,0.20910328820528848,0.09119240455169242,0.0,0.006333333333333333,0.0,0.006333333333333333
6,3,4,Inf,7,0.06380394673482281,0.0,0.09417185501243426,0.38099999999999995,0.6666666666666665,0.04766666666666667,0.3333333333333333
6,4,5,Inf,5,0.09530430004562167,0.0,0.0721397530718554,0.3819999999999999,0.6666666666666665,0.048666666666666664,0.3333333333333333
6,5,6,Inf,5,0.04349034883158841,0.0,0.0917213683006178,0.38333333333333325,0.6666666666666665,0.05,0.3333333333333333
6,6,11,Inf,3,0.04124434792351286,0.060302074900893086,0.0741230642699985,2.0771620626151015,2.517411602209945,0.06133333333333333,0.5015828729281768
6,7,12,Inf,5,0.04670328797068087,0.006128676888594271,0.10925082563452353,3.6502315729608914,4.222488063590314,0.08433333333333333,0.6565898239627558
6,8,14,Inf,9,0.09804864980899027,0.00508784514429822,0.11340002042237025,4.93631670769481,5.6126150451309575,0.10666666666666667,0.7829650041028143
6,9,15,Inf,5,0.09375087096143461,0.012219805001069698,0.07710878838507129,6.1153595047934015,6.888295455272742,0.126,0.8989359504793402
6,10,8,Inf,7,0.0705029551771798,0.000530887983094374,0.09046618369181611,0.39811185234600865,0.6825563709139428,0.050333333333333334,0.3347778519012675
6,11,13,Inf,7,0.0980723256029974,0.010629412194866954,0.08498673189345544,4.521313879909304,5.1700452679002336,0.094,0.7427313879909303
6,12,17,Inf,3,0.04550296148185149,0.0758839195136089,0.08771549257812102,7.0317291280148435,7.9051020408163275,0.118,0.9913729128014843
6,13,17,Inf,3,0.04345190399304334,0.10957494432625747,0.13208349938495476,7.040626880667484,7.888489568734233,0.142,0.9898626880667485
6,14,10,Inf,3,0.02780889819123891,0.09269802438754236,0.09165289335561036,2.035206506364922,2.476760490334748,0.05633333333333333,0.4978873173031589
6,15,9,Inf,3,0.01,0.15209544002284386,0.11134124304666439,1.9504122137404583,2.375053435114504,0.064,0.4886412213740458
6,16,2,Inf,2,0.04485954696579811,0.16438620566074133,0.10835650701945203,0.0,0.004333333333333333,0.0,0.004333333333333333
6,17,16,Inf,3,0.02969395289900557,0.13634369637385524,0.08326542697575902,6.992209956170242,7.885464285120601,0.09633333333333334,0.989587662283691
6,18,7,Inf,5,0.06703153176693093,0.0,0.0729219007285747,0.3856666666666666,0.6666666666666665,0.052333333333333336,0.3333333333333333
7,1,1,Inf,2,0.01601791598100073,0.20323671300693968,0.10198848581858364,0.0,0.003,0.0,0.003
7,2,2,Inf,2,0.04485954696579811,0.16438620566074133,0.10835650701945203,0.0,0.004333333333333333,0.0,0.004333333333333333
7,3,3,Inf,2,0.024077824921176442,0.20910328820528848,0.09119240455169242,0.0,0.006333333333333333,0.0,0.006333333333333333
7,4,8,Inf,7,0.06380394673482281,0.0,0.09417185501243426,0.38099999999999995,0.6666666666666665,0.04766666666666667,0.3333333333333333
7,5,9,Inf,5,0.09530430004562167,0.0,0.0721397530718554,0.3819999999999999,0.6666666666666665,0.048666666666666664,0.3333333333333333
7,6,10,Inf,5,0.04349034883158841,0.0,0.0917213683006178,0.38333333333333325,0.6666666666666665,0.05,0.3333333333333333
7,7,12,Inf,5,0.06703153176693093,0.0,0.0729219007285747,0.3856666666666666,0.6666666666666665,0.052333333333333336,0.3333333333333333
7,8,14,Inf,7,0.0705029551771798,0.000530887983094374,0.09046618369181611,0.39811185234600865,0.6825563709139428,0.050333333333333334,0.3347778519012675
7,9,15,Inf,3,0.01,0.15209544002284386,0.11134124304666439,1.9504122137404583,2.375053435114504,0.064,0.4886412213740458
7,10,11,Inf,5,0.041098111806156856,0.0,0.08476645668827164,0.3846666666666666,0.6666666666666665,0.051333333333333335,0.3333333333333333
7,11,7,Inf,4,0.07961293552346049,0.0,0.05800928512140782,0.3814429619746501,0.6642205915054484,0.050333333333333334,0.33311096286413167
7,12,13,Inf,5,0.061786973018294805,0.0,0.07520610511957909,0.3936666666666666,0.6666666666666665,0.060333333333333336,0.3333333333333333
7,13,17,Inf,5,0.06680975321024243,0.058541580778446824,0.09482883450061365,7.143360989810771,7.995997088791848,0.147,0.9996360989810771
7,14,4,Inf,2,0.017556339366256713,0.17219832149803732,0.12094273752157686,0.0,0.007666666666666667,0.0,0.007666666666666667
7,15,5,Inf,2,0.04634906236721126,0.19601627700906807,0.08564076313827089,0.0,0.010666666666666666,0.0,0.010666666666666666
7,16,7,Inf,7,0.07289029357088159,0.0,0.08998676388650252,0.3776666666666666,0.6666666666666665,0.044333333333333336,0.3333333333333333
7,17,16,Inf,3,0.030271646153762165,0.17254654388690305,0.07546501101250107,6.9947652222259915,7.863341744448591,0.119,0.9875765222225992
7,18,6,Inf,2,0.04445660415446959,0.17545622933736804,0.0970260775702197,0.0016666666666666668,0.029722778891115565,0.0016666666666666668,0.029722778891115565
