philosophers,right_rate,replication,variant,deadlock,events,meals,throughput,fairness,observed_until
3,0.4,1,Классическая,true,3,0,0.0,0.0,0.44960681633189165
3,0.4,1,С арбитром,false,42,13,0.26,0.8666666666666667,50.0
3,0.4,2,Классическая,true,3,0,0.0,0.0,0.3564125945329417
3,0.4,2,С арбитром,false,56,18,0.36,0.9310344827586207,50.0
3,0.4,3,Классическая,true,3,0,0.0,0.0,0.5753336277905586
3,0.4,3,С арбитром,false,38,12,0.24,0.96,50.0
3,0.4,4,Классическая,true,3,0,0.0,0.0,0.48229981922714577
3,0.4,4,С арбитром,false,50,16,0.32,0.8707482993197279,50.0
3,0.4,5,Классическая,true,3,0,0.0,0.0,0.6185731553504467
3,0.4,5,С арбитром,false,59,19,0.38,0.9944903581267218,50.0
3,0.4,6,Классическая,true,3,0,0.0,0.0,0.46774288645256323
3,0.4,6,С арбитром,false,50,16,0.32,0.9481481481481482,50.0
3,0.4,7,Классическая,true,6,1,0.02,0.3333333333333333,1.1827800378089521
3,0.4,7,С арбитром,false,36,11,0.22,0.983739837398374,50.0
3,0.4,8,Классическая,true,9,2,0.04,0.6666666666666666,1.8425035731319295
3,0.4,8,С арбитром,false,44,14,0.28,0.98989898989899,50.0
3,0.4,9,Классическая,true,3,0,0.0,0.0,0.3493211599729999
3,0.4,9,С арбитром,false,58,19,0.38,0.9626666666666667,50.0
3,0.4,10,Классическая,true,3,0,0.0,0.0,0.23611126796427073
3,0.4,10,С арбитром,false,33,10,0.2,0.8771929824561403,50.0
3,0.4,11,Классическая,true,3,0,0.0,0.0,0.6275038071418613
3,0.4,11,С арбитром,false,44,14,0.28,0.9333333333333333,50.0
3,0.4,12,Классическая,true,6,1,0.02,0.3333333333333333,1.897629247015416
3,0.4,12,С арбитром,false,60,19,0.38,0.8534278959810875,50.0
3,0.8,1,Классическая,true,3,0,0.0,0.0,0.6178290668516218
3,0.8,1,С арбитром,false,71,23,0.46,0.9742173112338858,50.0
3,0.8,2,Классическая,true,3,0,0.0,0.0,0.38848972327816045
3,0.8,2,С арбитром,false,75,24,0.48,0.8888888888888888,50.0
3,0.8,3,Классическая,true,3,0,0.0,0.0,1.272561580225072
3,0.8,3,С арбитром,false,90,29,0.58,0.9700115340253749,50.0
3,0.8,4,Классическая,true,3,0,0.0,0.0,1.1467409683441014
3,0.8,4,С арбитром,false,54,17,0.34,0.9730639730639731,50.0
3,0.8,5,Классическая,true,6,1,0.02,0.3333333333333333,0.685326617122202
3,0.8,5,С арбитром,false,62,20,0.4,0.8658008658008658,50.0
3,0.8,6,Классическая,true,3,0,0.0,0.0,0.602961323015824
3,0.8,6,С арбитром,false,67,22,0.44,0.8962962962962963,50.0
3,0.8,7,Классическая,true,3,0,0.0,0.0,1.533527049120408
3,0.8,7,С арбитром,false,73,24,0.48,0.9896907216494846,50.0
3,0.8,8,Классическая,true,3,0,0.0,0.0,0.541603834965663
3,0.8,8,С арбитром,false,71,23,0.46,0.9531531531531532,50.0
3,0.8,9,Классическая,true,3,0,0.0,0.0,0.3240081129199538
3,0.8,9,С арбитром,false,78,25,0.5,0.9968102073365231,50.0
3,0.8,10,Классическая,true,6,1,0.02,0.3333333333333333,1.3763929894778573
3,0.8,10,С арбитром,false,77,25,0.5,0.9873617693522907,50.0
3,0.8,11,Классическая,true,3,0,0.0,0.0,0.5002217249362583
3,0.8,11,С арбитром,false,69,22,0.44,0.8316151202749141,50.0
3,0.8,12,Классическая,true,3,0,0.0,0.0,0.4458909730657277
3,0.8,12,С арбитром,false,77,25,0.5,0.9512937595129376,50.0
3,1.2,1,Классическая,true,21,6,0.12,0.8571428571428571,10.393252487961515
3,1.2,1,С арбитром,false,81,26,0.52,0.9159891598915989,50.0
3,1.2,2,Классическая,true,15,4,0.08,0.8888888888888888,5.750571187645987
3,1.2,2,С арбитром,false,74,24,0.48,0.7218045112781954,50.0
3,1.2,3,Классическая,true,3,0,0.0,0.0,0.3688918005220039
3,1.2,3,С арбитром,false,101,33,0.66,0.9331619537275064,50.0
3,1.2,4,Классическая,true,3,0,0.0,0.0,0.8786514333017905
3,1.2,4,С арбитром,false,101,33,0.66,1.0,50.0
3,1.2,5,Классическая,true,3,0,0.0,0.0,0.22972999443648193
3,1.2,5,С арбитром,false,74,24,0.48,0.9320388349514563,50.0
3,1.2,6,Классическая,true,3,0,0.0,0.0,1.5201316214940204
3,1.2,6,С арбитром,false,66,21,0.42,0.9483870967741935,50.0
3,1.2,7,Классическая,true,3,0,0.0,0.0,0.19667322020025266
3,1.2,7,С арбитром,false,96,31,0.62,0.9619619619619619,50.0
3,1.2,8,Классическая,true,6,1,0.02,0.3333333333333333,1.0280000285355264
3,1.2,8,С арбитром,false,63,20,0.4,0.9259259259259259,50.0
3,1.2,9,Классическая,true,3,0,0.0,0.0,1.7621386012127718
3,1.2,9,С арбитром,false,90,29,0.58,0.9313399778516057,50.0
3,1.2,10,Классическая,true,3,0,0.0,0.0,0.33296867910341643
3,1.2,10,С арбитром,false,68,22,0.44,0.8864468864468864,50.0
3,1.2,11,Классическая,true,3,0,0.0,0.0,1.1383448527366586
3,1.2,11,С арбитром,false,88,29,0.58,0.9072276159654801,50.0
3,1.2,12,Классическая,true,6,1,0.02,0.3333333333333333,1.4546222521287673
3,1.2,12,С арбитром,false,111,36,0.72,0.968609865470852,50.0
5,0.4,1,Классическая,true,5,0,0.0,0.0,0.6977387557488526
5,0.4,1,С арбитром,false,37,11,0.22,0.7806451612903226,50.0
5,0.4,2,Классическая,true,8,1,0.02,0.2,2.0028294884379925
5,0.4,2,С арбитром,false,43,13,0.26,0.7191489361702128,50.0
5,0.4,3,Классическая,true,8,1,0.02,0.2,1.420803932081135
5,0.4,3,С арбитром,false,34,10,0.2,0.7692307692307693,50.0
5,0.4,4,Классическая,true,8,1,0.02,0.2,2.676266734988501
5,0.4,4,С арбитром,false,28,8,0.16,0.4266666666666667,50.0
5,0.4,5,Классическая,true,5,0,0.0,0.0,0.38449553952816096
5,0.4,5,С арбитром,false,41,12,0.24,0.6260869565217392,50.0
5,0.4,6,Классическая,true,5,0,0.0,0.0,2.0368774242130865
5,0.4,6,С арбитром,false,37,11,0.22,0.7806451612903226,50.0
5,0.4,7,Классическая,true,5,0,0.0,0.0,0.65919229431715
5,0.4,7,С арбитром,false,58,18,0.36,0.5785714285714286,50.0
5,0.4,8,Классическая,true,5,0,0.0,0.0,0.8710566884105613
5,0.4,8,С арбитром,false,55,17,0.34,0.9475409836065574,50.0
5,0.4,9,Классическая,true,5,0,0.0,0.0,0.5916279851725359
5,0.4,9,С арбитром,false,63,20,0.4,0.851063829787234,50.0
5,0.4,10,Классическая,true,5,0,0.0,0.0,0.407750400966515
5,0.4,10,С арбитром,false,47,14,0.28,0.8521739130434782,50.0
5,0.4,11,Классическая,true,5,0,0.0,0.0,0.8097563475633198
5,0.4,11,С арбитром,false,43,13,0.26,0.8666666666666667,50.0
5,0.4,12,Классическая,true,5,0,0.0,0.0,1.857507743469697
5,0.4,12,С арбитром,false,52,16,0.32,0.7314285714285714,50.0
5,0.8,1,Классическая,true,11,2,0.04,0.4,4.185299825350465
5,0.8,1,С арбитром,false,76,24,0.48,0.8861538461538462,50.0
5,0.8,2,Классическая,true,5,0,0.0,0.0,1.7627785623047503
5,0.8,2,С арбитром,false,61,19,0.38,0.8494117647058823,50.0
5,0.8,3,Классическая,true,11,2,0.04,0.4,3.9773256390054392
5,0.8,3,С арбитром,false,58,18,0.36,0.9257142857142857,50.0
5,0.8,4,Классическая,true,5,0,0.0,0.0,0.5660752948251556
5,0.8,4,С арбитром,false,58,18,0.36,0.8756756756756757,50.0
5,0.8,5,Классическая,true,8,1,0.02,0.2,0.8691026496042314
5,0.8,5,С арбитром,false,66,21,0.42,0.7170731707317073,50.0
5,0.8,6,Классическая,true,5,0,0.0,0.0,0.6024414909556159
5,0.8,6,С арбитром,false,70,22,0.44,0.7934426229508197,50.0
5,0.8,7,Классическая,true,8,1,0.02,0.2,1.1751216790299117
5,0.8,7,С арбитром,false,66,21,0.42,0.84,50.0
5,0.8,8,Классическая,true,5,0,0.0,0.0,1.208461100368403
5,0.8,8,С арбитром,false,80,25,0.5,0.8865248226950354,50.0
5,0.8,9,Классическая,true,5,0,0.0,0.0,0.36649048558683844
5,0.8,9,С арбитром,false,73,23,0.46,0.9531531531531532,50.0
5,0.8,10,Классическая,true,5,0,0.0,0.0,0.7873713383917
5,0.8,10,С арбитром,false,61,19,0.38,0.8494117647058823,50.0
5,0.8,11,Классическая,true,5,0,0.0,0.0,1.0781190726925654
5,0.8,11,С арбитром,false,71,22,0.44,0.7223880597014926,50.0
5,0.8,12,Классическая,true,5,0,0.0,0.0,0.4325365495719184
5,0.8,12,С арбитром,false,70,22,0.44,0.9490196078431372,50.0
5,1.2,1,Классическая,true,5,0,0.0,0.0,0.641355446962801
5,1.2,1,С арбитром,false,105,34,0.68,0.7605263157894737,50.0
5,1.2,2,Классическая,true,8,1,0.02,0.2,1.8674072721317796
5,1.2,2,С арбитром,false,70,22,0.44,0.8491228070175438,50.0
5,1.2,3,Классическая,true,5,0,0.0,0.0,0.4763497440470702
5,1.2,3,С арбитром,false,97,31,0.62,0.9023474178403755,50.0
5,1.2,4,Классическая,true,14,3,0.06,0.36,3.2293348326438043
5,1.2,4,С арбитром,false,100,32,0.64,0.8062992125984252,50.0
5,1.2,5,Классическая,true,11,2,0.04,0.2,3.669148758077827
5,1.2,5,С арбитром,false,82,26,0.52,0.9797101449275363,50.0
5,1.2,6,Классическая,true,5,0,0.0,0.0,0.39629303523282
5,1.2,6,С арбитром,false,78,25,0.5,0.9541984732824428,50.0
5,1.2,7,Классическая,true,11,2,0.04,0.4,2.040243148017226
5,1.2,7,С арбитром,false,80,25,0.5,0.8741258741258742,50.0
5,1.2,8,Классическая,true,8,1,0.02,0.2,3.4824842247190553
5,1.2,8,С арбитром,false,83,26,0.52,0.8144578313253013,50.0
5,1.2,9,Классическая,true,5,0,0.0,0.0,1.293308176912606
5,1.2,9,С арбитром,false,89,28,0.56,0.9333333333333333,50.0
5,1.2,10,Классическая,true,17,4,0.08,0.5333333333333333,5.47322511454764
5,1.2,10,С арбитром,false,105,34,0.68,0.9102362204724409,50.0
5,1.2,11,Классическая,true,5,0,0.0,0.0,1.0944228422879136
5,1.2,11,С арбитром,false,88,28,0.56,0.9223529411764706,50.0
5,1.2,12,Классическая,true,11,2,0.04,0.2,3.0973962261193178
5,1.2,12,С арбитром,false,86,27,0.54,0.9055900621118013,50.0
7,0.4,1,Классическая,true,10,1,0.02,0.14285714285714285,2.0005809863332704
7,0.4,1,С арбитром,false,51,15,0.3,0.7142857142857143,50.0
7,0.4,2,Классическая,true,7,0,0.0,0.0,0.7602932427391048
7,0.4,2,С арбитром,false,52,15,0.3,0.7142857142857143,50.0
7,0.4,3,Классическая,true,7,0,0.0,0.0,0.5980817018412964
7,0.4,3,С арбитром,false,55,16,0.32,0.7314285714285714,50.0
7,0.4,4,Классическая,true,16,3,0.06,0.42857142857142855,3.005819738120241
7,0.4,4,С арбитром,false,48,14,0.28,0.9333333333333333,50.0
7,0.4,5,Классическая,true,7,0,0.0,0.0,2.2541676328602223
7,0.4,5,С арбитром,false,39,11,0.22,0.49387755102040815,50.0
7,0.4,6,Классическая,true,10,1,0.02,0.14285714285714285,3.3936292832022947
7,0.4,6,С арбитром,false,30,8,0.16,0.9142857142857143,50.0
7,0.4,7,Классическая,true,7,0,0.0,0.0,0.7984141268643317
7,0.4,7,С арбитром,false,54,16,0.32,0.7619047619047619,50.0
7,0.4,8,Классическая,true,7,0,0.0,0.0,0.6476645892602615
7,0.4,8,С арбитром,false,51,15,0.3,0.8241758241758241,50.0
7,0.4,9,Классическая,true,7,0,0.0,0.0,0.7595710600026577
7,0.4,9,С арбитром,false,45,13,0.26,0.3219047619047619,50.0
7,0.4,10,Классическая,true,10,1,0.02,0.14285714285714285,2.867935068031184
7,0.4,10,С арбитром,false,57,17,0.34,0.8425655976676385,50.0
7,0.4,11,Классическая,true,7,0,0.0,0.0,1.4435261162520368
7,0.4,11,С арбитром,false,61,18,0.36,0.8571428571428571,50.0
7,0.4,12,Классическая,true,10,1,0.02,0.14285714285714285,2.992697155729438
7,0.4,12,С арбитром,false,34,9,0.18,0.37327188940092165,50.0
7,0.8,1,Классическая,true,7,0,0.0,0.0,1.1394622976938797
7,0.8,1,С арбитром,false,78,24,0.48,0.7480519480519481,50.0
7,0.8,2,Классическая,true,10,1,0.02,0.14285714285714285,0.9712876540834209
7,0.8,2,С арбитром,false,85,26,0.52,0.8941798941798942,50.0
7,0.8,3,Классическая,true,7,0,0.0,0.0,0.3793115498125592
7,0.8,3,С арбитром,false,71,22,0.44,0.9097744360902256,50.0
7,0.8,4,Классическая,true,13,2,0.04,0.2857142857142857,3.0074332818068905
7,0.8,4,С арбитром,false,85,26,0.52,0.8941798941798942,50.0
7,0.8,5,Классическая,true,13,2,0.04,0.2857142857142857,2.416084189334579
7,0.8,5,С арбитром,false,90,28,0.56,0.9333333333333333,50.0
7,0.8,6,Классическая,true,7,0,0.0,0.0,0.8542116078233318
7,0.8,6,С арбитром,false,58,17,0.34,0.8425655976676385,50.0
7,0.8,7,Классическая,true,10,1,0.02,0.14285714285714285,1.4323050866589107
7,0.8,7,С арбитром,false,79,24,0.48,0.8396501457725948,50.0
7,0.8,8,Классическая,true,16,3,0.06,0.42857142857142855,2.193144607839762
7,0.8,8,С арбитром,false,72,22,0.44,0.7682539682539683,50.0
7,0.8,9,Классическая,true,7,0,0.0,0.0,0.6978507599726269
7,0.8,9,С арбитром,false,85,26,0.52,0.720682302771855,50.0
7,0.8,10,Классическая,true,10,1,0.02,0.14285714285714285,1.2926479642203896
7,0.8,10,С арбитром,false,79,24,0.48,0.8571428571428571,50.0
7,0.8,11,Классическая,true,10,1,0.02,0.14285714285714285,1.5578379674858305
7,0.8,11,С арбитром,false,69,21,0.42,0.863013698630137,50.0
7,0.8,12,Классическая,true,10,1,0.02,0.14285714285714285,1.3255484930883483
7,0.8,12,С арбитром,false,96,30,0.6,0.7839721254355401,50.0
7,1.2,1,Классическая,true,19,4,0.08,0.38095238095238093,2.8201837927016453
7,1.2,1,С арбитром,false,90,28,0.56,0.9655172413793104,50.0
7,1.2,2,Классическая,true,7,0,0.0,0.0,1.1966576642800542
7,1.2,2,С арбитром,false,73,22,0.44,0.9343629343629344,50.0
7,1.2,3,Классическая,true,10,1,0.02,0.14285714285714285,2.976090573231896
7,1.2,3,С арбитром,false,101,32,0.64,0.9377289377289377,50.0
7,1.2,4,Классическая,true,16,3,0.06,0.42857142857142855,2.3396267887988493
7,1.2,4,С арбитром,false,69,21,0.42,0.7590361445783133,50.0
7,1.2,5,Классическая,true,10,1,0.02,0.14285714285714285,2.0936623606007716
7,1.2,5,С арбитром,false,103,32,0.64,0.9029982363315696,50.0
7,1.2,6,Классическая,true,10,1,0.02,0.14285714285714285,4.474680868937624
7,1.2,6,С арбитром,false,72,22,0.44,0.8231292517006803,50.0
7,1.2,7,Классическая,true,7,0,0.0,0.0,0.4470714383574
7,1.2,7,С арбитром,false,84,26,0.52,0.8047619047619048,50.0
7,1.2,8,Классическая,true,10,1,0.02,0.14285714285714285,0.8877272463944568
7,1.2,8,С арбитром,false,83,26,0.52,0.8941798941798942,50.0
7,1.2,9,Классическая,true,7,0,0.0,0.0,0.49494326904908165
7,1.2,9,С арбитром,false,79,24,0.48,0.8753799392097265,50.0
7,1.2,10,Классическая,true,10,1,0.02,0.14285714285714285,1.5835932823328869
7,1.2,10,С арбитром,false,105,33,0.66,0.9315654405474765,50.0
7,1.2,11,Классическая,true,10,1,0.02,0.14285714285714285,1.2349654678323805
7,1.2,11,С арбитром,false,69,21,0.42,0.7241379310344828,50.0
7,1.2,12,Классическая,true,19,4,0.08,0.5714285714285714,4.535215697364537
7,1.2,12,С арбитром,false,101,32,0.64,0.9499072356215214,50.0
